[2025-11-15T00:00:18.433+0000] {processor.py:157} INFO - Started process (PID=8124) to work on /opt/airflow/dags/dbt_dag.py
[2025-11-15T00:00:18.433+0000] {processor.py:829} INFO - Processing file /opt/airflow/dags/dbt_dag.py for tasks to queue
[2025-11-15T00:00:18.434+0000] {logging_mixin.py:151} INFO - [2025-11-15T00:00:18.434+0000] {dagbag.py:539} INFO - Filling up the DagBag from /opt/airflow/dags/dbt_dag.py
[2025-11-15T00:00:18.453+0000] {processor.py:839} INFO - DAG(s) dict_keys(['dbt_transform']) retrieved from /opt/airflow/dags/dbt_dag.py
[2025-11-15T00:00:18.479+0000] {logging_mixin.py:151} INFO - [2025-11-15T00:00:18.479+0000] {dag.py:2915} INFO - Sync 1 DAGs
[2025-11-15T00:00:18.496+0000] {logging_mixin.py:151} INFO - [2025-11-15T00:00:18.495+0000] {dag.py:3696} INFO - Setting next_dagrun for dbt_transform to 2025-11-14T23:55:35.634758+00:00, run_after=2025-11-15T00:00:35.634758+00:00
[2025-11-15T00:00:18.516+0000] {processor.py:179} INFO - Processing /opt/airflow/dags/dbt_dag.py took 0.086 seconds
[2025-11-15T00:00:48.698+0000] {processor.py:157} INFO - Started process (PID=8154) to work on /opt/airflow/dags/dbt_dag.py
[2025-11-15T00:00:48.699+0000] {processor.py:829} INFO - Processing file /opt/airflow/dags/dbt_dag.py for tasks to queue
[2025-11-15T00:00:48.700+0000] {logging_mixin.py:151} INFO - [2025-11-15T00:00:48.700+0000] {dagbag.py:539} INFO - Filling up the DagBag from /opt/airflow/dags/dbt_dag.py
[2025-11-15T00:00:48.725+0000] {processor.py:839} INFO - DAG(s) dict_keys(['dbt_transform']) retrieved from /opt/airflow/dags/dbt_dag.py
[2025-11-15T00:00:48.754+0000] {logging_mixin.py:151} INFO - [2025-11-15T00:00:48.754+0000] {dag.py:2915} INFO - Sync 1 DAGs
[2025-11-15T00:00:48.772+0000] {logging_mixin.py:151} INFO - [2025-11-15T00:00:48.772+0000] {dag.py:3696} INFO - Setting next_dagrun for dbt_transform to 2025-11-15T00:00:35.634758+00:00, run_after=2025-11-15T00:05:35.634758+00:00
[2025-11-15T00:00:48.791+0000] {processor.py:179} INFO - Processing /opt/airflow/dags/dbt_dag.py took 0.095 seconds
[2025-11-15T00:01:18.872+0000] {processor.py:157} INFO - Started process (PID=8159) to work on /opt/airflow/dags/dbt_dag.py
[2025-11-15T00:01:18.873+0000] {processor.py:829} INFO - Processing file /opt/airflow/dags/dbt_dag.py for tasks to queue
[2025-11-15T00:01:18.874+0000] {logging_mixin.py:151} INFO - [2025-11-15T00:01:18.874+0000] {dagbag.py:539} INFO - Filling up the DagBag from /opt/airflow/dags/dbt_dag.py
[2025-11-15T00:01:18.895+0000] {processor.py:839} INFO - DAG(s) dict_keys(['dbt_transform']) retrieved from /opt/airflow/dags/dbt_dag.py
[2025-11-15T00:01:18.917+0000] {logging_mixin.py:151} INFO - [2025-11-15T00:01:18.917+0000] {dag.py:2915} INFO - Sync 1 DAGs
[2025-11-15T00:01:18.933+0000] {logging_mixin.py:151} INFO - [2025-11-15T00:01:18.933+0000] {dag.py:3696} INFO - Setting next_dagrun for dbt_transform to 2025-11-15T00:00:35.634758+00:00, run_after=2025-11-15T00:05:35.634758+00:00
[2025-11-15T00:01:18.949+0000] {processor.py:179} INFO - Processing /opt/airflow/dags/dbt_dag.py took 0.079 seconds
[2025-11-15T00:01:49.001+0000] {processor.py:157} INFO - Started process (PID=8164) to work on /opt/airflow/dags/dbt_dag.py
[2025-11-15T00:01:49.002+0000] {processor.py:829} INFO - Processing file /opt/airflow/dags/dbt_dag.py for tasks to queue
[2025-11-15T00:01:49.002+0000] {logging_mixin.py:151} INFO - [2025-11-15T00:01:49.002+0000] {dagbag.py:539} INFO - Filling up the DagBag from /opt/airflow/dags/dbt_dag.py
[2025-11-15T00:01:49.023+0000] {processor.py:839} INFO - DAG(s) dict_keys(['dbt_transform']) retrieved from /opt/airflow/dags/dbt_dag.py
[2025-11-15T00:01:49.052+0000] {logging_mixin.py:151} INFO - [2025-11-15T00:01:49.052+0000] {dag.py:2915} INFO - Sync 1 DAGs
[2025-11-15T00:01:49.072+0000] {logging_mixin.py:151} INFO - [2025-11-15T00:01:49.072+0000] {dag.py:3696} INFO - Setting next_dagrun for dbt_transform to 2025-11-15T00:00:35.634758+00:00, run_after=2025-11-15T00:05:35.634758+00:00
[2025-11-15T00:01:49.089+0000] {processor.py:179} INFO - Processing /opt/airflow/dags/dbt_dag.py took 0.092 seconds
[2025-11-15T00:02:19.969+0000] {processor.py:157} INFO - Started process (PID=8169) to work on /opt/airflow/dags/dbt_dag.py
[2025-11-15T00:02:19.969+0000] {processor.py:829} INFO - Processing file /opt/airflow/dags/dbt_dag.py for tasks to queue
[2025-11-15T00:02:19.970+0000] {logging_mixin.py:151} INFO - [2025-11-15T00:02:19.970+0000] {dagbag.py:539} INFO - Filling up the DagBag from /opt/airflow/dags/dbt_dag.py
[2025-11-15T00:02:19.988+0000] {processor.py:839} INFO - DAG(s) dict_keys(['dbt_transform']) retrieved from /opt/airflow/dags/dbt_dag.py
[2025-11-15T00:02:20.011+0000] {logging_mixin.py:151} INFO - [2025-11-15T00:02:20.011+0000] {dag.py:2915} INFO - Sync 1 DAGs
[2025-11-15T00:02:20.028+0000] {logging_mixin.py:151} INFO - [2025-11-15T00:02:20.028+0000] {dag.py:3696} INFO - Setting next_dagrun for dbt_transform to 2025-11-15T00:00:35.634758+00:00, run_after=2025-11-15T00:05:35.634758+00:00
[2025-11-15T00:02:20.046+0000] {processor.py:179} INFO - Processing /opt/airflow/dags/dbt_dag.py took 0.080 seconds
[2025-11-15T00:02:50.451+0000] {processor.py:157} INFO - Started process (PID=8174) to work on /opt/airflow/dags/dbt_dag.py
[2025-11-15T00:02:50.452+0000] {processor.py:829} INFO - Processing file /opt/airflow/dags/dbt_dag.py for tasks to queue
[2025-11-15T00:02:50.453+0000] {logging_mixin.py:151} INFO - [2025-11-15T00:02:50.453+0000] {dagbag.py:539} INFO - Filling up the DagBag from /opt/airflow/dags/dbt_dag.py
[2025-11-15T00:02:50.473+0000] {processor.py:839} INFO - DAG(s) dict_keys(['dbt_transform']) retrieved from /opt/airflow/dags/dbt_dag.py
[2025-11-15T00:02:50.496+0000] {logging_mixin.py:151} INFO - [2025-11-15T00:02:50.496+0000] {dag.py:2915} INFO - Sync 1 DAGs
[2025-11-15T00:02:50.513+0000] {logging_mixin.py:151} INFO - [2025-11-15T00:02:50.513+0000] {dag.py:3696} INFO - Setting next_dagrun for dbt_transform to 2025-11-15T00:00:35.634758+00:00, run_after=2025-11-15T00:05:35.634758+00:00
[2025-11-15T00:02:50.530+0000] {processor.py:179} INFO - Processing /opt/airflow/dags/dbt_dag.py took 0.081 seconds
[2025-11-15T00:03:21.462+0000] {processor.py:157} INFO - Started process (PID=8179) to work on /opt/airflow/dags/dbt_dag.py
[2025-11-15T00:03:21.462+0000] {processor.py:829} INFO - Processing file /opt/airflow/dags/dbt_dag.py for tasks to queue
[2025-11-15T00:03:21.464+0000] {logging_mixin.py:151} INFO - [2025-11-15T00:03:21.464+0000] {dagbag.py:539} INFO - Filling up the DagBag from /opt/airflow/dags/dbt_dag.py
[2025-11-15T00:03:21.482+0000] {processor.py:839} INFO - DAG(s) dict_keys(['dbt_transform']) retrieved from /opt/airflow/dags/dbt_dag.py
[2025-11-15T00:03:21.505+0000] {logging_mixin.py:151} INFO - [2025-11-15T00:03:21.504+0000] {dag.py:2915} INFO - Sync 1 DAGs
[2025-11-15T00:03:21.522+0000] {logging_mixin.py:151} INFO - [2025-11-15T00:03:21.522+0000] {dag.py:3696} INFO - Setting next_dagrun for dbt_transform to 2025-11-15T00:00:35.634758+00:00, run_after=2025-11-15T00:05:35.634758+00:00
[2025-11-15T00:03:21.542+0000] {processor.py:179} INFO - Processing /opt/airflow/dags/dbt_dag.py took 0.083 seconds
[2025-11-15T00:03:52.293+0000] {processor.py:157} INFO - Started process (PID=8184) to work on /opt/airflow/dags/dbt_dag.py
[2025-11-15T00:03:52.293+0000] {processor.py:829} INFO - Processing file /opt/airflow/dags/dbt_dag.py for tasks to queue
[2025-11-15T00:03:52.294+0000] {logging_mixin.py:151} INFO - [2025-11-15T00:03:52.294+0000] {dagbag.py:539} INFO - Filling up the DagBag from /opt/airflow/dags/dbt_dag.py
[2025-11-15T00:03:52.313+0000] {processor.py:839} INFO - DAG(s) dict_keys(['dbt_transform']) retrieved from /opt/airflow/dags/dbt_dag.py
[2025-11-15T00:03:52.337+0000] {logging_mixin.py:151} INFO - [2025-11-15T00:03:52.337+0000] {dag.py:2915} INFO - Sync 1 DAGs
[2025-11-15T00:03:52.354+0000] {logging_mixin.py:151} INFO - [2025-11-15T00:03:52.353+0000] {dag.py:3696} INFO - Setting next_dagrun for dbt_transform to 2025-11-15T00:00:35.634758+00:00, run_after=2025-11-15T00:05:35.634758+00:00
[2025-11-15T00:03:52.374+0000] {processor.py:179} INFO - Processing /opt/airflow/dags/dbt_dag.py took 0.084 seconds
[2025-11-15T00:04:23.167+0000] {processor.py:157} INFO - Started process (PID=8189) to work on /opt/airflow/dags/dbt_dag.py
[2025-11-15T00:04:23.168+0000] {processor.py:829} INFO - Processing file /opt/airflow/dags/dbt_dag.py for tasks to queue
[2025-11-15T00:04:23.169+0000] {logging_mixin.py:151} INFO - [2025-11-15T00:04:23.169+0000] {dagbag.py:539} INFO - Filling up the DagBag from /opt/airflow/dags/dbt_dag.py
[2025-11-15T00:04:23.194+0000] {processor.py:839} INFO - DAG(s) dict_keys(['dbt_transform']) retrieved from /opt/airflow/dags/dbt_dag.py
[2025-11-15T00:04:23.218+0000] {logging_mixin.py:151} INFO - [2025-11-15T00:04:23.218+0000] {dag.py:2915} INFO - Sync 1 DAGs
[2025-11-15T00:04:23.236+0000] {logging_mixin.py:151} INFO - [2025-11-15T00:04:23.235+0000] {dag.py:3696} INFO - Setting next_dagrun for dbt_transform to 2025-11-15T00:00:35.634758+00:00, run_after=2025-11-15T00:05:35.634758+00:00
[2025-11-15T00:04:23.256+0000] {processor.py:179} INFO - Processing /opt/airflow/dags/dbt_dag.py took 0.091 seconds
[2025-11-15T00:04:54.000+0000] {processor.py:157} INFO - Started process (PID=8194) to work on /opt/airflow/dags/dbt_dag.py
[2025-11-15T00:04:54.001+0000] {processor.py:829} INFO - Processing file /opt/airflow/dags/dbt_dag.py for tasks to queue
[2025-11-15T00:04:54.002+0000] {logging_mixin.py:151} INFO - [2025-11-15T00:04:54.002+0000] {dagbag.py:539} INFO - Filling up the DagBag from /opt/airflow/dags/dbt_dag.py
[2025-11-15T00:04:54.026+0000] {processor.py:839} INFO - DAG(s) dict_keys(['dbt_transform']) retrieved from /opt/airflow/dags/dbt_dag.py
[2025-11-15T00:04:54.048+0000] {logging_mixin.py:151} INFO - [2025-11-15T00:04:54.048+0000] {dag.py:2915} INFO - Sync 1 DAGs
[2025-11-15T00:04:54.066+0000] {logging_mixin.py:151} INFO - [2025-11-15T00:04:54.065+0000] {dag.py:3696} INFO - Setting next_dagrun for dbt_transform to 2025-11-15T00:00:35.634758+00:00, run_after=2025-11-15T00:05:35.634758+00:00
[2025-11-15T00:04:54.086+0000] {processor.py:179} INFO - Processing /opt/airflow/dags/dbt_dag.py took 0.088 seconds
[2025-11-15T00:05:24.840+0000] {processor.py:157} INFO - Started process (PID=8199) to work on /opt/airflow/dags/dbt_dag.py
[2025-11-15T00:05:24.841+0000] {processor.py:829} INFO - Processing file /opt/airflow/dags/dbt_dag.py for tasks to queue
[2025-11-15T00:05:24.842+0000] {logging_mixin.py:151} INFO - [2025-11-15T00:05:24.842+0000] {dagbag.py:539} INFO - Filling up the DagBag from /opt/airflow/dags/dbt_dag.py
[2025-11-15T00:05:24.860+0000] {processor.py:839} INFO - DAG(s) dict_keys(['dbt_transform']) retrieved from /opt/airflow/dags/dbt_dag.py
[2025-11-15T00:05:24.882+0000] {logging_mixin.py:151} INFO - [2025-11-15T00:05:24.882+0000] {dag.py:2915} INFO - Sync 1 DAGs
[2025-11-15T00:05:24.899+0000] {logging_mixin.py:151} INFO - [2025-11-15T00:05:24.899+0000] {dag.py:3696} INFO - Setting next_dagrun for dbt_transform to 2025-11-15T00:00:35.634758+00:00, run_after=2025-11-15T00:05:35.634758+00:00
[2025-11-15T00:05:24.918+0000] {processor.py:179} INFO - Processing /opt/airflow/dags/dbt_dag.py took 0.080 seconds
[2025-11-15T00:05:55.607+0000] {processor.py:157} INFO - Started process (PID=8227) to work on /opt/airflow/dags/dbt_dag.py
[2025-11-15T00:05:55.608+0000] {processor.py:829} INFO - Processing file /opt/airflow/dags/dbt_dag.py for tasks to queue
[2025-11-15T00:05:55.609+0000] {logging_mixin.py:151} INFO - [2025-11-15T00:05:55.609+0000] {dagbag.py:539} INFO - Filling up the DagBag from /opt/airflow/dags/dbt_dag.py
[2025-11-15T00:05:55.629+0000] {processor.py:839} INFO - DAG(s) dict_keys(['dbt_transform']) retrieved from /opt/airflow/dags/dbt_dag.py
[2025-11-15T00:05:55.655+0000] {logging_mixin.py:151} INFO - [2025-11-15T00:05:55.654+0000] {dag.py:2915} INFO - Sync 1 DAGs
[2025-11-15T00:05:55.671+0000] {logging_mixin.py:151} INFO - [2025-11-15T00:05:55.671+0000] {dag.py:3696} INFO - Setting next_dagrun for dbt_transform to 2025-11-15T00:05:35.634758+00:00, run_after=2025-11-15T00:10:35.634758+00:00
[2025-11-15T00:05:55.693+0000] {processor.py:179} INFO - Processing /opt/airflow/dags/dbt_dag.py took 0.089 seconds
[2025-11-15T00:06:26.471+0000] {processor.py:157} INFO - Started process (PID=8232) to work on /opt/airflow/dags/dbt_dag.py
[2025-11-15T00:06:26.472+0000] {processor.py:829} INFO - Processing file /opt/airflow/dags/dbt_dag.py for tasks to queue
[2025-11-15T00:06:26.473+0000] {logging_mixin.py:151} INFO - [2025-11-15T00:06:26.472+0000] {dagbag.py:539} INFO - Filling up the DagBag from /opt/airflow/dags/dbt_dag.py
[2025-11-15T00:06:26.495+0000] {processor.py:839} INFO - DAG(s) dict_keys(['dbt_transform']) retrieved from /opt/airflow/dags/dbt_dag.py
[2025-11-15T00:06:26.523+0000] {logging_mixin.py:151} INFO - [2025-11-15T00:06:26.523+0000] {dag.py:2915} INFO - Sync 1 DAGs
[2025-11-15T00:06:26.539+0000] {logging_mixin.py:151} INFO - [2025-11-15T00:06:26.539+0000] {dag.py:3696} INFO - Setting next_dagrun for dbt_transform to 2025-11-15T00:05:35.634758+00:00, run_after=2025-11-15T00:10:35.634758+00:00
[2025-11-15T00:06:26.557+0000] {processor.py:179} INFO - Processing /opt/airflow/dags/dbt_dag.py took 0.090 seconds
[2025-11-15T00:06:57.358+0000] {processor.py:157} INFO - Started process (PID=8237) to work on /opt/airflow/dags/dbt_dag.py
[2025-11-15T00:06:57.359+0000] {processor.py:829} INFO - Processing file /opt/airflow/dags/dbt_dag.py for tasks to queue
[2025-11-15T00:06:57.360+0000] {logging_mixin.py:151} INFO - [2025-11-15T00:06:57.360+0000] {dagbag.py:539} INFO - Filling up the DagBag from /opt/airflow/dags/dbt_dag.py
[2025-11-15T00:06:57.379+0000] {processor.py:839} INFO - DAG(s) dict_keys(['dbt_transform']) retrieved from /opt/airflow/dags/dbt_dag.py
[2025-11-15T00:06:57.399+0000] {logging_mixin.py:151} INFO - [2025-11-15T00:06:57.398+0000] {dag.py:2915} INFO - Sync 1 DAGs
[2025-11-15T00:06:57.414+0000] {logging_mixin.py:151} INFO - [2025-11-15T00:06:57.414+0000] {dag.py:3696} INFO - Setting next_dagrun for dbt_transform to 2025-11-15T00:05:35.634758+00:00, run_after=2025-11-15T00:10:35.634758+00:00
[2025-11-15T00:06:57.435+0000] {processor.py:179} INFO - Processing /opt/airflow/dags/dbt_dag.py took 0.080 seconds
[2025-11-15T00:07:28.392+0000] {processor.py:157} INFO - Started process (PID=8242) to work on /opt/airflow/dags/dbt_dag.py
[2025-11-15T00:07:28.393+0000] {processor.py:829} INFO - Processing file /opt/airflow/dags/dbt_dag.py for tasks to queue
[2025-11-15T00:07:28.394+0000] {logging_mixin.py:151} INFO - [2025-11-15T00:07:28.394+0000] {dagbag.py:539} INFO - Filling up the DagBag from /opt/airflow/dags/dbt_dag.py
[2025-11-15T00:07:28.412+0000] {processor.py:839} INFO - DAG(s) dict_keys(['dbt_transform']) retrieved from /opt/airflow/dags/dbt_dag.py
[2025-11-15T00:07:28.435+0000] {logging_mixin.py:151} INFO - [2025-11-15T00:07:28.435+0000] {dag.py:2915} INFO - Sync 1 DAGs
[2025-11-15T00:07:28.452+0000] {logging_mixin.py:151} INFO - [2025-11-15T00:07:28.452+0000] {dag.py:3696} INFO - Setting next_dagrun for dbt_transform to 2025-11-15T00:05:35.634758+00:00, run_after=2025-11-15T00:10:35.634758+00:00
[2025-11-15T00:07:28.470+0000] {processor.py:179} INFO - Processing /opt/airflow/dags/dbt_dag.py took 0.080 seconds
[2025-11-15T00:07:58.747+0000] {processor.py:157} INFO - Started process (PID=8247) to work on /opt/airflow/dags/dbt_dag.py
[2025-11-15T00:07:58.748+0000] {processor.py:829} INFO - Processing file /opt/airflow/dags/dbt_dag.py for tasks to queue
[2025-11-15T00:07:58.749+0000] {logging_mixin.py:151} INFO - [2025-11-15T00:07:58.749+0000] {dagbag.py:539} INFO - Filling up the DagBag from /opt/airflow/dags/dbt_dag.py
[2025-11-15T00:07:58.768+0000] {processor.py:839} INFO - DAG(s) dict_keys(['dbt_transform']) retrieved from /opt/airflow/dags/dbt_dag.py
[2025-11-15T00:07:58.791+0000] {logging_mixin.py:151} INFO - [2025-11-15T00:07:58.791+0000] {dag.py:2915} INFO - Sync 1 DAGs
[2025-11-15T00:07:58.808+0000] {logging_mixin.py:151} INFO - [2025-11-15T00:07:58.808+0000] {dag.py:3696} INFO - Setting next_dagrun for dbt_transform to 2025-11-15T00:05:35.634758+00:00, run_after=2025-11-15T00:10:35.634758+00:00
[2025-11-15T00:07:58.824+0000] {processor.py:179} INFO - Processing /opt/airflow/dags/dbt_dag.py took 0.079 seconds
[2025-11-15T00:08:28.909+0000] {processor.py:157} INFO - Started process (PID=8252) to work on /opt/airflow/dags/dbt_dag.py
[2025-11-15T00:08:28.909+0000] {processor.py:829} INFO - Processing file /opt/airflow/dags/dbt_dag.py for tasks to queue
[2025-11-15T00:08:28.910+0000] {logging_mixin.py:151} INFO - [2025-11-15T00:08:28.910+0000] {dagbag.py:539} INFO - Filling up the DagBag from /opt/airflow/dags/dbt_dag.py
[2025-11-15T00:08:28.929+0000] {processor.py:839} INFO - DAG(s) dict_keys(['dbt_transform']) retrieved from /opt/airflow/dags/dbt_dag.py
[2025-11-15T00:08:28.951+0000] {logging_mixin.py:151} INFO - [2025-11-15T00:08:28.951+0000] {dag.py:2915} INFO - Sync 1 DAGs
[2025-11-15T00:08:28.968+0000] {logging_mixin.py:151} INFO - [2025-11-15T00:08:28.968+0000] {dag.py:3696} INFO - Setting next_dagrun for dbt_transform to 2025-11-15T00:05:35.634758+00:00, run_after=2025-11-15T00:10:35.634758+00:00
[2025-11-15T00:08:28.986+0000] {processor.py:179} INFO - Processing /opt/airflow/dags/dbt_dag.py took 0.080 seconds
[2025-11-15T00:08:59.601+0000] {processor.py:157} INFO - Started process (PID=8257) to work on /opt/airflow/dags/dbt_dag.py
[2025-11-15T00:08:59.602+0000] {processor.py:829} INFO - Processing file /opt/airflow/dags/dbt_dag.py for tasks to queue
[2025-11-15T00:08:59.603+0000] {logging_mixin.py:151} INFO - [2025-11-15T00:08:59.603+0000] {dagbag.py:539} INFO - Filling up the DagBag from /opt/airflow/dags/dbt_dag.py
[2025-11-15T00:08:59.624+0000] {processor.py:839} INFO - DAG(s) dict_keys(['dbt_transform']) retrieved from /opt/airflow/dags/dbt_dag.py
[2025-11-15T00:08:59.648+0000] {logging_mixin.py:151} INFO - [2025-11-15T00:08:59.648+0000] {dag.py:2915} INFO - Sync 1 DAGs
[2025-11-15T00:08:59.665+0000] {logging_mixin.py:151} INFO - [2025-11-15T00:08:59.665+0000] {dag.py:3696} INFO - Setting next_dagrun for dbt_transform to 2025-11-15T00:05:35.634758+00:00, run_after=2025-11-15T00:10:35.634758+00:00
[2025-11-15T00:08:59.683+0000] {processor.py:179} INFO - Processing /opt/airflow/dags/dbt_dag.py took 0.084 seconds
[2025-11-15T00:09:29.952+0000] {processor.py:157} INFO - Started process (PID=8262) to work on /opt/airflow/dags/dbt_dag.py
[2025-11-15T00:09:29.953+0000] {processor.py:829} INFO - Processing file /opt/airflow/dags/dbt_dag.py for tasks to queue
[2025-11-15T00:09:29.954+0000] {logging_mixin.py:151} INFO - [2025-11-15T00:09:29.954+0000] {dagbag.py:539} INFO - Filling up the DagBag from /opt/airflow/dags/dbt_dag.py
[2025-11-15T00:09:29.973+0000] {processor.py:839} INFO - DAG(s) dict_keys(['dbt_transform']) retrieved from /opt/airflow/dags/dbt_dag.py
[2025-11-15T00:09:29.996+0000] {logging_mixin.py:151} INFO - [2025-11-15T00:09:29.995+0000] {dag.py:2915} INFO - Sync 1 DAGs
[2025-11-15T00:09:30.012+0000] {logging_mixin.py:151} INFO - [2025-11-15T00:09:30.012+0000] {dag.py:3696} INFO - Setting next_dagrun for dbt_transform to 2025-11-15T00:05:35.634758+00:00, run_after=2025-11-15T00:10:35.634758+00:00
[2025-11-15T00:09:30.033+0000] {processor.py:179} INFO - Processing /opt/airflow/dags/dbt_dag.py took 0.084 seconds
[2025-11-15T00:10:00.155+0000] {processor.py:157} INFO - Started process (PID=8267) to work on /opt/airflow/dags/dbt_dag.py
[2025-11-15T00:10:00.156+0000] {processor.py:829} INFO - Processing file /opt/airflow/dags/dbt_dag.py for tasks to queue
[2025-11-15T00:10:00.157+0000] {logging_mixin.py:151} INFO - [2025-11-15T00:10:00.156+0000] {dagbag.py:539} INFO - Filling up the DagBag from /opt/airflow/dags/dbt_dag.py
[2025-11-15T00:10:00.176+0000] {processor.py:839} INFO - DAG(s) dict_keys(['dbt_transform']) retrieved from /opt/airflow/dags/dbt_dag.py
[2025-11-15T00:10:00.198+0000] {logging_mixin.py:151} INFO - [2025-11-15T00:10:00.198+0000] {dag.py:2915} INFO - Sync 1 DAGs
[2025-11-15T00:10:00.216+0000] {logging_mixin.py:151} INFO - [2025-11-15T00:10:00.216+0000] {dag.py:3696} INFO - Setting next_dagrun for dbt_transform to 2025-11-15T00:05:35.634758+00:00, run_after=2025-11-15T00:10:35.634758+00:00
[2025-11-15T00:10:00.239+0000] {processor.py:179} INFO - Processing /opt/airflow/dags/dbt_dag.py took 0.086 seconds
[2025-11-15T00:10:30.379+0000] {processor.py:157} INFO - Started process (PID=8272) to work on /opt/airflow/dags/dbt_dag.py
[2025-11-15T00:10:30.380+0000] {processor.py:829} INFO - Processing file /opt/airflow/dags/dbt_dag.py for tasks to queue
[2025-11-15T00:10:30.381+0000] {logging_mixin.py:151} INFO - [2025-11-15T00:10:30.381+0000] {dagbag.py:539} INFO - Filling up the DagBag from /opt/airflow/dags/dbt_dag.py
[2025-11-15T00:10:30.401+0000] {processor.py:839} INFO - DAG(s) dict_keys(['dbt_transform']) retrieved from /opt/airflow/dags/dbt_dag.py
[2025-11-15T00:10:30.425+0000] {logging_mixin.py:151} INFO - [2025-11-15T00:10:30.425+0000] {dag.py:2915} INFO - Sync 1 DAGs
[2025-11-15T00:10:30.442+0000] {logging_mixin.py:151} INFO - [2025-11-15T00:10:30.442+0000] {dag.py:3696} INFO - Setting next_dagrun for dbt_transform to 2025-11-15T00:05:35.634758+00:00, run_after=2025-11-15T00:10:35.634758+00:00
[2025-11-15T00:10:30.461+0000] {processor.py:179} INFO - Processing /opt/airflow/dags/dbt_dag.py took 0.085 seconds
[2025-11-15T00:11:01.275+0000] {processor.py:157} INFO - Started process (PID=8304) to work on /opt/airflow/dags/dbt_dag.py
[2025-11-15T00:11:01.276+0000] {processor.py:829} INFO - Processing file /opt/airflow/dags/dbt_dag.py for tasks to queue
[2025-11-15T00:11:01.277+0000] {logging_mixin.py:151} INFO - [2025-11-15T00:11:01.277+0000] {dagbag.py:539} INFO - Filling up the DagBag from /opt/airflow/dags/dbt_dag.py
[2025-11-15T00:11:01.294+0000] {processor.py:839} INFO - DAG(s) dict_keys(['dbt_transform']) retrieved from /opt/airflow/dags/dbt_dag.py
[2025-11-15T00:11:01.315+0000] {logging_mixin.py:151} INFO - [2025-11-15T00:11:01.315+0000] {dag.py:2915} INFO - Sync 1 DAGs
[2025-11-15T00:11:01.331+0000] {logging_mixin.py:151} INFO - [2025-11-15T00:11:01.331+0000] {dag.py:3696} INFO - Setting next_dagrun for dbt_transform to 2025-11-15T00:10:35.634758+00:00, run_after=2025-11-15T00:15:35.634758+00:00
[2025-11-15T00:11:01.351+0000] {processor.py:179} INFO - Processing /opt/airflow/dags/dbt_dag.py took 0.078 seconds
[2025-11-15T00:11:32.281+0000] {processor.py:157} INFO - Started process (PID=8309) to work on /opt/airflow/dags/dbt_dag.py
[2025-11-15T00:11:32.282+0000] {processor.py:829} INFO - Processing file /opt/airflow/dags/dbt_dag.py for tasks to queue
[2025-11-15T00:11:32.284+0000] {logging_mixin.py:151} INFO - [2025-11-15T00:11:32.283+0000] {dagbag.py:539} INFO - Filling up the DagBag from /opt/airflow/dags/dbt_dag.py
[2025-11-15T00:11:32.300+0000] {processor.py:839} INFO - DAG(s) dict_keys(['dbt_transform']) retrieved from /opt/airflow/dags/dbt_dag.py
[2025-11-15T00:11:32.326+0000] {logging_mixin.py:151} INFO - [2025-11-15T00:11:32.325+0000] {dag.py:2915} INFO - Sync 1 DAGs
[2025-11-15T00:11:32.341+0000] {logging_mixin.py:151} INFO - [2025-11-15T00:11:32.341+0000] {dag.py:3696} INFO - Setting next_dagrun for dbt_transform to 2025-11-15T00:10:35.634758+00:00, run_after=2025-11-15T00:15:35.634758+00:00
[2025-11-15T00:11:32.358+0000] {processor.py:179} INFO - Processing /opt/airflow/dags/dbt_dag.py took 0.079 seconds
[2025-11-15T00:12:03.228+0000] {processor.py:157} INFO - Started process (PID=8314) to work on /opt/airflow/dags/dbt_dag.py
[2025-11-15T00:12:03.229+0000] {processor.py:829} INFO - Processing file /opt/airflow/dags/dbt_dag.py for tasks to queue
[2025-11-15T00:12:03.230+0000] {logging_mixin.py:151} INFO - [2025-11-15T00:12:03.229+0000] {dagbag.py:539} INFO - Filling up the DagBag from /opt/airflow/dags/dbt_dag.py
[2025-11-15T00:12:03.256+0000] {processor.py:839} INFO - DAG(s) dict_keys(['dbt_transform']) retrieved from /opt/airflow/dags/dbt_dag.py
[2025-11-15T00:12:03.280+0000] {logging_mixin.py:151} INFO - [2025-11-15T00:12:03.280+0000] {dag.py:2915} INFO - Sync 1 DAGs
[2025-11-15T00:12:03.295+0000] {logging_mixin.py:151} INFO - [2025-11-15T00:12:03.295+0000] {dag.py:3696} INFO - Setting next_dagrun for dbt_transform to 2025-11-15T00:10:35.634758+00:00, run_after=2025-11-15T00:15:35.634758+00:00
[2025-11-15T00:12:03.311+0000] {processor.py:179} INFO - Processing /opt/airflow/dags/dbt_dag.py took 0.085 seconds
[2025-11-15T00:12:34.134+0000] {processor.py:157} INFO - Started process (PID=8319) to work on /opt/airflow/dags/dbt_dag.py
[2025-11-15T00:12:34.135+0000] {processor.py:829} INFO - Processing file /opt/airflow/dags/dbt_dag.py for tasks to queue
[2025-11-15T00:12:34.136+0000] {logging_mixin.py:151} INFO - [2025-11-15T00:12:34.135+0000] {dagbag.py:539} INFO - Filling up the DagBag from /opt/airflow/dags/dbt_dag.py
[2025-11-15T00:12:34.155+0000] {processor.py:839} INFO - DAG(s) dict_keys(['dbt_transform']) retrieved from /opt/airflow/dags/dbt_dag.py
[2025-11-15T00:12:34.178+0000] {logging_mixin.py:151} INFO - [2025-11-15T00:12:34.178+0000] {dag.py:2915} INFO - Sync 1 DAGs
[2025-11-15T00:12:34.197+0000] {logging_mixin.py:151} INFO - [2025-11-15T00:12:34.197+0000] {dag.py:3696} INFO - Setting next_dagrun for dbt_transform to 2025-11-15T00:10:35.634758+00:00, run_after=2025-11-15T00:15:35.634758+00:00
[2025-11-15T00:12:34.217+0000] {processor.py:179} INFO - Processing /opt/airflow/dags/dbt_dag.py took 0.086 seconds
[2025-11-15T00:13:05.050+0000] {processor.py:157} INFO - Started process (PID=8324) to work on /opt/airflow/dags/dbt_dag.py
[2025-11-15T00:13:05.050+0000] {processor.py:829} INFO - Processing file /opt/airflow/dags/dbt_dag.py for tasks to queue
[2025-11-15T00:13:05.051+0000] {logging_mixin.py:151} INFO - [2025-11-15T00:13:05.051+0000] {dagbag.py:539} INFO - Filling up the DagBag from /opt/airflow/dags/dbt_dag.py
[2025-11-15T00:13:05.066+0000] {processor.py:839} INFO - DAG(s) dict_keys(['dbt_transform']) retrieved from /opt/airflow/dags/dbt_dag.py
[2025-11-15T00:13:05.089+0000] {logging_mixin.py:151} INFO - [2025-11-15T00:13:05.089+0000] {dag.py:2915} INFO - Sync 1 DAGs
[2025-11-15T00:13:05.105+0000] {logging_mixin.py:151} INFO - [2025-11-15T00:13:05.105+0000] {dag.py:3696} INFO - Setting next_dagrun for dbt_transform to 2025-11-15T00:10:35.634758+00:00, run_after=2025-11-15T00:15:35.634758+00:00
[2025-11-15T00:13:05.126+0000] {processor.py:179} INFO - Processing /opt/airflow/dags/dbt_dag.py took 0.078 seconds
[2025-11-15T00:13:35.961+0000] {processor.py:157} INFO - Started process (PID=8329) to work on /opt/airflow/dags/dbt_dag.py
[2025-11-15T00:13:35.962+0000] {processor.py:829} INFO - Processing file /opt/airflow/dags/dbt_dag.py for tasks to queue
[2025-11-15T00:13:35.963+0000] {logging_mixin.py:151} INFO - [2025-11-15T00:13:35.962+0000] {dagbag.py:539} INFO - Filling up the DagBag from /opt/airflow/dags/dbt_dag.py
[2025-11-15T00:13:35.980+0000] {processor.py:839} INFO - DAG(s) dict_keys(['dbt_transform']) retrieved from /opt/airflow/dags/dbt_dag.py
[2025-11-15T00:13:36.003+0000] {logging_mixin.py:151} INFO - [2025-11-15T00:13:36.002+0000] {dag.py:2915} INFO - Sync 1 DAGs
[2025-11-15T00:13:36.020+0000] {logging_mixin.py:151} INFO - [2025-11-15T00:13:36.020+0000] {dag.py:3696} INFO - Setting next_dagrun for dbt_transform to 2025-11-15T00:10:35.634758+00:00, run_after=2025-11-15T00:15:35.634758+00:00
[2025-11-15T00:13:36.040+0000] {processor.py:179} INFO - Processing /opt/airflow/dags/dbt_dag.py took 0.081 seconds
[2025-11-15T00:14:06.747+0000] {processor.py:157} INFO - Started process (PID=8334) to work on /opt/airflow/dags/dbt_dag.py
[2025-11-15T00:14:06.748+0000] {processor.py:829} INFO - Processing file /opt/airflow/dags/dbt_dag.py for tasks to queue
[2025-11-15T00:14:06.749+0000] {logging_mixin.py:151} INFO - [2025-11-15T00:14:06.749+0000] {dagbag.py:539} INFO - Filling up the DagBag from /opt/airflow/dags/dbt_dag.py
[2025-11-15T00:14:06.769+0000] {processor.py:839} INFO - DAG(s) dict_keys(['dbt_transform']) retrieved from /opt/airflow/dags/dbt_dag.py
[2025-11-15T00:14:06.791+0000] {logging_mixin.py:151} INFO - [2025-11-15T00:14:06.791+0000] {dag.py:2915} INFO - Sync 1 DAGs
[2025-11-15T00:14:06.808+0000] {logging_mixin.py:151} INFO - [2025-11-15T00:14:06.808+0000] {dag.py:3696} INFO - Setting next_dagrun for dbt_transform to 2025-11-15T00:10:35.634758+00:00, run_after=2025-11-15T00:15:35.634758+00:00
[2025-11-15T00:14:06.830+0000] {processor.py:179} INFO - Processing /opt/airflow/dags/dbt_dag.py took 0.086 seconds
[2025-11-15T00:14:37.673+0000] {processor.py:157} INFO - Started process (PID=8339) to work on /opt/airflow/dags/dbt_dag.py
[2025-11-15T00:14:37.674+0000] {processor.py:829} INFO - Processing file /opt/airflow/dags/dbt_dag.py for tasks to queue
[2025-11-15T00:14:37.675+0000] {logging_mixin.py:151} INFO - [2025-11-15T00:14:37.674+0000] {dagbag.py:539} INFO - Filling up the DagBag from /opt/airflow/dags/dbt_dag.py
[2025-11-15T00:14:37.693+0000] {processor.py:839} INFO - DAG(s) dict_keys(['dbt_transform']) retrieved from /opt/airflow/dags/dbt_dag.py
[2025-11-15T00:14:37.716+0000] {logging_mixin.py:151} INFO - [2025-11-15T00:14:37.715+0000] {dag.py:2915} INFO - Sync 1 DAGs
[2025-11-15T00:14:37.732+0000] {logging_mixin.py:151} INFO - [2025-11-15T00:14:37.732+0000] {dag.py:3696} INFO - Setting next_dagrun for dbt_transform to 2025-11-15T00:10:35.634758+00:00, run_after=2025-11-15T00:15:35.634758+00:00
[2025-11-15T00:14:37.750+0000] {processor.py:179} INFO - Processing /opt/airflow/dags/dbt_dag.py took 0.079 seconds
[2025-11-15T00:15:07.815+0000] {processor.py:157} INFO - Started process (PID=8344) to work on /opt/airflow/dags/dbt_dag.py
[2025-11-15T00:15:07.816+0000] {processor.py:829} INFO - Processing file /opt/airflow/dags/dbt_dag.py for tasks to queue
[2025-11-15T00:15:07.817+0000] {logging_mixin.py:151} INFO - [2025-11-15T00:15:07.817+0000] {dagbag.py:539} INFO - Filling up the DagBag from /opt/airflow/dags/dbt_dag.py
[2025-11-15T00:15:07.845+0000] {processor.py:839} INFO - DAG(s) dict_keys(['dbt_transform']) retrieved from /opt/airflow/dags/dbt_dag.py
[2025-11-15T00:15:07.870+0000] {logging_mixin.py:151} INFO - [2025-11-15T00:15:07.870+0000] {dag.py:2915} INFO - Sync 1 DAGs
[2025-11-15T00:15:07.887+0000] {logging_mixin.py:151} INFO - [2025-11-15T00:15:07.887+0000] {dag.py:3696} INFO - Setting next_dagrun for dbt_transform to 2025-11-15T00:10:35.634758+00:00, run_after=2025-11-15T00:15:35.634758+00:00
[2025-11-15T00:15:07.907+0000] {processor.py:179} INFO - Processing /opt/airflow/dags/dbt_dag.py took 0.094 seconds
[2025-11-15T00:15:38.574+0000] {processor.py:157} INFO - Started process (PID=8361) to work on /opt/airflow/dags/dbt_dag.py
[2025-11-15T00:15:38.575+0000] {processor.py:829} INFO - Processing file /opt/airflow/dags/dbt_dag.py for tasks to queue
[2025-11-15T00:15:38.576+0000] {logging_mixin.py:151} INFO - [2025-11-15T00:15:38.576+0000] {dagbag.py:539} INFO - Filling up the DagBag from /opt/airflow/dags/dbt_dag.py
[2025-11-15T00:15:38.599+0000] {processor.py:839} INFO - DAG(s) dict_keys(['dbt_transform']) retrieved from /opt/airflow/dags/dbt_dag.py
[2025-11-15T00:15:38.624+0000] {logging_mixin.py:151} INFO - [2025-11-15T00:15:38.623+0000] {dag.py:2915} INFO - Sync 1 DAGs
[2025-11-15T00:15:38.643+0000] {logging_mixin.py:151} INFO - [2025-11-15T00:15:38.643+0000] {dag.py:3696} INFO - Setting next_dagrun for dbt_transform to 2025-11-15T00:15:35.634758+00:00, run_after=2025-11-15T00:20:35.634758+00:00
[2025-11-15T00:15:38.660+0000] {processor.py:179} INFO - Processing /opt/airflow/dags/dbt_dag.py took 0.089 seconds
[2025-11-15T00:16:09.382+0000] {processor.py:157} INFO - Started process (PID=8379) to work on /opt/airflow/dags/dbt_dag.py
[2025-11-15T00:16:09.383+0000] {processor.py:829} INFO - Processing file /opt/airflow/dags/dbt_dag.py for tasks to queue
[2025-11-15T00:16:09.384+0000] {logging_mixin.py:151} INFO - [2025-11-15T00:16:09.384+0000] {dagbag.py:539} INFO - Filling up the DagBag from /opt/airflow/dags/dbt_dag.py
[2025-11-15T00:16:09.407+0000] {processor.py:839} INFO - DAG(s) dict_keys(['dbt_transform']) retrieved from /opt/airflow/dags/dbt_dag.py
[2025-11-15T00:16:09.430+0000] {logging_mixin.py:151} INFO - [2025-11-15T00:16:09.430+0000] {dag.py:2915} INFO - Sync 1 DAGs
[2025-11-15T00:16:09.448+0000] {logging_mixin.py:151} INFO - [2025-11-15T00:16:09.448+0000] {dag.py:3696} INFO - Setting next_dagrun for dbt_transform to 2025-11-15T00:15:35.634758+00:00, run_after=2025-11-15T00:20:35.634758+00:00
[2025-11-15T00:16:09.471+0000] {processor.py:179} INFO - Processing /opt/airflow/dags/dbt_dag.py took 0.091 seconds
[2025-11-15T00:16:40.111+0000] {processor.py:157} INFO - Started process (PID=8384) to work on /opt/airflow/dags/dbt_dag.py
[2025-11-15T00:16:40.112+0000] {processor.py:829} INFO - Processing file /opt/airflow/dags/dbt_dag.py for tasks to queue
[2025-11-15T00:16:40.112+0000] {logging_mixin.py:151} INFO - [2025-11-15T00:16:40.112+0000] {dagbag.py:539} INFO - Filling up the DagBag from /opt/airflow/dags/dbt_dag.py
[2025-11-15T00:16:40.135+0000] {processor.py:839} INFO - DAG(s) dict_keys(['dbt_transform']) retrieved from /opt/airflow/dags/dbt_dag.py
[2025-11-15T00:16:40.165+0000] {logging_mixin.py:151} INFO - [2025-11-15T00:16:40.164+0000] {dag.py:2915} INFO - Sync 1 DAGs
[2025-11-15T00:16:40.180+0000] {logging_mixin.py:151} INFO - [2025-11-15T00:16:40.180+0000] {dag.py:3696} INFO - Setting next_dagrun for dbt_transform to 2025-11-15T00:15:35.634758+00:00, run_after=2025-11-15T00:20:35.634758+00:00
[2025-11-15T00:16:40.195+0000] {processor.py:179} INFO - Processing /opt/airflow/dags/dbt_dag.py took 0.087 seconds
[2025-11-15T00:17:11.054+0000] {processor.py:157} INFO - Started process (PID=8389) to work on /opt/airflow/dags/dbt_dag.py
[2025-11-15T00:17:11.054+0000] {processor.py:829} INFO - Processing file /opt/airflow/dags/dbt_dag.py for tasks to queue
[2025-11-15T00:17:11.055+0000] {logging_mixin.py:151} INFO - [2025-11-15T00:17:11.055+0000] {dagbag.py:539} INFO - Filling up the DagBag from /opt/airflow/dags/dbt_dag.py
[2025-11-15T00:17:11.074+0000] {processor.py:839} INFO - DAG(s) dict_keys(['dbt_transform']) retrieved from /opt/airflow/dags/dbt_dag.py
[2025-11-15T00:17:11.097+0000] {logging_mixin.py:151} INFO - [2025-11-15T00:17:11.096+0000] {dag.py:2915} INFO - Sync 1 DAGs
[2025-11-15T00:17:11.114+0000] {logging_mixin.py:151} INFO - [2025-11-15T00:17:11.114+0000] {dag.py:3696} INFO - Setting next_dagrun for dbt_transform to 2025-11-15T00:15:35.634758+00:00, run_after=2025-11-15T00:20:35.634758+00:00
[2025-11-15T00:17:11.133+0000] {processor.py:179} INFO - Processing /opt/airflow/dags/dbt_dag.py took 0.082 seconds
[2025-11-15T00:17:41.832+0000] {processor.py:157} INFO - Started process (PID=8394) to work on /opt/airflow/dags/dbt_dag.py
[2025-11-15T00:17:41.833+0000] {processor.py:829} INFO - Processing file /opt/airflow/dags/dbt_dag.py for tasks to queue
[2025-11-15T00:17:41.834+0000] {logging_mixin.py:151} INFO - [2025-11-15T00:17:41.834+0000] {dagbag.py:539} INFO - Filling up the DagBag from /opt/airflow/dags/dbt_dag.py
[2025-11-15T00:17:41.851+0000] {processor.py:839} INFO - DAG(s) dict_keys(['dbt_transform']) retrieved from /opt/airflow/dags/dbt_dag.py
[2025-11-15T00:17:41.872+0000] {logging_mixin.py:151} INFO - [2025-11-15T00:17:41.872+0000] {dag.py:2915} INFO - Sync 1 DAGs
[2025-11-15T00:17:41.889+0000] {logging_mixin.py:151} INFO - [2025-11-15T00:17:41.889+0000] {dag.py:3696} INFO - Setting next_dagrun for dbt_transform to 2025-11-15T00:15:35.634758+00:00, run_after=2025-11-15T00:20:35.634758+00:00
[2025-11-15T00:17:41.910+0000] {processor.py:179} INFO - Processing /opt/airflow/dags/dbt_dag.py took 0.080 seconds
[2025-11-15T00:18:12.685+0000] {processor.py:157} INFO - Started process (PID=8399) to work on /opt/airflow/dags/dbt_dag.py
[2025-11-15T00:18:12.686+0000] {processor.py:829} INFO - Processing file /opt/airflow/dags/dbt_dag.py for tasks to queue
[2025-11-15T00:18:12.687+0000] {logging_mixin.py:151} INFO - [2025-11-15T00:18:12.687+0000] {dagbag.py:539} INFO - Filling up the DagBag from /opt/airflow/dags/dbt_dag.py
[2025-11-15T00:18:12.706+0000] {processor.py:839} INFO - DAG(s) dict_keys(['dbt_transform']) retrieved from /opt/airflow/dags/dbt_dag.py
[2025-11-15T00:18:12.729+0000] {logging_mixin.py:151} INFO - [2025-11-15T00:18:12.729+0000] {dag.py:2915} INFO - Sync 1 DAGs
[2025-11-15T00:18:12.748+0000] {logging_mixin.py:151} INFO - [2025-11-15T00:18:12.748+0000] {dag.py:3696} INFO - Setting next_dagrun for dbt_transform to 2025-11-15T00:15:35.634758+00:00, run_after=2025-11-15T00:20:35.634758+00:00
[2025-11-15T00:18:12.768+0000] {processor.py:179} INFO - Processing /opt/airflow/dags/dbt_dag.py took 0.085 seconds
[2025-11-15T00:18:43.507+0000] {processor.py:157} INFO - Started process (PID=8404) to work on /opt/airflow/dags/dbt_dag.py
[2025-11-15T00:18:43.508+0000] {processor.py:829} INFO - Processing file /opt/airflow/dags/dbt_dag.py for tasks to queue
[2025-11-15T00:18:43.509+0000] {logging_mixin.py:151} INFO - [2025-11-15T00:18:43.509+0000] {dagbag.py:539} INFO - Filling up the DagBag from /opt/airflow/dags/dbt_dag.py
[2025-11-15T00:18:43.528+0000] {processor.py:839} INFO - DAG(s) dict_keys(['dbt_transform']) retrieved from /opt/airflow/dags/dbt_dag.py
[2025-11-15T00:18:43.551+0000] {logging_mixin.py:151} INFO - [2025-11-15T00:18:43.551+0000] {dag.py:2915} INFO - Sync 1 DAGs
[2025-11-15T00:18:43.569+0000] {logging_mixin.py:151} INFO - [2025-11-15T00:18:43.568+0000] {dag.py:3696} INFO - Setting next_dagrun for dbt_transform to 2025-11-15T00:15:35.634758+00:00, run_after=2025-11-15T00:20:35.634758+00:00
[2025-11-15T00:18:43.587+0000] {processor.py:179} INFO - Processing /opt/airflow/dags/dbt_dag.py took 0.082 seconds
[2025-11-15T00:19:14.380+0000] {processor.py:157} INFO - Started process (PID=8409) to work on /opt/airflow/dags/dbt_dag.py
[2025-11-15T00:19:14.380+0000] {processor.py:829} INFO - Processing file /opt/airflow/dags/dbt_dag.py for tasks to queue
[2025-11-15T00:19:14.381+0000] {logging_mixin.py:151} INFO - [2025-11-15T00:19:14.381+0000] {dagbag.py:539} INFO - Filling up the DagBag from /opt/airflow/dags/dbt_dag.py
[2025-11-15T00:19:14.399+0000] {processor.py:839} INFO - DAG(s) dict_keys(['dbt_transform']) retrieved from /opt/airflow/dags/dbt_dag.py
[2025-11-15T00:19:14.423+0000] {logging_mixin.py:151} INFO - [2025-11-15T00:19:14.422+0000] {dag.py:2915} INFO - Sync 1 DAGs
[2025-11-15T00:19:14.439+0000] {logging_mixin.py:151} INFO - [2025-11-15T00:19:14.439+0000] {dag.py:3696} INFO - Setting next_dagrun for dbt_transform to 2025-11-15T00:15:35.634758+00:00, run_after=2025-11-15T00:20:35.634758+00:00
[2025-11-15T00:19:14.459+0000] {processor.py:179} INFO - Processing /opt/airflow/dags/dbt_dag.py took 0.082 seconds
[2025-11-15T00:19:44.676+0000] {processor.py:157} INFO - Started process (PID=8414) to work on /opt/airflow/dags/dbt_dag.py
[2025-11-15T00:19:44.677+0000] {processor.py:829} INFO - Processing file /opt/airflow/dags/dbt_dag.py for tasks to queue
[2025-11-15T00:19:44.678+0000] {logging_mixin.py:151} INFO - [2025-11-15T00:19:44.677+0000] {dagbag.py:539} INFO - Filling up the DagBag from /opt/airflow/dags/dbt_dag.py
[2025-11-15T00:19:44.697+0000] {processor.py:839} INFO - DAG(s) dict_keys(['dbt_transform']) retrieved from /opt/airflow/dags/dbt_dag.py
[2025-11-15T00:19:44.720+0000] {logging_mixin.py:151} INFO - [2025-11-15T00:19:44.720+0000] {dag.py:2915} INFO - Sync 1 DAGs
[2025-11-15T00:19:44.736+0000] {logging_mixin.py:151} INFO - [2025-11-15T00:19:44.736+0000] {dag.py:3696} INFO - Setting next_dagrun for dbt_transform to 2025-11-15T00:15:35.634758+00:00, run_after=2025-11-15T00:20:35.634758+00:00
[2025-11-15T00:19:44.755+0000] {processor.py:179} INFO - Processing /opt/airflow/dags/dbt_dag.py took 0.082 seconds
[2025-11-15T00:20:15.417+0000] {processor.py:157} INFO - Started process (PID=8419) to work on /opt/airflow/dags/dbt_dag.py
[2025-11-15T00:20:15.418+0000] {processor.py:829} INFO - Processing file /opt/airflow/dags/dbt_dag.py for tasks to queue
[2025-11-15T00:20:15.418+0000] {logging_mixin.py:151} INFO - [2025-11-15T00:20:15.418+0000] {dagbag.py:539} INFO - Filling up the DagBag from /opt/airflow/dags/dbt_dag.py
[2025-11-15T00:20:15.438+0000] {processor.py:839} INFO - DAG(s) dict_keys(['dbt_transform']) retrieved from /opt/airflow/dags/dbt_dag.py
[2025-11-15T00:20:15.462+0000] {logging_mixin.py:151} INFO - [2025-11-15T00:20:15.462+0000] {dag.py:2915} INFO - Sync 1 DAGs
[2025-11-15T00:20:15.479+0000] {logging_mixin.py:151} INFO - [2025-11-15T00:20:15.479+0000] {dag.py:3696} INFO - Setting next_dagrun for dbt_transform to 2025-11-15T00:15:35.634758+00:00, run_after=2025-11-15T00:20:35.634758+00:00
[2025-11-15T00:20:15.500+0000] {processor.py:179} INFO - Processing /opt/airflow/dags/dbt_dag.py took 0.086 seconds
[2025-11-15T00:20:46.316+0000] {processor.py:157} INFO - Started process (PID=8450) to work on /opt/airflow/dags/dbt_dag.py
[2025-11-15T00:20:46.317+0000] {processor.py:829} INFO - Processing file /opt/airflow/dags/dbt_dag.py for tasks to queue
[2025-11-15T00:20:46.318+0000] {logging_mixin.py:151} INFO - [2025-11-15T00:20:46.318+0000] {dagbag.py:539} INFO - Filling up the DagBag from /opt/airflow/dags/dbt_dag.py
[2025-11-15T00:20:46.342+0000] {processor.py:839} INFO - DAG(s) dict_keys(['dbt_transform']) retrieved from /opt/airflow/dags/dbt_dag.py
[2025-11-15T00:20:46.366+0000] {logging_mixin.py:151} INFO - [2025-11-15T00:20:46.366+0000] {dag.py:2915} INFO - Sync 1 DAGs
[2025-11-15T00:20:46.385+0000] {logging_mixin.py:151} INFO - [2025-11-15T00:20:46.384+0000] {dag.py:3696} INFO - Setting next_dagrun for dbt_transform to 2025-11-15T00:20:35.634758+00:00, run_after=2025-11-15T00:25:35.634758+00:00
[2025-11-15T00:20:46.403+0000] {processor.py:179} INFO - Processing /opt/airflow/dags/dbt_dag.py took 0.090 seconds
[2025-11-15T00:21:16.496+0000] {processor.py:157} INFO - Started process (PID=8455) to work on /opt/airflow/dags/dbt_dag.py
[2025-11-15T00:21:16.497+0000] {processor.py:829} INFO - Processing file /opt/airflow/dags/dbt_dag.py for tasks to queue
[2025-11-15T00:21:16.498+0000] {logging_mixin.py:151} INFO - [2025-11-15T00:21:16.497+0000] {dagbag.py:539} INFO - Filling up the DagBag from /opt/airflow/dags/dbt_dag.py
[2025-11-15T00:21:16.518+0000] {processor.py:839} INFO - DAG(s) dict_keys(['dbt_transform']) retrieved from /opt/airflow/dags/dbt_dag.py
[2025-11-15T00:21:16.538+0000] {logging_mixin.py:151} INFO - [2025-11-15T00:21:16.538+0000] {dag.py:2915} INFO - Sync 1 DAGs
[2025-11-15T00:21:16.555+0000] {logging_mixin.py:151} INFO - [2025-11-15T00:21:16.555+0000] {dag.py:3696} INFO - Setting next_dagrun for dbt_transform to 2025-11-15T00:20:35.634758+00:00, run_after=2025-11-15T00:25:35.634758+00:00
[2025-11-15T00:21:16.575+0000] {processor.py:179} INFO - Processing /opt/airflow/dags/dbt_dag.py took 0.082 seconds
[2025-11-15T00:21:47.381+0000] {processor.py:157} INFO - Started process (PID=8460) to work on /opt/airflow/dags/dbt_dag.py
[2025-11-15T00:21:47.382+0000] {processor.py:829} INFO - Processing file /opt/airflow/dags/dbt_dag.py for tasks to queue
[2025-11-15T00:21:47.383+0000] {logging_mixin.py:151} INFO - [2025-11-15T00:21:47.382+0000] {dagbag.py:539} INFO - Filling up the DagBag from /opt/airflow/dags/dbt_dag.py
[2025-11-15T00:21:47.404+0000] {processor.py:839} INFO - DAG(s) dict_keys(['dbt_transform']) retrieved from /opt/airflow/dags/dbt_dag.py
[2025-11-15T00:21:47.429+0000] {logging_mixin.py:151} INFO - [2025-11-15T00:21:47.429+0000] {dag.py:2915} INFO - Sync 1 DAGs
[2025-11-15T00:21:47.444+0000] {logging_mixin.py:151} INFO - [2025-11-15T00:21:47.444+0000] {dag.py:3696} INFO - Setting next_dagrun for dbt_transform to 2025-11-15T00:20:35.634758+00:00, run_after=2025-11-15T00:25:35.634758+00:00
[2025-11-15T00:21:47.462+0000] {processor.py:179} INFO - Processing /opt/airflow/dags/dbt_dag.py took 0.083 seconds
[2025-11-15T00:22:18.405+0000] {processor.py:157} INFO - Started process (PID=8465) to work on /opt/airflow/dags/dbt_dag.py
[2025-11-15T00:22:18.406+0000] {processor.py:829} INFO - Processing file /opt/airflow/dags/dbt_dag.py for tasks to queue
[2025-11-15T00:22:18.407+0000] {logging_mixin.py:151} INFO - [2025-11-15T00:22:18.407+0000] {dagbag.py:539} INFO - Filling up the DagBag from /opt/airflow/dags/dbt_dag.py
[2025-11-15T00:22:18.426+0000] {processor.py:839} INFO - DAG(s) dict_keys(['dbt_transform']) retrieved from /opt/airflow/dags/dbt_dag.py
[2025-11-15T00:22:18.449+0000] {logging_mixin.py:151} INFO - [2025-11-15T00:22:18.448+0000] {dag.py:2915} INFO - Sync 1 DAGs
[2025-11-15T00:22:18.465+0000] {logging_mixin.py:151} INFO - [2025-11-15T00:22:18.465+0000] {dag.py:3696} INFO - Setting next_dagrun for dbt_transform to 2025-11-15T00:20:35.634758+00:00, run_after=2025-11-15T00:25:35.634758+00:00
[2025-11-15T00:22:18.486+0000] {processor.py:179} INFO - Processing /opt/airflow/dags/dbt_dag.py took 0.083 seconds
[2025-11-15T00:22:49.464+0000] {processor.py:157} INFO - Started process (PID=8470) to work on /opt/airflow/dags/dbt_dag.py
[2025-11-15T00:22:49.464+0000] {processor.py:829} INFO - Processing file /opt/airflow/dags/dbt_dag.py for tasks to queue
[2025-11-15T00:22:49.465+0000] {logging_mixin.py:151} INFO - [2025-11-15T00:22:49.465+0000] {dagbag.py:539} INFO - Filling up the DagBag from /opt/airflow/dags/dbt_dag.py
[2025-11-15T00:22:49.484+0000] {processor.py:839} INFO - DAG(s) dict_keys(['dbt_transform']) retrieved from /opt/airflow/dags/dbt_dag.py
[2025-11-15T00:22:49.507+0000] {logging_mixin.py:151} INFO - [2025-11-15T00:22:49.507+0000] {dag.py:2915} INFO - Sync 1 DAGs
[2025-11-15T00:22:49.524+0000] {logging_mixin.py:151} INFO - [2025-11-15T00:22:49.524+0000] {dag.py:3696} INFO - Setting next_dagrun for dbt_transform to 2025-11-15T00:20:35.634758+00:00, run_after=2025-11-15T00:25:35.634758+00:00
[2025-11-15T00:22:49.545+0000] {processor.py:179} INFO - Processing /opt/airflow/dags/dbt_dag.py took 0.083 seconds
[2025-11-15T00:23:20.253+0000] {processor.py:157} INFO - Started process (PID=8475) to work on /opt/airflow/dags/dbt_dag.py
[2025-11-15T00:23:20.254+0000] {processor.py:829} INFO - Processing file /opt/airflow/dags/dbt_dag.py for tasks to queue
[2025-11-15T00:23:20.255+0000] {logging_mixin.py:151} INFO - [2025-11-15T00:23:20.254+0000] {dagbag.py:539} INFO - Filling up the DagBag from /opt/airflow/dags/dbt_dag.py
[2025-11-15T00:23:20.273+0000] {processor.py:839} INFO - DAG(s) dict_keys(['dbt_transform']) retrieved from /opt/airflow/dags/dbt_dag.py
[2025-11-15T00:23:20.296+0000] {logging_mixin.py:151} INFO - [2025-11-15T00:23:20.296+0000] {dag.py:2915} INFO - Sync 1 DAGs
[2025-11-15T00:23:20.313+0000] {logging_mixin.py:151} INFO - [2025-11-15T00:23:20.313+0000] {dag.py:3696} INFO - Setting next_dagrun for dbt_transform to 2025-11-15T00:20:35.634758+00:00, run_after=2025-11-15T00:25:35.634758+00:00
[2025-11-15T00:23:20.334+0000] {processor.py:179} INFO - Processing /opt/airflow/dags/dbt_dag.py took 0.084 seconds
[2025-11-15T00:23:51.270+0000] {processor.py:157} INFO - Started process (PID=8480) to work on /opt/airflow/dags/dbt_dag.py
[2025-11-15T00:23:51.271+0000] {processor.py:829} INFO - Processing file /opt/airflow/dags/dbt_dag.py for tasks to queue
[2025-11-15T00:23:51.272+0000] {logging_mixin.py:151} INFO - [2025-11-15T00:23:51.272+0000] {dagbag.py:539} INFO - Filling up the DagBag from /opt/airflow/dags/dbt_dag.py
[2025-11-15T00:23:51.292+0000] {processor.py:839} INFO - DAG(s) dict_keys(['dbt_transform']) retrieved from /opt/airflow/dags/dbt_dag.py
[2025-11-15T00:23:51.315+0000] {logging_mixin.py:151} INFO - [2025-11-15T00:23:51.315+0000] {dag.py:2915} INFO - Sync 1 DAGs
[2025-11-15T00:23:51.333+0000] {logging_mixin.py:151} INFO - [2025-11-15T00:23:51.333+0000] {dag.py:3696} INFO - Setting next_dagrun for dbt_transform to 2025-11-15T00:20:35.634758+00:00, run_after=2025-11-15T00:25:35.634758+00:00
[2025-11-15T00:23:51.353+0000] {processor.py:179} INFO - Processing /opt/airflow/dags/dbt_dag.py took 0.086 seconds
[2025-11-15T00:24:22.193+0000] {processor.py:157} INFO - Started process (PID=8485) to work on /opt/airflow/dags/dbt_dag.py
[2025-11-15T00:24:22.194+0000] {processor.py:829} INFO - Processing file /opt/airflow/dags/dbt_dag.py for tasks to queue
[2025-11-15T00:24:22.195+0000] {logging_mixin.py:151} INFO - [2025-11-15T00:24:22.194+0000] {dagbag.py:539} INFO - Filling up the DagBag from /opt/airflow/dags/dbt_dag.py
[2025-11-15T00:24:22.213+0000] {processor.py:839} INFO - DAG(s) dict_keys(['dbt_transform']) retrieved from /opt/airflow/dags/dbt_dag.py
[2025-11-15T00:24:22.236+0000] {logging_mixin.py:151} INFO - [2025-11-15T00:24:22.235+0000] {dag.py:2915} INFO - Sync 1 DAGs
[2025-11-15T00:24:22.253+0000] {logging_mixin.py:151} INFO - [2025-11-15T00:24:22.253+0000] {dag.py:3696} INFO - Setting next_dagrun for dbt_transform to 2025-11-15T00:20:35.634758+00:00, run_after=2025-11-15T00:25:35.634758+00:00
[2025-11-15T00:24:22.273+0000] {processor.py:179} INFO - Processing /opt/airflow/dags/dbt_dag.py took 0.083 seconds
[2025-11-15T00:24:53.037+0000] {processor.py:157} INFO - Started process (PID=8490) to work on /opt/airflow/dags/dbt_dag.py
[2025-11-15T00:24:53.038+0000] {processor.py:829} INFO - Processing file /opt/airflow/dags/dbt_dag.py for tasks to queue
[2025-11-15T00:24:53.039+0000] {logging_mixin.py:151} INFO - [2025-11-15T00:24:53.038+0000] {dagbag.py:539} INFO - Filling up the DagBag from /opt/airflow/dags/dbt_dag.py
[2025-11-15T00:24:53.057+0000] {processor.py:839} INFO - DAG(s) dict_keys(['dbt_transform']) retrieved from /opt/airflow/dags/dbt_dag.py
[2025-11-15T00:24:53.079+0000] {logging_mixin.py:151} INFO - [2025-11-15T00:24:53.079+0000] {dag.py:2915} INFO - Sync 1 DAGs
[2025-11-15T00:24:53.096+0000] {logging_mixin.py:151} INFO - [2025-11-15T00:24:53.096+0000] {dag.py:3696} INFO - Setting next_dagrun for dbt_transform to 2025-11-15T00:20:35.634758+00:00, run_after=2025-11-15T00:25:35.634758+00:00
[2025-11-15T00:24:53.114+0000] {processor.py:179} INFO - Processing /opt/airflow/dags/dbt_dag.py took 0.080 seconds
[2025-11-15T00:25:23.929+0000] {processor.py:157} INFO - Started process (PID=8495) to work on /opt/airflow/dags/dbt_dag.py
[2025-11-15T00:25:23.930+0000] {processor.py:829} INFO - Processing file /opt/airflow/dags/dbt_dag.py for tasks to queue
[2025-11-15T00:25:23.931+0000] {logging_mixin.py:151} INFO - [2025-11-15T00:25:23.931+0000] {dagbag.py:539} INFO - Filling up the DagBag from /opt/airflow/dags/dbt_dag.py
[2025-11-15T00:25:23.950+0000] {processor.py:839} INFO - DAG(s) dict_keys(['dbt_transform']) retrieved from /opt/airflow/dags/dbt_dag.py
[2025-11-15T00:25:23.972+0000] {logging_mixin.py:151} INFO - [2025-11-15T00:25:23.972+0000] {dag.py:2915} INFO - Sync 1 DAGs
[2025-11-15T00:25:23.990+0000] {logging_mixin.py:151} INFO - [2025-11-15T00:25:23.989+0000] {dag.py:3696} INFO - Setting next_dagrun for dbt_transform to 2025-11-15T00:20:35.634758+00:00, run_after=2025-11-15T00:25:35.634758+00:00
[2025-11-15T00:25:24.010+0000] {processor.py:179} INFO - Processing /opt/airflow/dags/dbt_dag.py took 0.084 seconds
[2025-11-15T00:25:55.025+0000] {processor.py:157} INFO - Started process (PID=8522) to work on /opt/airflow/dags/dbt_dag.py
[2025-11-15T00:25:55.026+0000] {processor.py:829} INFO - Processing file /opt/airflow/dags/dbt_dag.py for tasks to queue
[2025-11-15T00:25:55.027+0000] {logging_mixin.py:151} INFO - [2025-11-15T00:25:55.027+0000] {dagbag.py:539} INFO - Filling up the DagBag from /opt/airflow/dags/dbt_dag.py
[2025-11-15T00:25:55.043+0000] {processor.py:839} INFO - DAG(s) dict_keys(['dbt_transform']) retrieved from /opt/airflow/dags/dbt_dag.py
[2025-11-15T00:25:55.065+0000] {logging_mixin.py:151} INFO - [2025-11-15T00:25:55.064+0000] {dag.py:2915} INFO - Sync 1 DAGs
[2025-11-15T00:25:55.080+0000] {logging_mixin.py:151} INFO - [2025-11-15T00:25:55.080+0000] {dag.py:3696} INFO - Setting next_dagrun for dbt_transform to 2025-11-15T00:25:35.634758+00:00, run_after=2025-11-15T00:30:35.634758+00:00
[2025-11-15T00:25:55.099+0000] {processor.py:179} INFO - Processing /opt/airflow/dags/dbt_dag.py took 0.077 seconds
[2025-11-15T00:26:25.289+0000] {processor.py:157} INFO - Started process (PID=8527) to work on /opt/airflow/dags/dbt_dag.py
[2025-11-15T00:26:25.290+0000] {processor.py:829} INFO - Processing file /opt/airflow/dags/dbt_dag.py for tasks to queue
[2025-11-15T00:26:25.291+0000] {logging_mixin.py:151} INFO - [2025-11-15T00:26:25.291+0000] {dagbag.py:539} INFO - Filling up the DagBag from /opt/airflow/dags/dbt_dag.py
[2025-11-15T00:26:25.312+0000] {processor.py:839} INFO - DAG(s) dict_keys(['dbt_transform']) retrieved from /opt/airflow/dags/dbt_dag.py
[2025-11-15T00:26:25.336+0000] {logging_mixin.py:151} INFO - [2025-11-15T00:26:25.336+0000] {dag.py:2915} INFO - Sync 1 DAGs
[2025-11-15T00:26:25.351+0000] {logging_mixin.py:151} INFO - [2025-11-15T00:26:25.351+0000] {dag.py:3696} INFO - Setting next_dagrun for dbt_transform to 2025-11-15T00:25:35.634758+00:00, run_after=2025-11-15T00:30:35.634758+00:00
[2025-11-15T00:26:25.372+0000] {processor.py:179} INFO - Processing /opt/airflow/dags/dbt_dag.py took 0.085 seconds
[2025-11-15T00:26:56.231+0000] {processor.py:157} INFO - Started process (PID=8532) to work on /opt/airflow/dags/dbt_dag.py
[2025-11-15T00:26:56.232+0000] {processor.py:829} INFO - Processing file /opt/airflow/dags/dbt_dag.py for tasks to queue
[2025-11-15T00:26:56.233+0000] {logging_mixin.py:151} INFO - [2025-11-15T00:26:56.232+0000] {dagbag.py:539} INFO - Filling up the DagBag from /opt/airflow/dags/dbt_dag.py
[2025-11-15T00:26:56.248+0000] {processor.py:839} INFO - DAG(s) dict_keys(['dbt_transform']) retrieved from /opt/airflow/dags/dbt_dag.py
[2025-11-15T00:26:56.271+0000] {logging_mixin.py:151} INFO - [2025-11-15T00:26:56.271+0000] {dag.py:2915} INFO - Sync 1 DAGs
[2025-11-15T00:26:56.289+0000] {logging_mixin.py:151} INFO - [2025-11-15T00:26:56.289+0000] {dag.py:3696} INFO - Setting next_dagrun for dbt_transform to 2025-11-15T00:25:35.634758+00:00, run_after=2025-11-15T00:30:35.634758+00:00
[2025-11-15T00:26:56.308+0000] {processor.py:179} INFO - Processing /opt/airflow/dags/dbt_dag.py took 0.079 seconds
[2025-11-15T00:27:26.394+0000] {processor.py:157} INFO - Started process (PID=8537) to work on /opt/airflow/dags/dbt_dag.py
[2025-11-15T00:27:26.395+0000] {processor.py:829} INFO - Processing file /opt/airflow/dags/dbt_dag.py for tasks to queue
[2025-11-15T00:27:26.395+0000] {logging_mixin.py:151} INFO - [2025-11-15T00:27:26.395+0000] {dagbag.py:539} INFO - Filling up the DagBag from /opt/airflow/dags/dbt_dag.py
[2025-11-15T00:27:26.420+0000] {processor.py:839} INFO - DAG(s) dict_keys(['dbt_transform']) retrieved from /opt/airflow/dags/dbt_dag.py
[2025-11-15T00:27:26.443+0000] {logging_mixin.py:151} INFO - [2025-11-15T00:27:26.443+0000] {dag.py:2915} INFO - Sync 1 DAGs
[2025-11-15T00:27:26.459+0000] {logging_mixin.py:151} INFO - [2025-11-15T00:27:26.459+0000] {dag.py:3696} INFO - Setting next_dagrun for dbt_transform to 2025-11-15T00:25:35.634758+00:00, run_after=2025-11-15T00:30:35.634758+00:00
[2025-11-15T00:27:26.478+0000] {processor.py:179} INFO - Processing /opt/airflow/dags/dbt_dag.py took 0.086 seconds
[2025-11-15T00:27:57.356+0000] {processor.py:157} INFO - Started process (PID=8542) to work on /opt/airflow/dags/dbt_dag.py
[2025-11-15T00:27:57.356+0000] {processor.py:829} INFO - Processing file /opt/airflow/dags/dbt_dag.py for tasks to queue
[2025-11-15T00:27:57.357+0000] {logging_mixin.py:151} INFO - [2025-11-15T00:27:57.357+0000] {dagbag.py:539} INFO - Filling up the DagBag from /opt/airflow/dags/dbt_dag.py
[2025-11-15T00:27:57.375+0000] {processor.py:839} INFO - DAG(s) dict_keys(['dbt_transform']) retrieved from /opt/airflow/dags/dbt_dag.py
[2025-11-15T00:27:57.398+0000] {logging_mixin.py:151} INFO - [2025-11-15T00:27:57.397+0000] {dag.py:2915} INFO - Sync 1 DAGs
[2025-11-15T00:27:57.415+0000] {logging_mixin.py:151} INFO - [2025-11-15T00:27:57.415+0000] {dag.py:3696} INFO - Setting next_dagrun for dbt_transform to 2025-11-15T00:25:35.634758+00:00, run_after=2025-11-15T00:30:35.634758+00:00
[2025-11-15T00:27:57.433+0000] {processor.py:179} INFO - Processing /opt/airflow/dags/dbt_dag.py took 0.080 seconds
[2025-11-15T00:28:28.206+0000] {processor.py:157} INFO - Started process (PID=8547) to work on /opt/airflow/dags/dbt_dag.py
[2025-11-15T00:28:28.207+0000] {processor.py:829} INFO - Processing file /opt/airflow/dags/dbt_dag.py for tasks to queue
[2025-11-15T00:28:28.208+0000] {logging_mixin.py:151} INFO - [2025-11-15T00:28:28.207+0000] {dagbag.py:539} INFO - Filling up the DagBag from /opt/airflow/dags/dbt_dag.py
[2025-11-15T00:28:28.231+0000] {processor.py:839} INFO - DAG(s) dict_keys(['dbt_transform']) retrieved from /opt/airflow/dags/dbt_dag.py
[2025-11-15T00:28:28.255+0000] {logging_mixin.py:151} INFO - [2025-11-15T00:28:28.255+0000] {dag.py:2915} INFO - Sync 1 DAGs
[2025-11-15T00:28:28.273+0000] {logging_mixin.py:151} INFO - [2025-11-15T00:28:28.273+0000] {dag.py:3696} INFO - Setting next_dagrun for dbt_transform to 2025-11-15T00:25:35.634758+00:00, run_after=2025-11-15T00:30:35.634758+00:00
[2025-11-15T00:28:28.290+0000] {processor.py:179} INFO - Processing /opt/airflow/dags/dbt_dag.py took 0.087 seconds
[2025-11-15T00:28:58.986+0000] {processor.py:157} INFO - Started process (PID=8552) to work on /opt/airflow/dags/dbt_dag.py
[2025-11-15T00:28:58.986+0000] {processor.py:829} INFO - Processing file /opt/airflow/dags/dbt_dag.py for tasks to queue
[2025-11-15T00:28:58.987+0000] {logging_mixin.py:151} INFO - [2025-11-15T00:28:58.987+0000] {dagbag.py:539} INFO - Filling up the DagBag from /opt/airflow/dags/dbt_dag.py
[2025-11-15T00:28:59.006+0000] {processor.py:839} INFO - DAG(s) dict_keys(['dbt_transform']) retrieved from /opt/airflow/dags/dbt_dag.py
[2025-11-15T00:28:59.030+0000] {logging_mixin.py:151} INFO - [2025-11-15T00:28:59.030+0000] {dag.py:2915} INFO - Sync 1 DAGs
[2025-11-15T00:28:59.047+0000] {logging_mixin.py:151} INFO - [2025-11-15T00:28:59.046+0000] {dag.py:3696} INFO - Setting next_dagrun for dbt_transform to 2025-11-15T00:25:35.634758+00:00, run_after=2025-11-15T00:30:35.634758+00:00
[2025-11-15T00:28:59.067+0000] {processor.py:179} INFO - Processing /opt/airflow/dags/dbt_dag.py took 0.084 seconds
[2025-11-15T00:29:29.695+0000] {processor.py:157} INFO - Started process (PID=8557) to work on /opt/airflow/dags/dbt_dag.py
[2025-11-15T00:29:29.696+0000] {processor.py:829} INFO - Processing file /opt/airflow/dags/dbt_dag.py for tasks to queue
[2025-11-15T00:29:29.697+0000] {logging_mixin.py:151} INFO - [2025-11-15T00:29:29.697+0000] {dagbag.py:539} INFO - Filling up the DagBag from /opt/airflow/dags/dbt_dag.py
[2025-11-15T00:29:29.716+0000] {processor.py:839} INFO - DAG(s) dict_keys(['dbt_transform']) retrieved from /opt/airflow/dags/dbt_dag.py
[2025-11-15T00:29:29.741+0000] {logging_mixin.py:151} INFO - [2025-11-15T00:29:29.741+0000] {dag.py:2915} INFO - Sync 1 DAGs
[2025-11-15T00:29:29.758+0000] {logging_mixin.py:151} INFO - [2025-11-15T00:29:29.758+0000] {dag.py:3696} INFO - Setting next_dagrun for dbt_transform to 2025-11-15T00:25:35.634758+00:00, run_after=2025-11-15T00:30:35.634758+00:00
[2025-11-15T00:29:29.779+0000] {processor.py:179} INFO - Processing /opt/airflow/dags/dbt_dag.py took 0.087 seconds
[2025-11-15T00:30:00.458+0000] {processor.py:157} INFO - Started process (PID=8562) to work on /opt/airflow/dags/dbt_dag.py
[2025-11-15T00:30:00.459+0000] {processor.py:829} INFO - Processing file /opt/airflow/dags/dbt_dag.py for tasks to queue
[2025-11-15T00:30:00.460+0000] {logging_mixin.py:151} INFO - [2025-11-15T00:30:00.460+0000] {dagbag.py:539} INFO - Filling up the DagBag from /opt/airflow/dags/dbt_dag.py
[2025-11-15T00:30:00.487+0000] {processor.py:839} INFO - DAG(s) dict_keys(['dbt_transform']) retrieved from /opt/airflow/dags/dbt_dag.py
[2025-11-15T00:30:00.511+0000] {logging_mixin.py:151} INFO - [2025-11-15T00:30:00.511+0000] {dag.py:2915} INFO - Sync 1 DAGs
[2025-11-15T00:30:00.528+0000] {logging_mixin.py:151} INFO - [2025-11-15T00:30:00.528+0000] {dag.py:3696} INFO - Setting next_dagrun for dbt_transform to 2025-11-15T00:25:35.634758+00:00, run_after=2025-11-15T00:30:35.634758+00:00
[2025-11-15T00:30:00.545+0000] {processor.py:179} INFO - Processing /opt/airflow/dags/dbt_dag.py took 0.091 seconds
[2025-11-15T00:30:31.507+0000] {processor.py:157} INFO - Started process (PID=8567) to work on /opt/airflow/dags/dbt_dag.py
[2025-11-15T00:30:31.508+0000] {processor.py:829} INFO - Processing file /opt/airflow/dags/dbt_dag.py for tasks to queue
[2025-11-15T00:30:31.509+0000] {logging_mixin.py:151} INFO - [2025-11-15T00:30:31.508+0000] {dagbag.py:539} INFO - Filling up the DagBag from /opt/airflow/dags/dbt_dag.py
[2025-11-15T00:30:31.527+0000] {processor.py:839} INFO - DAG(s) dict_keys(['dbt_transform']) retrieved from /opt/airflow/dags/dbt_dag.py
[2025-11-15T00:30:31.548+0000] {logging_mixin.py:151} INFO - [2025-11-15T00:30:31.548+0000] {dag.py:2915} INFO - Sync 1 DAGs
[2025-11-15T00:30:31.565+0000] {logging_mixin.py:151} INFO - [2025-11-15T00:30:31.565+0000] {dag.py:3696} INFO - Setting next_dagrun for dbt_transform to 2025-11-15T00:25:35.634758+00:00, run_after=2025-11-15T00:30:35.634758+00:00
[2025-11-15T00:30:31.581+0000] {processor.py:179} INFO - Processing /opt/airflow/dags/dbt_dag.py took 0.077 seconds
[2025-11-15T00:31:01.676+0000] {processor.py:157} INFO - Started process (PID=8597) to work on /opt/airflow/dags/dbt_dag.py
[2025-11-15T00:31:01.677+0000] {processor.py:829} INFO - Processing file /opt/airflow/dags/dbt_dag.py for tasks to queue
[2025-11-15T00:31:01.678+0000] {logging_mixin.py:151} INFO - [2025-11-15T00:31:01.678+0000] {dagbag.py:539} INFO - Filling up the DagBag from /opt/airflow/dags/dbt_dag.py
[2025-11-15T00:31:01.696+0000] {processor.py:839} INFO - DAG(s) dict_keys(['dbt_transform']) retrieved from /opt/airflow/dags/dbt_dag.py
[2025-11-15T00:31:01.721+0000] {logging_mixin.py:151} INFO - [2025-11-15T00:31:01.721+0000] {dag.py:2915} INFO - Sync 1 DAGs
[2025-11-15T00:31:01.737+0000] {logging_mixin.py:151} INFO - [2025-11-15T00:31:01.737+0000] {dag.py:3696} INFO - Setting next_dagrun for dbt_transform to 2025-11-15T00:30:35.634758+00:00, run_after=2025-11-15T00:35:35.634758+00:00
[2025-11-15T00:31:01.760+0000] {processor.py:179} INFO - Processing /opt/airflow/dags/dbt_dag.py took 0.086 seconds
[2025-11-15T00:31:32.089+0000] {processor.py:157} INFO - Started process (PID=8602) to work on /opt/airflow/dags/dbt_dag.py
[2025-11-15T00:31:32.090+0000] {processor.py:829} INFO - Processing file /opt/airflow/dags/dbt_dag.py for tasks to queue
[2025-11-15T00:31:32.091+0000] {logging_mixin.py:151} INFO - [2025-11-15T00:31:32.091+0000] {dagbag.py:539} INFO - Filling up the DagBag from /opt/airflow/dags/dbt_dag.py
[2025-11-15T00:31:32.118+0000] {processor.py:839} INFO - DAG(s) dict_keys(['dbt_transform']) retrieved from /opt/airflow/dags/dbt_dag.py
[2025-11-15T00:31:32.147+0000] {logging_mixin.py:151} INFO - [2025-11-15T00:31:32.147+0000] {dag.py:2915} INFO - Sync 1 DAGs
[2025-11-15T00:31:32.167+0000] {logging_mixin.py:151} INFO - [2025-11-15T00:31:32.167+0000] {dag.py:3696} INFO - Setting next_dagrun for dbt_transform to 2025-11-15T00:30:35.634758+00:00, run_after=2025-11-15T00:35:35.634758+00:00
[2025-11-15T00:31:32.188+0000] {processor.py:179} INFO - Processing /opt/airflow/dags/dbt_dag.py took 0.103 seconds
[2025-11-15T00:32:02.241+0000] {processor.py:157} INFO - Started process (PID=8607) to work on /opt/airflow/dags/dbt_dag.py
[2025-11-15T00:32:02.241+0000] {processor.py:829} INFO - Processing file /opt/airflow/dags/dbt_dag.py for tasks to queue
[2025-11-15T00:32:02.242+0000] {logging_mixin.py:151} INFO - [2025-11-15T00:32:02.242+0000] {dagbag.py:539} INFO - Filling up the DagBag from /opt/airflow/dags/dbt_dag.py
[2025-11-15T00:32:02.264+0000] {processor.py:839} INFO - DAG(s) dict_keys(['dbt_transform']) retrieved from /opt/airflow/dags/dbt_dag.py
[2025-11-15T00:32:02.287+0000] {logging_mixin.py:151} INFO - [2025-11-15T00:32:02.286+0000] {dag.py:2915} INFO - Sync 1 DAGs
[2025-11-15T00:32:02.304+0000] {logging_mixin.py:151} INFO - [2025-11-15T00:32:02.304+0000] {dag.py:3696} INFO - Setting next_dagrun for dbt_transform to 2025-11-15T00:30:35.634758+00:00, run_after=2025-11-15T00:35:35.634758+00:00
[2025-11-15T00:32:02.320+0000] {processor.py:179} INFO - Processing /opt/airflow/dags/dbt_dag.py took 0.081 seconds
[2025-11-15T00:32:32.655+0000] {processor.py:157} INFO - Started process (PID=8612) to work on /opt/airflow/dags/dbt_dag.py
[2025-11-15T00:32:32.655+0000] {processor.py:829} INFO - Processing file /opt/airflow/dags/dbt_dag.py for tasks to queue
[2025-11-15T00:32:32.656+0000] {logging_mixin.py:151} INFO - [2025-11-15T00:32:32.656+0000] {dagbag.py:539} INFO - Filling up the DagBag from /opt/airflow/dags/dbt_dag.py
[2025-11-15T00:32:32.673+0000] {processor.py:839} INFO - DAG(s) dict_keys(['dbt_transform']) retrieved from /opt/airflow/dags/dbt_dag.py
[2025-11-15T00:32:32.696+0000] {logging_mixin.py:151} INFO - [2025-11-15T00:32:32.696+0000] {dag.py:2915} INFO - Sync 1 DAGs
[2025-11-15T00:32:32.713+0000] {logging_mixin.py:151} INFO - [2025-11-15T00:32:32.713+0000] {dag.py:3696} INFO - Setting next_dagrun for dbt_transform to 2025-11-15T00:30:35.634758+00:00, run_after=2025-11-15T00:35:35.634758+00:00
[2025-11-15T00:32:32.735+0000] {processor.py:179} INFO - Processing /opt/airflow/dags/dbt_dag.py took 0.083 seconds
[2025-11-15T00:33:03.431+0000] {processor.py:157} INFO - Started process (PID=8617) to work on /opt/airflow/dags/dbt_dag.py
[2025-11-15T00:33:03.432+0000] {processor.py:829} INFO - Processing file /opt/airflow/dags/dbt_dag.py for tasks to queue
[2025-11-15T00:33:03.433+0000] {logging_mixin.py:151} INFO - [2025-11-15T00:33:03.432+0000] {dagbag.py:539} INFO - Filling up the DagBag from /opt/airflow/dags/dbt_dag.py
[2025-11-15T00:33:03.457+0000] {processor.py:839} INFO - DAG(s) dict_keys(['dbt_transform']) retrieved from /opt/airflow/dags/dbt_dag.py
[2025-11-15T00:33:03.482+0000] {logging_mixin.py:151} INFO - [2025-11-15T00:33:03.482+0000] {dag.py:2915} INFO - Sync 1 DAGs
[2025-11-15T00:33:03.499+0000] {logging_mixin.py:151} INFO - [2025-11-15T00:33:03.499+0000] {dag.py:3696} INFO - Setting next_dagrun for dbt_transform to 2025-11-15T00:30:35.634758+00:00, run_after=2025-11-15T00:35:35.634758+00:00
[2025-11-15T00:33:03.520+0000] {processor.py:179} INFO - Processing /opt/airflow/dags/dbt_dag.py took 0.092 seconds
[2025-11-15T00:33:34.276+0000] {processor.py:157} INFO - Started process (PID=8622) to work on /opt/airflow/dags/dbt_dag.py
[2025-11-15T00:33:34.276+0000] {processor.py:829} INFO - Processing file /opt/airflow/dags/dbt_dag.py for tasks to queue
[2025-11-15T00:33:34.277+0000] {logging_mixin.py:151} INFO - [2025-11-15T00:33:34.277+0000] {dagbag.py:539} INFO - Filling up the DagBag from /opt/airflow/dags/dbt_dag.py
[2025-11-15T00:33:34.296+0000] {processor.py:839} INFO - DAG(s) dict_keys(['dbt_transform']) retrieved from /opt/airflow/dags/dbt_dag.py
[2025-11-15T00:33:34.319+0000] {logging_mixin.py:151} INFO - [2025-11-15T00:33:34.319+0000] {dag.py:2915} INFO - Sync 1 DAGs
[2025-11-15T00:33:34.336+0000] {logging_mixin.py:151} INFO - [2025-11-15T00:33:34.335+0000] {dag.py:3696} INFO - Setting next_dagrun for dbt_transform to 2025-11-15T00:30:35.634758+00:00, run_after=2025-11-15T00:35:35.634758+00:00
[2025-11-15T00:33:34.355+0000] {processor.py:179} INFO - Processing /opt/airflow/dags/dbt_dag.py took 0.082 seconds
[2025-11-15T00:34:04.676+0000] {processor.py:157} INFO - Started process (PID=8627) to work on /opt/airflow/dags/dbt_dag.py
[2025-11-15T00:34:04.676+0000] {processor.py:829} INFO - Processing file /opt/airflow/dags/dbt_dag.py for tasks to queue
[2025-11-15T00:34:04.677+0000] {logging_mixin.py:151} INFO - [2025-11-15T00:34:04.677+0000] {dagbag.py:539} INFO - Filling up the DagBag from /opt/airflow/dags/dbt_dag.py
[2025-11-15T00:34:04.696+0000] {processor.py:839} INFO - DAG(s) dict_keys(['dbt_transform']) retrieved from /opt/airflow/dags/dbt_dag.py
[2025-11-15T00:34:04.718+0000] {logging_mixin.py:151} INFO - [2025-11-15T00:34:04.718+0000] {dag.py:2915} INFO - Sync 1 DAGs
[2025-11-15T00:34:04.735+0000] {logging_mixin.py:151} INFO - [2025-11-15T00:34:04.735+0000] {dag.py:3696} INFO - Setting next_dagrun for dbt_transform to 2025-11-15T00:30:35.634758+00:00, run_after=2025-11-15T00:35:35.634758+00:00
[2025-11-15T00:34:04.756+0000] {processor.py:179} INFO - Processing /opt/airflow/dags/dbt_dag.py took 0.083 seconds
[2025-11-15T00:34:35.487+0000] {processor.py:157} INFO - Started process (PID=8632) to work on /opt/airflow/dags/dbt_dag.py
[2025-11-15T00:34:35.488+0000] {processor.py:829} INFO - Processing file /opt/airflow/dags/dbt_dag.py for tasks to queue
[2025-11-15T00:34:35.489+0000] {logging_mixin.py:151} INFO - [2025-11-15T00:34:35.489+0000] {dagbag.py:539} INFO - Filling up the DagBag from /opt/airflow/dags/dbt_dag.py
[2025-11-15T00:34:35.510+0000] {processor.py:839} INFO - DAG(s) dict_keys(['dbt_transform']) retrieved from /opt/airflow/dags/dbt_dag.py
[2025-11-15T00:34:35.536+0000] {logging_mixin.py:151} INFO - [2025-11-15T00:34:35.536+0000] {dag.py:2915} INFO - Sync 1 DAGs
[2025-11-15T00:34:35.551+0000] {logging_mixin.py:151} INFO - [2025-11-15T00:34:35.551+0000] {dag.py:3696} INFO - Setting next_dagrun for dbt_transform to 2025-11-15T00:30:35.634758+00:00, run_after=2025-11-15T00:35:35.634758+00:00
[2025-11-15T00:34:35.568+0000] {processor.py:179} INFO - Processing /opt/airflow/dags/dbt_dag.py took 0.086 seconds
[2025-11-15T00:35:06.397+0000] {processor.py:157} INFO - Started process (PID=8637) to work on /opt/airflow/dags/dbt_dag.py
[2025-11-15T00:35:06.398+0000] {processor.py:829} INFO - Processing file /opt/airflow/dags/dbt_dag.py for tasks to queue
[2025-11-15T00:35:06.399+0000] {logging_mixin.py:151} INFO - [2025-11-15T00:35:06.399+0000] {dagbag.py:539} INFO - Filling up the DagBag from /opt/airflow/dags/dbt_dag.py
[2025-11-15T00:35:06.421+0000] {processor.py:839} INFO - DAG(s) dict_keys(['dbt_transform']) retrieved from /opt/airflow/dags/dbt_dag.py
[2025-11-15T00:35:06.445+0000] {logging_mixin.py:151} INFO - [2025-11-15T00:35:06.445+0000] {dag.py:2915} INFO - Sync 1 DAGs
[2025-11-15T00:35:06.463+0000] {logging_mixin.py:151} INFO - [2025-11-15T00:35:06.463+0000] {dag.py:3696} INFO - Setting next_dagrun for dbt_transform to 2025-11-15T00:30:35.634758+00:00, run_after=2025-11-15T00:35:35.634758+00:00
[2025-11-15T00:35:06.485+0000] {processor.py:179} INFO - Processing /opt/airflow/dags/dbt_dag.py took 0.090 seconds
[2025-11-15T00:35:37.289+0000] {processor.py:157} INFO - Started process (PID=8654) to work on /opt/airflow/dags/dbt_dag.py
[2025-11-15T00:35:37.290+0000] {processor.py:829} INFO - Processing file /opt/airflow/dags/dbt_dag.py for tasks to queue
[2025-11-15T00:35:37.291+0000] {logging_mixin.py:151} INFO - [2025-11-15T00:35:37.290+0000] {dagbag.py:539} INFO - Filling up the DagBag from /opt/airflow/dags/dbt_dag.py
[2025-11-15T00:35:37.310+0000] {processor.py:839} INFO - DAG(s) dict_keys(['dbt_transform']) retrieved from /opt/airflow/dags/dbt_dag.py
[2025-11-15T00:35:37.335+0000] {logging_mixin.py:151} INFO - [2025-11-15T00:35:37.335+0000] {dag.py:2915} INFO - Sync 1 DAGs
[2025-11-15T00:35:37.352+0000] {logging_mixin.py:151} INFO - [2025-11-15T00:35:37.352+0000] {dag.py:3696} INFO - Setting next_dagrun for dbt_transform to 2025-11-15T00:35:35.634758+00:00, run_after=2025-11-15T00:40:35.634758+00:00
[2025-11-15T00:35:37.369+0000] {processor.py:179} INFO - Processing /opt/airflow/dags/dbt_dag.py took 0.083 seconds
[2025-11-15T00:36:08.041+0000] {processor.py:157} INFO - Started process (PID=8673) to work on /opt/airflow/dags/dbt_dag.py
[2025-11-15T00:36:08.042+0000] {processor.py:829} INFO - Processing file /opt/airflow/dags/dbt_dag.py for tasks to queue
[2025-11-15T00:36:08.043+0000] {logging_mixin.py:151} INFO - [2025-11-15T00:36:08.042+0000] {dagbag.py:539} INFO - Filling up the DagBag from /opt/airflow/dags/dbt_dag.py
[2025-11-15T00:36:08.061+0000] {processor.py:839} INFO - DAG(s) dict_keys(['dbt_transform']) retrieved from /opt/airflow/dags/dbt_dag.py
[2025-11-15T00:36:08.084+0000] {logging_mixin.py:151} INFO - [2025-11-15T00:36:08.084+0000] {dag.py:2915} INFO - Sync 1 DAGs
[2025-11-15T00:36:08.099+0000] {logging_mixin.py:151} INFO - [2025-11-15T00:36:08.099+0000] {dag.py:3696} INFO - Setting next_dagrun for dbt_transform to 2025-11-15T00:35:35.634758+00:00, run_after=2025-11-15T00:40:35.634758+00:00
[2025-11-15T00:36:08.117+0000] {processor.py:179} INFO - Processing /opt/airflow/dags/dbt_dag.py took 0.079 seconds
[2025-11-15T00:36:38.849+0000] {processor.py:157} INFO - Started process (PID=8678) to work on /opt/airflow/dags/dbt_dag.py
[2025-11-15T00:36:38.850+0000] {processor.py:829} INFO - Processing file /opt/airflow/dags/dbt_dag.py for tasks to queue
[2025-11-15T00:36:38.851+0000] {logging_mixin.py:151} INFO - [2025-11-15T00:36:38.850+0000] {dagbag.py:539} INFO - Filling up the DagBag from /opt/airflow/dags/dbt_dag.py
[2025-11-15T00:36:38.870+0000] {processor.py:839} INFO - DAG(s) dict_keys(['dbt_transform']) retrieved from /opt/airflow/dags/dbt_dag.py
[2025-11-15T00:36:38.890+0000] {logging_mixin.py:151} INFO - [2025-11-15T00:36:38.890+0000] {dag.py:2915} INFO - Sync 1 DAGs
[2025-11-15T00:36:38.905+0000] {logging_mixin.py:151} INFO - [2025-11-15T00:36:38.905+0000] {dag.py:3696} INFO - Setting next_dagrun for dbt_transform to 2025-11-15T00:35:35.634758+00:00, run_after=2025-11-15T00:40:35.634758+00:00
[2025-11-15T00:36:38.923+0000] {processor.py:179} INFO - Processing /opt/airflow/dags/dbt_dag.py took 0.076 seconds
[2025-11-15T00:37:09.691+0000] {processor.py:157} INFO - Started process (PID=8683) to work on /opt/airflow/dags/dbt_dag.py
[2025-11-15T00:37:09.692+0000] {processor.py:829} INFO - Processing file /opt/airflow/dags/dbt_dag.py for tasks to queue
[2025-11-15T00:37:09.692+0000] {logging_mixin.py:151} INFO - [2025-11-15T00:37:09.692+0000] {dagbag.py:539} INFO - Filling up the DagBag from /opt/airflow/dags/dbt_dag.py
[2025-11-15T00:37:09.714+0000] {processor.py:839} INFO - DAG(s) dict_keys(['dbt_transform']) retrieved from /opt/airflow/dags/dbt_dag.py
[2025-11-15T00:37:09.737+0000] {logging_mixin.py:151} INFO - [2025-11-15T00:37:09.737+0000] {dag.py:2915} INFO - Sync 1 DAGs
[2025-11-15T00:37:09.754+0000] {logging_mixin.py:151} INFO - [2025-11-15T00:37:09.754+0000] {dag.py:3696} INFO - Setting next_dagrun for dbt_transform to 2025-11-15T00:35:35.634758+00:00, run_after=2025-11-15T00:40:35.634758+00:00
[2025-11-15T00:37:09.773+0000] {processor.py:179} INFO - Processing /opt/airflow/dags/dbt_dag.py took 0.084 seconds
[2025-11-15T00:37:40.437+0000] {processor.py:157} INFO - Started process (PID=8688) to work on /opt/airflow/dags/dbt_dag.py
[2025-11-15T00:37:40.438+0000] {processor.py:829} INFO - Processing file /opt/airflow/dags/dbt_dag.py for tasks to queue
[2025-11-15T00:37:40.439+0000] {logging_mixin.py:151} INFO - [2025-11-15T00:37:40.438+0000] {dagbag.py:539} INFO - Filling up the DagBag from /opt/airflow/dags/dbt_dag.py
[2025-11-15T00:37:40.457+0000] {processor.py:839} INFO - DAG(s) dict_keys(['dbt_transform']) retrieved from /opt/airflow/dags/dbt_dag.py
[2025-11-15T00:37:40.480+0000] {logging_mixin.py:151} INFO - [2025-11-15T00:37:40.479+0000] {dag.py:2915} INFO - Sync 1 DAGs
[2025-11-15T00:37:40.498+0000] {logging_mixin.py:151} INFO - [2025-11-15T00:37:40.498+0000] {dag.py:3696} INFO - Setting next_dagrun for dbt_transform to 2025-11-15T00:35:35.634758+00:00, run_after=2025-11-15T00:40:35.634758+00:00
[2025-11-15T00:37:40.519+0000] {processor.py:179} INFO - Processing /opt/airflow/dags/dbt_dag.py took 0.085 seconds
[2025-11-15T00:38:11.202+0000] {processor.py:157} INFO - Started process (PID=8693) to work on /opt/airflow/dags/dbt_dag.py
[2025-11-15T00:38:11.202+0000] {processor.py:829} INFO - Processing file /opt/airflow/dags/dbt_dag.py for tasks to queue
[2025-11-15T00:38:11.203+0000] {logging_mixin.py:151} INFO - [2025-11-15T00:38:11.203+0000] {dagbag.py:539} INFO - Filling up the DagBag from /opt/airflow/dags/dbt_dag.py
[2025-11-15T00:38:11.223+0000] {processor.py:839} INFO - DAG(s) dict_keys(['dbt_transform']) retrieved from /opt/airflow/dags/dbt_dag.py
[2025-11-15T00:38:11.247+0000] {logging_mixin.py:151} INFO - [2025-11-15T00:38:11.246+0000] {dag.py:2915} INFO - Sync 1 DAGs
[2025-11-15T00:38:11.264+0000] {logging_mixin.py:151} INFO - [2025-11-15T00:38:11.264+0000] {dag.py:3696} INFO - Setting next_dagrun for dbt_transform to 2025-11-15T00:35:35.634758+00:00, run_after=2025-11-15T00:40:35.634758+00:00
[2025-11-15T00:38:11.280+0000] {processor.py:179} INFO - Processing /opt/airflow/dags/dbt_dag.py took 0.080 seconds
[2025-11-15T00:38:41.923+0000] {processor.py:157} INFO - Started process (PID=8698) to work on /opt/airflow/dags/dbt_dag.py
[2025-11-15T00:38:41.924+0000] {processor.py:829} INFO - Processing file /opt/airflow/dags/dbt_dag.py for tasks to queue
[2025-11-15T00:38:41.925+0000] {logging_mixin.py:151} INFO - [2025-11-15T00:38:41.924+0000] {dagbag.py:539} INFO - Filling up the DagBag from /opt/airflow/dags/dbt_dag.py
[2025-11-15T00:38:41.943+0000] {processor.py:839} INFO - DAG(s) dict_keys(['dbt_transform']) retrieved from /opt/airflow/dags/dbt_dag.py
[2025-11-15T00:38:41.967+0000] {logging_mixin.py:151} INFO - [2025-11-15T00:38:41.966+0000] {dag.py:2915} INFO - Sync 1 DAGs
[2025-11-15T00:38:41.983+0000] {logging_mixin.py:151} INFO - [2025-11-15T00:38:41.983+0000] {dag.py:3696} INFO - Setting next_dagrun for dbt_transform to 2025-11-15T00:35:35.634758+00:00, run_after=2025-11-15T00:40:35.634758+00:00
[2025-11-15T00:38:42.002+0000] {processor.py:179} INFO - Processing /opt/airflow/dags/dbt_dag.py took 0.082 seconds
[2025-11-15T00:39:12.677+0000] {processor.py:157} INFO - Started process (PID=8703) to work on /opt/airflow/dags/dbt_dag.py
[2025-11-15T00:39:12.678+0000] {processor.py:829} INFO - Processing file /opt/airflow/dags/dbt_dag.py for tasks to queue
[2025-11-15T00:39:12.679+0000] {logging_mixin.py:151} INFO - [2025-11-15T00:39:12.679+0000] {dagbag.py:539} INFO - Filling up the DagBag from /opt/airflow/dags/dbt_dag.py
[2025-11-15T00:39:12.701+0000] {processor.py:839} INFO - DAG(s) dict_keys(['dbt_transform']) retrieved from /opt/airflow/dags/dbt_dag.py
[2025-11-15T00:39:12.725+0000] {logging_mixin.py:151} INFO - [2025-11-15T00:39:12.725+0000] {dag.py:2915} INFO - Sync 1 DAGs
[2025-11-15T00:39:12.743+0000] {logging_mixin.py:151} INFO - [2025-11-15T00:39:12.743+0000] {dag.py:3696} INFO - Setting next_dagrun for dbt_transform to 2025-11-15T00:35:35.634758+00:00, run_after=2025-11-15T00:40:35.634758+00:00
[2025-11-15T00:39:12.765+0000] {processor.py:179} INFO - Processing /opt/airflow/dags/dbt_dag.py took 0.090 seconds
[2025-11-15T00:39:42.850+0000] {processor.py:157} INFO - Started process (PID=8708) to work on /opt/airflow/dags/dbt_dag.py
[2025-11-15T00:39:42.851+0000] {processor.py:829} INFO - Processing file /opt/airflow/dags/dbt_dag.py for tasks to queue
[2025-11-15T00:39:42.852+0000] {logging_mixin.py:151} INFO - [2025-11-15T00:39:42.852+0000] {dagbag.py:539} INFO - Filling up the DagBag from /opt/airflow/dags/dbt_dag.py
[2025-11-15T00:39:42.873+0000] {processor.py:839} INFO - DAG(s) dict_keys(['dbt_transform']) retrieved from /opt/airflow/dags/dbt_dag.py
[2025-11-15T00:39:42.898+0000] {logging_mixin.py:151} INFO - [2025-11-15T00:39:42.898+0000] {dag.py:2915} INFO - Sync 1 DAGs
[2025-11-15T00:39:42.915+0000] {logging_mixin.py:151} INFO - [2025-11-15T00:39:42.915+0000] {dag.py:3696} INFO - Setting next_dagrun for dbt_transform to 2025-11-15T00:35:35.634758+00:00, run_after=2025-11-15T00:40:35.634758+00:00
[2025-11-15T00:39:42.937+0000] {processor.py:179} INFO - Processing /opt/airflow/dags/dbt_dag.py took 0.089 seconds
[2025-11-15T00:40:13.679+0000] {processor.py:157} INFO - Started process (PID=8713) to work on /opt/airflow/dags/dbt_dag.py
[2025-11-15T00:40:13.679+0000] {processor.py:829} INFO - Processing file /opt/airflow/dags/dbt_dag.py for tasks to queue
[2025-11-15T00:40:13.680+0000] {logging_mixin.py:151} INFO - [2025-11-15T00:40:13.680+0000] {dagbag.py:539} INFO - Filling up the DagBag from /opt/airflow/dags/dbt_dag.py
[2025-11-15T00:40:13.699+0000] {processor.py:839} INFO - DAG(s) dict_keys(['dbt_transform']) retrieved from /opt/airflow/dags/dbt_dag.py
[2025-11-15T00:40:13.722+0000] {logging_mixin.py:151} INFO - [2025-11-15T00:40:13.722+0000] {dag.py:2915} INFO - Sync 1 DAGs
[2025-11-15T00:40:13.740+0000] {logging_mixin.py:151} INFO - [2025-11-15T00:40:13.740+0000] {dag.py:3696} INFO - Setting next_dagrun for dbt_transform to 2025-11-15T00:35:35.634758+00:00, run_after=2025-11-15T00:40:35.634758+00:00
[2025-11-15T00:40:13.756+0000] {processor.py:179} INFO - Processing /opt/airflow/dags/dbt_dag.py took 0.080 seconds
[2025-11-15T00:40:44.454+0000] {processor.py:157} INFO - Started process (PID=8740) to work on /opt/airflow/dags/dbt_dag.py
[2025-11-15T00:40:44.455+0000] {processor.py:829} INFO - Processing file /opt/airflow/dags/dbt_dag.py for tasks to queue
[2025-11-15T00:40:44.456+0000] {logging_mixin.py:151} INFO - [2025-11-15T00:40:44.456+0000] {dagbag.py:539} INFO - Filling up the DagBag from /opt/airflow/dags/dbt_dag.py
[2025-11-15T00:40:44.476+0000] {processor.py:839} INFO - DAG(s) dict_keys(['dbt_transform']) retrieved from /opt/airflow/dags/dbt_dag.py
[2025-11-15T00:40:44.500+0000] {logging_mixin.py:151} INFO - [2025-11-15T00:40:44.500+0000] {dag.py:2915} INFO - Sync 1 DAGs
[2025-11-15T00:40:44.518+0000] {logging_mixin.py:151} INFO - [2025-11-15T00:40:44.518+0000] {dag.py:3696} INFO - Setting next_dagrun for dbt_transform to 2025-11-15T00:40:35.634758+00:00, run_after=2025-11-15T00:45:35.634758+00:00
[2025-11-15T00:40:44.536+0000] {processor.py:179} INFO - Processing /opt/airflow/dags/dbt_dag.py took 0.084 seconds
[2025-11-15T00:41:15.227+0000] {processor.py:157} INFO - Started process (PID=8745) to work on /opt/airflow/dags/dbt_dag.py
[2025-11-15T00:41:15.227+0000] {processor.py:829} INFO - Processing file /opt/airflow/dags/dbt_dag.py for tasks to queue
[2025-11-15T00:41:15.228+0000] {logging_mixin.py:151} INFO - [2025-11-15T00:41:15.228+0000] {dagbag.py:539} INFO - Filling up the DagBag from /opt/airflow/dags/dbt_dag.py
[2025-11-15T00:41:15.246+0000] {processor.py:839} INFO - DAG(s) dict_keys(['dbt_transform']) retrieved from /opt/airflow/dags/dbt_dag.py
[2025-11-15T00:41:15.267+0000] {logging_mixin.py:151} INFO - [2025-11-15T00:41:15.267+0000] {dag.py:2915} INFO - Sync 1 DAGs
[2025-11-15T00:41:15.282+0000] {logging_mixin.py:151} INFO - [2025-11-15T00:41:15.281+0000] {dag.py:3696} INFO - Setting next_dagrun for dbt_transform to 2025-11-15T00:40:35.634758+00:00, run_after=2025-11-15T00:45:35.634758+00:00
[2025-11-15T00:41:15.297+0000] {processor.py:179} INFO - Processing /opt/airflow/dags/dbt_dag.py took 0.073 seconds
[2025-11-15T00:41:45.983+0000] {processor.py:157} INFO - Started process (PID=8750) to work on /opt/airflow/dags/dbt_dag.py
[2025-11-15T00:41:45.984+0000] {processor.py:829} INFO - Processing file /opt/airflow/dags/dbt_dag.py for tasks to queue
[2025-11-15T00:41:45.984+0000] {logging_mixin.py:151} INFO - [2025-11-15T00:41:45.984+0000] {dagbag.py:539} INFO - Filling up the DagBag from /opt/airflow/dags/dbt_dag.py
[2025-11-15T00:41:46.006+0000] {processor.py:839} INFO - DAG(s) dict_keys(['dbt_transform']) retrieved from /opt/airflow/dags/dbt_dag.py
[2025-11-15T00:41:46.031+0000] {logging_mixin.py:151} INFO - [2025-11-15T00:41:46.031+0000] {dag.py:2915} INFO - Sync 1 DAGs
[2025-11-15T00:41:46.046+0000] {logging_mixin.py:151} INFO - [2025-11-15T00:41:46.046+0000] {dag.py:3696} INFO - Setting next_dagrun for dbt_transform to 2025-11-15T00:40:35.634758+00:00, run_after=2025-11-15T00:45:35.634758+00:00
[2025-11-15T00:41:46.062+0000] {processor.py:179} INFO - Processing /opt/airflow/dags/dbt_dag.py took 0.081 seconds
[2025-11-15T00:42:16.861+0000] {processor.py:157} INFO - Started process (PID=8755) to work on /opt/airflow/dags/dbt_dag.py
[2025-11-15T00:42:16.862+0000] {processor.py:829} INFO - Processing file /opt/airflow/dags/dbt_dag.py for tasks to queue
[2025-11-15T00:42:16.863+0000] {logging_mixin.py:151} INFO - [2025-11-15T00:42:16.863+0000] {dagbag.py:539} INFO - Filling up the DagBag from /opt/airflow/dags/dbt_dag.py
[2025-11-15T00:42:16.881+0000] {processor.py:839} INFO - DAG(s) dict_keys(['dbt_transform']) retrieved from /opt/airflow/dags/dbt_dag.py
[2025-11-15T00:42:16.905+0000] {logging_mixin.py:151} INFO - [2025-11-15T00:42:16.905+0000] {dag.py:2915} INFO - Sync 1 DAGs
[2025-11-15T00:42:16.924+0000] {logging_mixin.py:151} INFO - [2025-11-15T00:42:16.923+0000] {dag.py:3696} INFO - Setting next_dagrun for dbt_transform to 2025-11-15T00:40:35.634758+00:00, run_after=2025-11-15T00:45:35.634758+00:00
[2025-11-15T00:42:16.943+0000] {processor.py:179} INFO - Processing /opt/airflow/dags/dbt_dag.py took 0.084 seconds
[2025-11-15T00:42:47.947+0000] {processor.py:157} INFO - Started process (PID=8760) to work on /opt/airflow/dags/dbt_dag.py
[2025-11-15T00:42:47.948+0000] {processor.py:829} INFO - Processing file /opt/airflow/dags/dbt_dag.py for tasks to queue
[2025-11-15T00:42:47.949+0000] {logging_mixin.py:151} INFO - [2025-11-15T00:42:47.948+0000] {dagbag.py:539} INFO - Filling up the DagBag from /opt/airflow/dags/dbt_dag.py
[2025-11-15T00:42:47.968+0000] {processor.py:839} INFO - DAG(s) dict_keys(['dbt_transform']) retrieved from /opt/airflow/dags/dbt_dag.py
[2025-11-15T00:42:47.990+0000] {logging_mixin.py:151} INFO - [2025-11-15T00:42:47.990+0000] {dag.py:2915} INFO - Sync 1 DAGs
[2025-11-15T00:42:48.007+0000] {logging_mixin.py:151} INFO - [2025-11-15T00:42:48.007+0000] {dag.py:3696} INFO - Setting next_dagrun for dbt_transform to 2025-11-15T00:40:35.634758+00:00, run_after=2025-11-15T00:45:35.634758+00:00
[2025-11-15T00:42:48.028+0000] {processor.py:179} INFO - Processing /opt/airflow/dags/dbt_dag.py took 0.083 seconds
[2025-11-15T00:43:19.074+0000] {processor.py:157} INFO - Started process (PID=8765) to work on /opt/airflow/dags/dbt_dag.py
[2025-11-15T00:43:19.075+0000] {processor.py:829} INFO - Processing file /opt/airflow/dags/dbt_dag.py for tasks to queue
[2025-11-15T00:43:19.076+0000] {logging_mixin.py:151} INFO - [2025-11-15T00:43:19.076+0000] {dagbag.py:539} INFO - Filling up the DagBag from /opt/airflow/dags/dbt_dag.py
[2025-11-15T00:43:19.102+0000] {processor.py:839} INFO - DAG(s) dict_keys(['dbt_transform']) retrieved from /opt/airflow/dags/dbt_dag.py
[2025-11-15T00:43:19.125+0000] {logging_mixin.py:151} INFO - [2025-11-15T00:43:19.125+0000] {dag.py:2915} INFO - Sync 1 DAGs
[2025-11-15T00:43:19.143+0000] {logging_mixin.py:151} INFO - [2025-11-15T00:43:19.143+0000] {dag.py:3696} INFO - Setting next_dagrun for dbt_transform to 2025-11-15T00:40:35.634758+00:00, run_after=2025-11-15T00:45:35.634758+00:00
[2025-11-15T00:43:19.159+0000] {processor.py:179} INFO - Processing /opt/airflow/dags/dbt_dag.py took 0.088 seconds
[2025-11-15T00:43:49.834+0000] {processor.py:157} INFO - Started process (PID=8770) to work on /opt/airflow/dags/dbt_dag.py
[2025-11-15T00:43:49.834+0000] {processor.py:829} INFO - Processing file /opt/airflow/dags/dbt_dag.py for tasks to queue
[2025-11-15T00:43:49.835+0000] {logging_mixin.py:151} INFO - [2025-11-15T00:43:49.835+0000] {dagbag.py:539} INFO - Filling up the DagBag from /opt/airflow/dags/dbt_dag.py
[2025-11-15T00:43:49.855+0000] {processor.py:839} INFO - DAG(s) dict_keys(['dbt_transform']) retrieved from /opt/airflow/dags/dbt_dag.py
[2025-11-15T00:43:49.879+0000] {logging_mixin.py:151} INFO - [2025-11-15T00:43:49.879+0000] {dag.py:2915} INFO - Sync 1 DAGs
[2025-11-15T00:43:49.898+0000] {logging_mixin.py:151} INFO - [2025-11-15T00:43:49.898+0000] {dag.py:3696} INFO - Setting next_dagrun for dbt_transform to 2025-11-15T00:40:35.634758+00:00, run_after=2025-11-15T00:45:35.634758+00:00
[2025-11-15T00:43:49.919+0000] {processor.py:179} INFO - Processing /opt/airflow/dags/dbt_dag.py took 0.088 seconds
[2025-11-15T00:44:20.597+0000] {processor.py:157} INFO - Started process (PID=8775) to work on /opt/airflow/dags/dbt_dag.py
[2025-11-15T00:44:20.598+0000] {processor.py:829} INFO - Processing file /opt/airflow/dags/dbt_dag.py for tasks to queue
[2025-11-15T00:44:20.599+0000] {logging_mixin.py:151} INFO - [2025-11-15T00:44:20.598+0000] {dagbag.py:539} INFO - Filling up the DagBag from /opt/airflow/dags/dbt_dag.py
[2025-11-15T00:44:20.621+0000] {processor.py:839} INFO - DAG(s) dict_keys(['dbt_transform']) retrieved from /opt/airflow/dags/dbt_dag.py
[2025-11-15T00:44:20.645+0000] {logging_mixin.py:151} INFO - [2025-11-15T00:44:20.645+0000] {dag.py:2915} INFO - Sync 1 DAGs
[2025-11-15T00:44:20.664+0000] {logging_mixin.py:151} INFO - [2025-11-15T00:44:20.664+0000] {dag.py:3696} INFO - Setting next_dagrun for dbt_transform to 2025-11-15T00:40:35.634758+00:00, run_after=2025-11-15T00:45:35.634758+00:00
[2025-11-15T00:44:20.688+0000] {processor.py:179} INFO - Processing /opt/airflow/dags/dbt_dag.py took 0.094 seconds
[2025-11-15T00:44:51.457+0000] {processor.py:157} INFO - Started process (PID=8780) to work on /opt/airflow/dags/dbt_dag.py
[2025-11-15T00:44:51.458+0000] {processor.py:829} INFO - Processing file /opt/airflow/dags/dbt_dag.py for tasks to queue
[2025-11-15T00:44:51.459+0000] {logging_mixin.py:151} INFO - [2025-11-15T00:44:51.458+0000] {dagbag.py:539} INFO - Filling up the DagBag from /opt/airflow/dags/dbt_dag.py
[2025-11-15T00:44:51.479+0000] {processor.py:839} INFO - DAG(s) dict_keys(['dbt_transform']) retrieved from /opt/airflow/dags/dbt_dag.py
[2025-11-15T00:44:51.505+0000] {logging_mixin.py:151} INFO - [2025-11-15T00:44:51.505+0000] {dag.py:2915} INFO - Sync 1 DAGs
[2025-11-15T00:44:51.531+0000] {logging_mixin.py:151} INFO - [2025-11-15T00:44:51.531+0000] {dag.py:3696} INFO - Setting next_dagrun for dbt_transform to 2025-11-15T00:40:35.634758+00:00, run_after=2025-11-15T00:45:35.634758+00:00
[2025-11-15T00:44:51.553+0000] {processor.py:179} INFO - Processing /opt/airflow/dags/dbt_dag.py took 0.099 seconds
[2025-11-15T00:45:22.237+0000] {processor.py:157} INFO - Started process (PID=8785) to work on /opt/airflow/dags/dbt_dag.py
[2025-11-15T00:45:22.237+0000] {processor.py:829} INFO - Processing file /opt/airflow/dags/dbt_dag.py for tasks to queue
[2025-11-15T00:45:22.238+0000] {logging_mixin.py:151} INFO - [2025-11-15T00:45:22.238+0000] {dagbag.py:539} INFO - Filling up the DagBag from /opt/airflow/dags/dbt_dag.py
[2025-11-15T00:45:22.257+0000] {processor.py:839} INFO - DAG(s) dict_keys(['dbt_transform']) retrieved from /opt/airflow/dags/dbt_dag.py
[2025-11-15T00:45:22.279+0000] {logging_mixin.py:151} INFO - [2025-11-15T00:45:22.279+0000] {dag.py:2915} INFO - Sync 1 DAGs
[2025-11-15T00:45:22.295+0000] {logging_mixin.py:151} INFO - [2025-11-15T00:45:22.295+0000] {dag.py:3696} INFO - Setting next_dagrun for dbt_transform to 2025-11-15T00:40:35.634758+00:00, run_after=2025-11-15T00:45:35.634758+00:00
[2025-11-15T00:45:22.316+0000] {processor.py:179} INFO - Processing /opt/airflow/dags/dbt_dag.py took 0.082 seconds
[2025-11-15T00:45:53.334+0000] {processor.py:157} INFO - Started process (PID=8814) to work on /opt/airflow/dags/dbt_dag.py
[2025-11-15T00:45:53.335+0000] {processor.py:829} INFO - Processing file /opt/airflow/dags/dbt_dag.py for tasks to queue
[2025-11-15T00:45:53.337+0000] {logging_mixin.py:151} INFO - [2025-11-15T00:45:53.336+0000] {dagbag.py:539} INFO - Filling up the DagBag from /opt/airflow/dags/dbt_dag.py
[2025-11-15T00:45:53.356+0000] {processor.py:839} INFO - DAG(s) dict_keys(['dbt_transform']) retrieved from /opt/airflow/dags/dbt_dag.py
[2025-11-15T00:45:53.377+0000] {logging_mixin.py:151} INFO - [2025-11-15T00:45:53.377+0000] {dag.py:2915} INFO - Sync 1 DAGs
[2025-11-15T00:45:53.393+0000] {logging_mixin.py:151} INFO - [2025-11-15T00:45:53.393+0000] {dag.py:3696} INFO - Setting next_dagrun for dbt_transform to 2025-11-15T00:45:35.634758+00:00, run_after=2025-11-15T00:50:35.634758+00:00
[2025-11-15T00:45:53.407+0000] {processor.py:179} INFO - Processing /opt/airflow/dags/dbt_dag.py took 0.075 seconds
[2025-11-15T00:46:24.030+0000] {processor.py:157} INFO - Started process (PID=8819) to work on /opt/airflow/dags/dbt_dag.py
[2025-11-15T00:46:24.030+0000] {processor.py:829} INFO - Processing file /opt/airflow/dags/dbt_dag.py for tasks to queue
[2025-11-15T00:46:24.031+0000] {logging_mixin.py:151} INFO - [2025-11-15T00:46:24.031+0000] {dagbag.py:539} INFO - Filling up the DagBag from /opt/airflow/dags/dbt_dag.py
[2025-11-15T00:46:24.048+0000] {processor.py:839} INFO - DAG(s) dict_keys(['dbt_transform']) retrieved from /opt/airflow/dags/dbt_dag.py
[2025-11-15T00:46:24.069+0000] {logging_mixin.py:151} INFO - [2025-11-15T00:46:24.069+0000] {dag.py:2915} INFO - Sync 1 DAGs
[2025-11-15T00:46:24.084+0000] {logging_mixin.py:151} INFO - [2025-11-15T00:46:24.084+0000] {dag.py:3696} INFO - Setting next_dagrun for dbt_transform to 2025-11-15T00:45:35.634758+00:00, run_after=2025-11-15T00:50:35.634758+00:00
[2025-11-15T00:46:24.100+0000] {processor.py:179} INFO - Processing /opt/airflow/dags/dbt_dag.py took 0.072 seconds
[2025-11-15T00:46:54.874+0000] {processor.py:157} INFO - Started process (PID=8824) to work on /opt/airflow/dags/dbt_dag.py
[2025-11-15T00:46:54.874+0000] {processor.py:829} INFO - Processing file /opt/airflow/dags/dbt_dag.py for tasks to queue
[2025-11-15T00:46:54.875+0000] {logging_mixin.py:151} INFO - [2025-11-15T00:46:54.875+0000] {dagbag.py:539} INFO - Filling up the DagBag from /opt/airflow/dags/dbt_dag.py
[2025-11-15T00:46:54.901+0000] {processor.py:839} INFO - DAG(s) dict_keys(['dbt_transform']) retrieved from /opt/airflow/dags/dbt_dag.py
[2025-11-15T00:46:54.925+0000] {logging_mixin.py:151} INFO - [2025-11-15T00:46:54.925+0000] {dag.py:2915} INFO - Sync 1 DAGs
[2025-11-15T00:46:54.942+0000] {logging_mixin.py:151} INFO - [2025-11-15T00:46:54.942+0000] {dag.py:3696} INFO - Setting next_dagrun for dbt_transform to 2025-11-15T00:45:35.634758+00:00, run_after=2025-11-15T00:50:35.634758+00:00
[2025-11-15T00:46:54.963+0000] {processor.py:179} INFO - Processing /opt/airflow/dags/dbt_dag.py took 0.094 seconds
[2025-11-15T00:47:25.784+0000] {processor.py:157} INFO - Started process (PID=8829) to work on /opt/airflow/dags/dbt_dag.py
[2025-11-15T00:47:25.784+0000] {processor.py:829} INFO - Processing file /opt/airflow/dags/dbt_dag.py for tasks to queue
[2025-11-15T00:47:25.785+0000] {logging_mixin.py:151} INFO - [2025-11-15T00:47:25.785+0000] {dagbag.py:539} INFO - Filling up the DagBag from /opt/airflow/dags/dbt_dag.py
[2025-11-15T00:47:25.803+0000] {processor.py:839} INFO - DAG(s) dict_keys(['dbt_transform']) retrieved from /opt/airflow/dags/dbt_dag.py
[2025-11-15T00:47:25.826+0000] {logging_mixin.py:151} INFO - [2025-11-15T00:47:25.826+0000] {dag.py:2915} INFO - Sync 1 DAGs
[2025-11-15T00:47:25.844+0000] {logging_mixin.py:151} INFO - [2025-11-15T00:47:25.844+0000] {dag.py:3696} INFO - Setting next_dagrun for dbt_transform to 2025-11-15T00:45:35.634758+00:00, run_after=2025-11-15T00:50:35.634758+00:00
[2025-11-15T00:47:25.864+0000] {processor.py:179} INFO - Processing /opt/airflow/dags/dbt_dag.py took 0.083 seconds
[2025-11-15T00:47:56.521+0000] {processor.py:157} INFO - Started process (PID=8834) to work on /opt/airflow/dags/dbt_dag.py
[2025-11-15T00:47:56.522+0000] {processor.py:829} INFO - Processing file /opt/airflow/dags/dbt_dag.py for tasks to queue
[2025-11-15T00:47:56.523+0000] {logging_mixin.py:151} INFO - [2025-11-15T00:47:56.523+0000] {dagbag.py:539} INFO - Filling up the DagBag from /opt/airflow/dags/dbt_dag.py
[2025-11-15T00:47:56.541+0000] {processor.py:839} INFO - DAG(s) dict_keys(['dbt_transform']) retrieved from /opt/airflow/dags/dbt_dag.py
[2025-11-15T00:47:56.565+0000] {logging_mixin.py:151} INFO - [2025-11-15T00:47:56.565+0000] {dag.py:2915} INFO - Sync 1 DAGs
[2025-11-15T00:47:56.582+0000] {logging_mixin.py:151} INFO - [2025-11-15T00:47:56.581+0000] {dag.py:3696} INFO - Setting next_dagrun for dbt_transform to 2025-11-15T00:45:35.634758+00:00, run_after=2025-11-15T00:50:35.634758+00:00
[2025-11-15T00:47:56.603+0000] {processor.py:179} INFO - Processing /opt/airflow/dags/dbt_dag.py took 0.084 seconds
[2025-11-15T00:48:27.393+0000] {processor.py:157} INFO - Started process (PID=8839) to work on /opt/airflow/dags/dbt_dag.py
[2025-11-15T00:48:27.394+0000] {processor.py:829} INFO - Processing file /opt/airflow/dags/dbt_dag.py for tasks to queue
[2025-11-15T00:48:27.395+0000] {logging_mixin.py:151} INFO - [2025-11-15T00:48:27.395+0000] {dagbag.py:539} INFO - Filling up the DagBag from /opt/airflow/dags/dbt_dag.py
[2025-11-15T00:48:27.415+0000] {processor.py:839} INFO - DAG(s) dict_keys(['dbt_transform']) retrieved from /opt/airflow/dags/dbt_dag.py
[2025-11-15T00:48:27.438+0000] {logging_mixin.py:151} INFO - [2025-11-15T00:48:27.437+0000] {dag.py:2915} INFO - Sync 1 DAGs
[2025-11-15T00:48:27.455+0000] {logging_mixin.py:151} INFO - [2025-11-15T00:48:27.455+0000] {dag.py:3696} INFO - Setting next_dagrun for dbt_transform to 2025-11-15T00:45:35.634758+00:00, run_after=2025-11-15T00:50:35.634758+00:00
[2025-11-15T00:48:27.473+0000] {processor.py:179} INFO - Processing /opt/airflow/dags/dbt_dag.py took 0.082 seconds
[2025-11-15T00:48:58.149+0000] {processor.py:157} INFO - Started process (PID=8844) to work on /opt/airflow/dags/dbt_dag.py
[2025-11-15T00:48:58.150+0000] {processor.py:829} INFO - Processing file /opt/airflow/dags/dbt_dag.py for tasks to queue
[2025-11-15T00:48:58.151+0000] {logging_mixin.py:151} INFO - [2025-11-15T00:48:58.151+0000] {dagbag.py:539} INFO - Filling up the DagBag from /opt/airflow/dags/dbt_dag.py
[2025-11-15T00:48:58.168+0000] {processor.py:839} INFO - DAG(s) dict_keys(['dbt_transform']) retrieved from /opt/airflow/dags/dbt_dag.py
[2025-11-15T00:48:58.190+0000] {logging_mixin.py:151} INFO - [2025-11-15T00:48:58.190+0000] {dag.py:2915} INFO - Sync 1 DAGs
[2025-11-15T00:48:58.207+0000] {logging_mixin.py:151} INFO - [2025-11-15T00:48:58.207+0000] {dag.py:3696} INFO - Setting next_dagrun for dbt_transform to 2025-11-15T00:45:35.634758+00:00, run_after=2025-11-15T00:50:35.634758+00:00
[2025-11-15T00:48:58.227+0000] {processor.py:179} INFO - Processing /opt/airflow/dags/dbt_dag.py took 0.080 seconds
[2025-11-15T00:49:28.259+0000] {processor.py:157} INFO - Started process (PID=8849) to work on /opt/airflow/dags/dbt_dag.py
[2025-11-15T00:49:28.260+0000] {processor.py:829} INFO - Processing file /opt/airflow/dags/dbt_dag.py for tasks to queue
[2025-11-15T00:49:28.262+0000] {logging_mixin.py:151} INFO - [2025-11-15T00:49:28.260+0000] {dagbag.py:539} INFO - Filling up the DagBag from /opt/airflow/dags/dbt_dag.py
[2025-11-15T00:49:28.280+0000] {processor.py:839} INFO - DAG(s) dict_keys(['dbt_transform']) retrieved from /opt/airflow/dags/dbt_dag.py
[2025-11-15T00:49:28.304+0000] {logging_mixin.py:151} INFO - [2025-11-15T00:49:28.304+0000] {dag.py:2915} INFO - Sync 1 DAGs
[2025-11-15T00:49:28.322+0000] {logging_mixin.py:151} INFO - [2025-11-15T00:49:28.321+0000] {dag.py:3696} INFO - Setting next_dagrun for dbt_transform to 2025-11-15T00:45:35.634758+00:00, run_after=2025-11-15T00:50:35.634758+00:00
[2025-11-15T00:49:28.339+0000] {processor.py:179} INFO - Processing /opt/airflow/dags/dbt_dag.py took 0.082 seconds
[2025-11-15T00:49:58.377+0000] {processor.py:157} INFO - Started process (PID=8854) to work on /opt/airflow/dags/dbt_dag.py
[2025-11-15T00:49:58.378+0000] {processor.py:829} INFO - Processing file /opt/airflow/dags/dbt_dag.py for tasks to queue
[2025-11-15T00:49:58.379+0000] {logging_mixin.py:151} INFO - [2025-11-15T00:49:58.379+0000] {dagbag.py:539} INFO - Filling up the DagBag from /opt/airflow/dags/dbt_dag.py
[2025-11-15T00:49:58.397+0000] {processor.py:839} INFO - DAG(s) dict_keys(['dbt_transform']) retrieved from /opt/airflow/dags/dbt_dag.py
[2025-11-15T00:49:58.421+0000] {logging_mixin.py:151} INFO - [2025-11-15T00:49:58.421+0000] {dag.py:2915} INFO - Sync 1 DAGs
[2025-11-15T00:49:58.438+0000] {logging_mixin.py:151} INFO - [2025-11-15T00:49:58.438+0000] {dag.py:3696} INFO - Setting next_dagrun for dbt_transform to 2025-11-15T00:45:35.634758+00:00, run_after=2025-11-15T00:50:35.634758+00:00
[2025-11-15T00:49:58.456+0000] {processor.py:179} INFO - Processing /opt/airflow/dags/dbt_dag.py took 0.082 seconds
[2025-11-15T00:50:28.595+0000] {processor.py:157} INFO - Started process (PID=8859) to work on /opt/airflow/dags/dbt_dag.py
[2025-11-15T00:50:28.596+0000] {processor.py:829} INFO - Processing file /opt/airflow/dags/dbt_dag.py for tasks to queue
[2025-11-15T00:50:28.597+0000] {logging_mixin.py:151} INFO - [2025-11-15T00:50:28.597+0000] {dagbag.py:539} INFO - Filling up the DagBag from /opt/airflow/dags/dbt_dag.py
[2025-11-15T00:50:28.622+0000] {processor.py:839} INFO - DAG(s) dict_keys(['dbt_transform']) retrieved from /opt/airflow/dags/dbt_dag.py
[2025-11-15T00:50:28.646+0000] {logging_mixin.py:151} INFO - [2025-11-15T00:50:28.646+0000] {dag.py:2915} INFO - Sync 1 DAGs
[2025-11-15T00:50:28.662+0000] {logging_mixin.py:151} INFO - [2025-11-15T00:50:28.662+0000] {dag.py:3696} INFO - Setting next_dagrun for dbt_transform to 2025-11-15T00:45:35.634758+00:00, run_after=2025-11-15T00:50:35.634758+00:00
[2025-11-15T00:50:28.684+0000] {processor.py:179} INFO - Processing /opt/airflow/dags/dbt_dag.py took 0.091 seconds
[2025-11-15T00:50:59.614+0000] {processor.py:157} INFO - Started process (PID=8888) to work on /opt/airflow/dags/dbt_dag.py
[2025-11-15T00:50:59.615+0000] {processor.py:829} INFO - Processing file /opt/airflow/dags/dbt_dag.py for tasks to queue
[2025-11-15T00:50:59.616+0000] {logging_mixin.py:151} INFO - [2025-11-15T00:50:59.616+0000] {dagbag.py:539} INFO - Filling up the DagBag from /opt/airflow/dags/dbt_dag.py
[2025-11-15T00:50:59.634+0000] {processor.py:839} INFO - DAG(s) dict_keys(['dbt_transform']) retrieved from /opt/airflow/dags/dbt_dag.py
[2025-11-15T00:50:59.655+0000] {logging_mixin.py:151} INFO - [2025-11-15T00:50:59.655+0000] {dag.py:2915} INFO - Sync 1 DAGs
[2025-11-15T00:50:59.671+0000] {logging_mixin.py:151} INFO - [2025-11-15T00:50:59.671+0000] {dag.py:3696} INFO - Setting next_dagrun for dbt_transform to 2025-11-15T00:50:35.634758+00:00, run_after=2025-11-15T00:55:35.634758+00:00
[2025-11-15T00:50:59.689+0000] {processor.py:179} INFO - Processing /opt/airflow/dags/dbt_dag.py took 0.077 seconds
[2025-11-15T00:51:30.390+0000] {processor.py:157} INFO - Started process (PID=8893) to work on /opt/airflow/dags/dbt_dag.py
[2025-11-15T00:51:30.391+0000] {processor.py:829} INFO - Processing file /opt/airflow/dags/dbt_dag.py for tasks to queue
[2025-11-15T00:51:30.392+0000] {logging_mixin.py:151} INFO - [2025-11-15T00:51:30.392+0000] {dagbag.py:539} INFO - Filling up the DagBag from /opt/airflow/dags/dbt_dag.py
[2025-11-15T00:51:30.414+0000] {processor.py:839} INFO - DAG(s) dict_keys(['dbt_transform']) retrieved from /opt/airflow/dags/dbt_dag.py
[2025-11-15T00:51:30.437+0000] {logging_mixin.py:151} INFO - [2025-11-15T00:51:30.437+0000] {dag.py:2915} INFO - Sync 1 DAGs
[2025-11-15T00:51:30.453+0000] {logging_mixin.py:151} INFO - [2025-11-15T00:51:30.452+0000] {dag.py:3696} INFO - Setting next_dagrun for dbt_transform to 2025-11-15T00:50:35.634758+00:00, run_after=2025-11-15T00:55:35.634758+00:00
[2025-11-15T00:51:30.467+0000] {processor.py:179} INFO - Processing /opt/airflow/dags/dbt_dag.py took 0.080 seconds
[2025-11-15T00:52:00.900+0000] {processor.py:157} INFO - Started process (PID=8898) to work on /opt/airflow/dags/dbt_dag.py
[2025-11-15T00:52:00.900+0000] {processor.py:829} INFO - Processing file /opt/airflow/dags/dbt_dag.py for tasks to queue
[2025-11-15T00:52:00.901+0000] {logging_mixin.py:151} INFO - [2025-11-15T00:52:00.901+0000] {dagbag.py:539} INFO - Filling up the DagBag from /opt/airflow/dags/dbt_dag.py
[2025-11-15T00:52:00.918+0000] {processor.py:839} INFO - DAG(s) dict_keys(['dbt_transform']) retrieved from /opt/airflow/dags/dbt_dag.py
[2025-11-15T00:52:00.943+0000] {logging_mixin.py:151} INFO - [2025-11-15T00:52:00.943+0000] {dag.py:2915} INFO - Sync 1 DAGs
[2025-11-15T00:52:00.959+0000] {logging_mixin.py:151} INFO - [2025-11-15T00:52:00.959+0000] {dag.py:3696} INFO - Setting next_dagrun for dbt_transform to 2025-11-15T00:50:35.634758+00:00, run_after=2025-11-15T00:55:35.634758+00:00
[2025-11-15T00:52:00.978+0000] {processor.py:179} INFO - Processing /opt/airflow/dags/dbt_dag.py took 0.080 seconds
[2025-11-15T00:52:31.859+0000] {processor.py:157} INFO - Started process (PID=8903) to work on /opt/airflow/dags/dbt_dag.py
[2025-11-15T00:52:31.860+0000] {processor.py:829} INFO - Processing file /opt/airflow/dags/dbt_dag.py for tasks to queue
[2025-11-15T00:52:31.861+0000] {logging_mixin.py:151} INFO - [2025-11-15T00:52:31.860+0000] {dagbag.py:539} INFO - Filling up the DagBag from /opt/airflow/dags/dbt_dag.py
[2025-11-15T00:52:31.880+0000] {processor.py:839} INFO - DAG(s) dict_keys(['dbt_transform']) retrieved from /opt/airflow/dags/dbt_dag.py
[2025-11-15T00:52:31.904+0000] {logging_mixin.py:151} INFO - [2025-11-15T00:52:31.904+0000] {dag.py:2915} INFO - Sync 1 DAGs
[2025-11-15T00:52:31.921+0000] {logging_mixin.py:151} INFO - [2025-11-15T00:52:31.920+0000] {dag.py:3696} INFO - Setting next_dagrun for dbt_transform to 2025-11-15T00:50:35.634758+00:00, run_after=2025-11-15T00:55:35.634758+00:00
[2025-11-15T00:52:31.949+0000] {processor.py:179} INFO - Processing /opt/airflow/dags/dbt_dag.py took 0.093 seconds
[2025-11-15T00:53:02.584+0000] {processor.py:157} INFO - Started process (PID=8908) to work on /opt/airflow/dags/dbt_dag.py
[2025-11-15T00:53:02.585+0000] {processor.py:829} INFO - Processing file /opt/airflow/dags/dbt_dag.py for tasks to queue
[2025-11-15T00:53:02.586+0000] {logging_mixin.py:151} INFO - [2025-11-15T00:53:02.585+0000] {dagbag.py:539} INFO - Filling up the DagBag from /opt/airflow/dags/dbt_dag.py
[2025-11-15T00:53:02.605+0000] {processor.py:839} INFO - DAG(s) dict_keys(['dbt_transform']) retrieved from /opt/airflow/dags/dbt_dag.py
[2025-11-15T00:53:02.629+0000] {logging_mixin.py:151} INFO - [2025-11-15T00:53:02.629+0000] {dag.py:2915} INFO - Sync 1 DAGs
[2025-11-15T00:53:02.646+0000] {logging_mixin.py:151} INFO - [2025-11-15T00:53:02.645+0000] {dag.py:3696} INFO - Setting next_dagrun for dbt_transform to 2025-11-15T00:50:35.634758+00:00, run_after=2025-11-15T00:55:35.634758+00:00
[2025-11-15T00:53:02.665+0000] {processor.py:179} INFO - Processing /opt/airflow/dags/dbt_dag.py took 0.083 seconds
[2025-11-15T00:53:33.371+0000] {processor.py:157} INFO - Started process (PID=8913) to work on /opt/airflow/dags/dbt_dag.py
[2025-11-15T00:53:33.372+0000] {processor.py:829} INFO - Processing file /opt/airflow/dags/dbt_dag.py for tasks to queue
[2025-11-15T00:53:33.373+0000] {logging_mixin.py:151} INFO - [2025-11-15T00:53:33.373+0000] {dagbag.py:539} INFO - Filling up the DagBag from /opt/airflow/dags/dbt_dag.py
[2025-11-15T00:53:33.398+0000] {processor.py:839} INFO - DAG(s) dict_keys(['dbt_transform']) retrieved from /opt/airflow/dags/dbt_dag.py
[2025-11-15T00:53:33.422+0000] {logging_mixin.py:151} INFO - [2025-11-15T00:53:33.422+0000] {dag.py:2915} INFO - Sync 1 DAGs
[2025-11-15T00:53:33.441+0000] {logging_mixin.py:151} INFO - [2025-11-15T00:53:33.441+0000] {dag.py:3696} INFO - Setting next_dagrun for dbt_transform to 2025-11-15T00:50:35.634758+00:00, run_after=2025-11-15T00:55:35.634758+00:00
[2025-11-15T00:53:33.461+0000] {processor.py:179} INFO - Processing /opt/airflow/dags/dbt_dag.py took 0.094 seconds
[2025-11-15T00:54:04.071+0000] {processor.py:157} INFO - Started process (PID=8918) to work on /opt/airflow/dags/dbt_dag.py
[2025-11-15T00:54:04.072+0000] {processor.py:829} INFO - Processing file /opt/airflow/dags/dbt_dag.py for tasks to queue
[2025-11-15T00:54:04.073+0000] {logging_mixin.py:151} INFO - [2025-11-15T00:54:04.073+0000] {dagbag.py:539} INFO - Filling up the DagBag from /opt/airflow/dags/dbt_dag.py
[2025-11-15T00:54:04.091+0000] {processor.py:839} INFO - DAG(s) dict_keys(['dbt_transform']) retrieved from /opt/airflow/dags/dbt_dag.py
[2025-11-15T00:54:04.114+0000] {logging_mixin.py:151} INFO - [2025-11-15T00:54:04.114+0000] {dag.py:2915} INFO - Sync 1 DAGs
[2025-11-15T00:54:04.131+0000] {logging_mixin.py:151} INFO - [2025-11-15T00:54:04.131+0000] {dag.py:3696} INFO - Setting next_dagrun for dbt_transform to 2025-11-15T00:50:35.634758+00:00, run_after=2025-11-15T00:55:35.634758+00:00
[2025-11-15T00:54:04.146+0000] {processor.py:179} INFO - Processing /opt/airflow/dags/dbt_dag.py took 0.078 seconds
[2025-11-15T00:54:34.899+0000] {processor.py:157} INFO - Started process (PID=8923) to work on /opt/airflow/dags/dbt_dag.py
[2025-11-15T00:54:34.899+0000] {processor.py:829} INFO - Processing file /opt/airflow/dags/dbt_dag.py for tasks to queue
[2025-11-15T00:54:34.900+0000] {logging_mixin.py:151} INFO - [2025-11-15T00:54:34.900+0000] {dagbag.py:539} INFO - Filling up the DagBag from /opt/airflow/dags/dbt_dag.py
[2025-11-15T00:54:34.919+0000] {processor.py:839} INFO - DAG(s) dict_keys(['dbt_transform']) retrieved from /opt/airflow/dags/dbt_dag.py
[2025-11-15T00:54:34.944+0000] {logging_mixin.py:151} INFO - [2025-11-15T00:54:34.944+0000] {dag.py:2915} INFO - Sync 1 DAGs
[2025-11-15T00:54:34.960+0000] {logging_mixin.py:151} INFO - [2025-11-15T00:54:34.960+0000] {dag.py:3696} INFO - Setting next_dagrun for dbt_transform to 2025-11-15T00:50:35.634758+00:00, run_after=2025-11-15T00:55:35.634758+00:00
[2025-11-15T00:54:34.983+0000] {processor.py:179} INFO - Processing /opt/airflow/dags/dbt_dag.py took 0.087 seconds
[2025-11-15T00:55:05.648+0000] {processor.py:157} INFO - Started process (PID=8928) to work on /opt/airflow/dags/dbt_dag.py
[2025-11-15T00:55:05.648+0000] {processor.py:829} INFO - Processing file /opt/airflow/dags/dbt_dag.py for tasks to queue
[2025-11-15T00:55:05.649+0000] {logging_mixin.py:151} INFO - [2025-11-15T00:55:05.649+0000] {dagbag.py:539} INFO - Filling up the DagBag from /opt/airflow/dags/dbt_dag.py
[2025-11-15T00:55:05.671+0000] {processor.py:839} INFO - DAG(s) dict_keys(['dbt_transform']) retrieved from /opt/airflow/dags/dbt_dag.py
[2025-11-15T00:55:05.693+0000] {logging_mixin.py:151} INFO - [2025-11-15T00:55:05.693+0000] {dag.py:2915} INFO - Sync 1 DAGs
[2025-11-15T00:55:05.710+0000] {logging_mixin.py:151} INFO - [2025-11-15T00:55:05.709+0000] {dag.py:3696} INFO - Setting next_dagrun for dbt_transform to 2025-11-15T00:50:35.634758+00:00, run_after=2025-11-15T00:55:35.634758+00:00
[2025-11-15T00:55:05.728+0000] {processor.py:179} INFO - Processing /opt/airflow/dags/dbt_dag.py took 0.083 seconds
[2025-11-15T00:55:36.414+0000] {processor.py:157} INFO - Started process (PID=8934) to work on /opt/airflow/dags/dbt_dag.py
[2025-11-15T00:55:36.415+0000] {processor.py:829} INFO - Processing file /opt/airflow/dags/dbt_dag.py for tasks to queue
[2025-11-15T00:55:36.417+0000] {logging_mixin.py:151} INFO - [2025-11-15T00:55:36.417+0000] {dagbag.py:539} INFO - Filling up the DagBag from /opt/airflow/dags/dbt_dag.py
[2025-11-15T00:55:36.439+0000] {processor.py:839} INFO - DAG(s) dict_keys(['dbt_transform']) retrieved from /opt/airflow/dags/dbt_dag.py
[2025-11-15T00:55:36.464+0000] {logging_mixin.py:151} INFO - [2025-11-15T00:55:36.464+0000] {dag.py:2915} INFO - Sync 1 DAGs
[2025-11-15T00:55:36.482+0000] {logging_mixin.py:151} INFO - [2025-11-15T00:55:36.482+0000] {dag.py:3696} INFO - Setting next_dagrun for dbt_transform to 2025-11-15T00:55:35.634758+00:00, run_after=2025-11-15T01:00:35.634758+00:00
[2025-11-15T00:55:36.497+0000] {processor.py:179} INFO - Processing /opt/airflow/dags/dbt_dag.py took 0.086 seconds
[2025-11-15T00:56:07.151+0000] {processor.py:157} INFO - Started process (PID=8963) to work on /opt/airflow/dags/dbt_dag.py
[2025-11-15T00:56:07.152+0000] {processor.py:829} INFO - Processing file /opt/airflow/dags/dbt_dag.py for tasks to queue
[2025-11-15T00:56:07.152+0000] {logging_mixin.py:151} INFO - [2025-11-15T00:56:07.152+0000] {dagbag.py:539} INFO - Filling up the DagBag from /opt/airflow/dags/dbt_dag.py
[2025-11-15T00:56:07.170+0000] {processor.py:839} INFO - DAG(s) dict_keys(['dbt_transform']) retrieved from /opt/airflow/dags/dbt_dag.py
[2025-11-15T00:56:07.190+0000] {logging_mixin.py:151} INFO - [2025-11-15T00:56:07.190+0000] {dag.py:2915} INFO - Sync 1 DAGs
[2025-11-15T00:56:07.205+0000] {logging_mixin.py:151} INFO - [2025-11-15T00:56:07.205+0000] {dag.py:3696} INFO - Setting next_dagrun for dbt_transform to 2025-11-15T00:55:35.634758+00:00, run_after=2025-11-15T01:00:35.634758+00:00
[2025-11-15T00:56:07.227+0000] {processor.py:179} INFO - Processing /opt/airflow/dags/dbt_dag.py took 0.079 seconds
[2025-11-15T00:56:37.873+0000] {processor.py:157} INFO - Started process (PID=8968) to work on /opt/airflow/dags/dbt_dag.py
[2025-11-15T00:56:37.873+0000] {processor.py:829} INFO - Processing file /opt/airflow/dags/dbt_dag.py for tasks to queue
[2025-11-15T00:56:37.874+0000] {logging_mixin.py:151} INFO - [2025-11-15T00:56:37.874+0000] {dagbag.py:539} INFO - Filling up the DagBag from /opt/airflow/dags/dbt_dag.py
[2025-11-15T00:56:37.893+0000] {processor.py:839} INFO - DAG(s) dict_keys(['dbt_transform']) retrieved from /opt/airflow/dags/dbt_dag.py
[2025-11-15T00:56:37.920+0000] {logging_mixin.py:151} INFO - [2025-11-15T00:56:37.920+0000] {dag.py:2915} INFO - Sync 1 DAGs
[2025-11-15T00:56:37.935+0000] {logging_mixin.py:151} INFO - [2025-11-15T00:56:37.935+0000] {dag.py:3696} INFO - Setting next_dagrun for dbt_transform to 2025-11-15T00:55:35.634758+00:00, run_after=2025-11-15T01:00:35.634758+00:00
[2025-11-15T00:56:37.953+0000] {processor.py:179} INFO - Processing /opt/airflow/dags/dbt_dag.py took 0.083 seconds
[2025-11-15T00:57:08.733+0000] {processor.py:157} INFO - Started process (PID=8973) to work on /opt/airflow/dags/dbt_dag.py
[2025-11-15T00:57:08.734+0000] {processor.py:829} INFO - Processing file /opt/airflow/dags/dbt_dag.py for tasks to queue
[2025-11-15T00:57:08.735+0000] {logging_mixin.py:151} INFO - [2025-11-15T00:57:08.734+0000] {dagbag.py:539} INFO - Filling up the DagBag from /opt/airflow/dags/dbt_dag.py
[2025-11-15T00:57:08.751+0000] {processor.py:839} INFO - DAG(s) dict_keys(['dbt_transform']) retrieved from /opt/airflow/dags/dbt_dag.py
[2025-11-15T00:57:08.771+0000] {logging_mixin.py:151} INFO - [2025-11-15T00:57:08.771+0000] {dag.py:2915} INFO - Sync 1 DAGs
[2025-11-15T00:57:08.786+0000] {logging_mixin.py:151} INFO - [2025-11-15T00:57:08.786+0000] {dag.py:3696} INFO - Setting next_dagrun for dbt_transform to 2025-11-15T00:55:35.634758+00:00, run_after=2025-11-15T01:00:35.634758+00:00
[2025-11-15T00:57:08.807+0000] {processor.py:179} INFO - Processing /opt/airflow/dags/dbt_dag.py took 0.077 seconds
[2025-11-15T00:57:39.462+0000] {processor.py:157} INFO - Started process (PID=8978) to work on /opt/airflow/dags/dbt_dag.py
[2025-11-15T00:57:39.462+0000] {processor.py:829} INFO - Processing file /opt/airflow/dags/dbt_dag.py for tasks to queue
[2025-11-15T00:57:39.463+0000] {logging_mixin.py:151} INFO - [2025-11-15T00:57:39.463+0000] {dagbag.py:539} INFO - Filling up the DagBag from /opt/airflow/dags/dbt_dag.py
[2025-11-15T00:57:39.482+0000] {processor.py:839} INFO - DAG(s) dict_keys(['dbt_transform']) retrieved from /opt/airflow/dags/dbt_dag.py
[2025-11-15T00:57:39.504+0000] {logging_mixin.py:151} INFO - [2025-11-15T00:57:39.504+0000] {dag.py:2915} INFO - Sync 1 DAGs
[2025-11-15T00:57:39.521+0000] {logging_mixin.py:151} INFO - [2025-11-15T00:57:39.521+0000] {dag.py:3696} INFO - Setting next_dagrun for dbt_transform to 2025-11-15T00:55:35.634758+00:00, run_after=2025-11-15T01:00:35.634758+00:00
[2025-11-15T00:57:39.543+0000] {processor.py:179} INFO - Processing /opt/airflow/dags/dbt_dag.py took 0.083 seconds
[2025-11-15T00:58:09.723+0000] {processor.py:157} INFO - Started process (PID=8983) to work on /opt/airflow/dags/dbt_dag.py
[2025-11-15T00:58:09.724+0000] {processor.py:829} INFO - Processing file /opt/airflow/dags/dbt_dag.py for tasks to queue
[2025-11-15T00:58:09.725+0000] {logging_mixin.py:151} INFO - [2025-11-15T00:58:09.724+0000] {dagbag.py:539} INFO - Filling up the DagBag from /opt/airflow/dags/dbt_dag.py
[2025-11-15T00:58:09.744+0000] {processor.py:839} INFO - DAG(s) dict_keys(['dbt_transform']) retrieved from /opt/airflow/dags/dbt_dag.py
[2025-11-15T00:58:09.768+0000] {logging_mixin.py:151} INFO - [2025-11-15T00:58:09.768+0000] {dag.py:2915} INFO - Sync 1 DAGs
[2025-11-15T00:58:09.785+0000] {logging_mixin.py:151} INFO - [2025-11-15T00:58:09.785+0000] {dag.py:3696} INFO - Setting next_dagrun for dbt_transform to 2025-11-15T00:55:35.634758+00:00, run_after=2025-11-15T01:00:35.634758+00:00
[2025-11-15T00:58:09.803+0000] {processor.py:179} INFO - Processing /opt/airflow/dags/dbt_dag.py took 0.082 seconds
[2025-11-15T00:58:40.823+0000] {processor.py:157} INFO - Started process (PID=8988) to work on /opt/airflow/dags/dbt_dag.py
[2025-11-15T00:58:40.824+0000] {processor.py:829} INFO - Processing file /opt/airflow/dags/dbt_dag.py for tasks to queue
[2025-11-15T00:58:40.825+0000] {logging_mixin.py:151} INFO - [2025-11-15T00:58:40.824+0000] {dagbag.py:539} INFO - Filling up the DagBag from /opt/airflow/dags/dbt_dag.py
[2025-11-15T00:58:40.843+0000] {processor.py:839} INFO - DAG(s) dict_keys(['dbt_transform']) retrieved from /opt/airflow/dags/dbt_dag.py
[2025-11-15T00:58:40.866+0000] {logging_mixin.py:151} INFO - [2025-11-15T00:58:40.866+0000] {dag.py:2915} INFO - Sync 1 DAGs
[2025-11-15T00:58:40.883+0000] {logging_mixin.py:151} INFO - [2025-11-15T00:58:40.883+0000] {dag.py:3696} INFO - Setting next_dagrun for dbt_transform to 2025-11-15T00:55:35.634758+00:00, run_after=2025-11-15T01:00:35.634758+00:00
[2025-11-15T00:58:40.901+0000] {processor.py:179} INFO - Processing /opt/airflow/dags/dbt_dag.py took 0.080 seconds
[2025-11-15T00:59:11.662+0000] {processor.py:157} INFO - Started process (PID=8993) to work on /opt/airflow/dags/dbt_dag.py
[2025-11-15T00:59:11.663+0000] {processor.py:829} INFO - Processing file /opt/airflow/dags/dbt_dag.py for tasks to queue
[2025-11-15T00:59:11.664+0000] {logging_mixin.py:151} INFO - [2025-11-15T00:59:11.663+0000] {dagbag.py:539} INFO - Filling up the DagBag from /opt/airflow/dags/dbt_dag.py
[2025-11-15T00:59:11.684+0000] {processor.py:839} INFO - DAG(s) dict_keys(['dbt_transform']) retrieved from /opt/airflow/dags/dbt_dag.py
[2025-11-15T00:59:11.707+0000] {logging_mixin.py:151} INFO - [2025-11-15T00:59:11.707+0000] {dag.py:2915} INFO - Sync 1 DAGs
[2025-11-15T00:59:11.725+0000] {logging_mixin.py:151} INFO - [2025-11-15T00:59:11.725+0000] {dag.py:3696} INFO - Setting next_dagrun for dbt_transform to 2025-11-15T00:55:35.634758+00:00, run_after=2025-11-15T01:00:35.634758+00:00
[2025-11-15T00:59:11.747+0000] {processor.py:179} INFO - Processing /opt/airflow/dags/dbt_dag.py took 0.087 seconds
[2025-11-15T00:59:42.429+0000] {processor.py:157} INFO - Started process (PID=8998) to work on /opt/airflow/dags/dbt_dag.py
[2025-11-15T00:59:42.430+0000] {processor.py:829} INFO - Processing file /opt/airflow/dags/dbt_dag.py for tasks to queue
[2025-11-15T00:59:42.431+0000] {logging_mixin.py:151} INFO - [2025-11-15T00:59:42.430+0000] {dagbag.py:539} INFO - Filling up the DagBag from /opt/airflow/dags/dbt_dag.py
[2025-11-15T00:59:42.449+0000] {processor.py:839} INFO - DAG(s) dict_keys(['dbt_transform']) retrieved from /opt/airflow/dags/dbt_dag.py
[2025-11-15T00:59:42.472+0000] {logging_mixin.py:151} INFO - [2025-11-15T00:59:42.472+0000] {dag.py:2915} INFO - Sync 1 DAGs
[2025-11-15T00:59:42.490+0000] {logging_mixin.py:151} INFO - [2025-11-15T00:59:42.490+0000] {dag.py:3696} INFO - Setting next_dagrun for dbt_transform to 2025-11-15T00:55:35.634758+00:00, run_after=2025-11-15T01:00:35.634758+00:00
[2025-11-15T00:59:42.508+0000] {processor.py:179} INFO - Processing /opt/airflow/dags/dbt_dag.py took 0.082 seconds
[2025-11-15T01:00:13.164+0000] {processor.py:157} INFO - Started process (PID=9003) to work on /opt/airflow/dags/dbt_dag.py
[2025-11-15T01:00:13.165+0000] {processor.py:829} INFO - Processing file /opt/airflow/dags/dbt_dag.py for tasks to queue
[2025-11-15T01:00:13.166+0000] {logging_mixin.py:151} INFO - [2025-11-15T01:00:13.166+0000] {dagbag.py:539} INFO - Filling up the DagBag from /opt/airflow/dags/dbt_dag.py
[2025-11-15T01:00:13.183+0000] {processor.py:839} INFO - DAG(s) dict_keys(['dbt_transform']) retrieved from /opt/airflow/dags/dbt_dag.py
[2025-11-15T01:00:13.206+0000] {logging_mixin.py:151} INFO - [2025-11-15T01:00:13.206+0000] {dag.py:2915} INFO - Sync 1 DAGs
[2025-11-15T01:00:13.223+0000] {logging_mixin.py:151} INFO - [2025-11-15T01:00:13.222+0000] {dag.py:3696} INFO - Setting next_dagrun for dbt_transform to 2025-11-15T00:55:35.634758+00:00, run_after=2025-11-15T01:00:35.634758+00:00
[2025-11-15T01:00:13.242+0000] {processor.py:179} INFO - Processing /opt/airflow/dags/dbt_dag.py took 0.080 seconds
[2025-11-15T01:00:43.904+0000] {processor.py:157} INFO - Started process (PID=9020) to work on /opt/airflow/dags/dbt_dag.py
[2025-11-15T01:00:43.905+0000] {processor.py:829} INFO - Processing file /opt/airflow/dags/dbt_dag.py for tasks to queue
[2025-11-15T01:00:43.906+0000] {logging_mixin.py:151} INFO - [2025-11-15T01:00:43.906+0000] {dagbag.py:539} INFO - Filling up the DagBag from /opt/airflow/dags/dbt_dag.py
[2025-11-15T01:00:43.930+0000] {processor.py:839} INFO - DAG(s) dict_keys(['dbt_transform']) retrieved from /opt/airflow/dags/dbt_dag.py
[2025-11-15T01:00:43.960+0000] {logging_mixin.py:151} INFO - [2025-11-15T01:00:43.959+0000] {dag.py:2915} INFO - Sync 1 DAGs
[2025-11-15T01:00:43.975+0000] {logging_mixin.py:151} INFO - [2025-11-15T01:00:43.975+0000] {dag.py:3696} INFO - Setting next_dagrun for dbt_transform to 2025-11-15T01:00:35.634758+00:00, run_after=2025-11-15T01:05:35.634758+00:00
[2025-11-15T01:00:43.997+0000] {processor.py:179} INFO - Processing /opt/airflow/dags/dbt_dag.py took 0.095 seconds
[2025-11-15T01:01:14.644+0000] {processor.py:157} INFO - Started process (PID=9037) to work on /opt/airflow/dags/dbt_dag.py
[2025-11-15T01:01:14.645+0000] {processor.py:829} INFO - Processing file /opt/airflow/dags/dbt_dag.py for tasks to queue
[2025-11-15T01:01:14.646+0000] {logging_mixin.py:151} INFO - [2025-11-15T01:01:14.646+0000] {dagbag.py:539} INFO - Filling up the DagBag from /opt/airflow/dags/dbt_dag.py
[2025-11-15T01:01:14.663+0000] {processor.py:839} INFO - DAG(s) dict_keys(['dbt_transform']) retrieved from /opt/airflow/dags/dbt_dag.py
[2025-11-15T01:01:14.685+0000] {logging_mixin.py:151} INFO - [2025-11-15T01:01:14.684+0000] {dag.py:2915} INFO - Sync 1 DAGs
[2025-11-15T01:01:14.701+0000] {logging_mixin.py:151} INFO - [2025-11-15T01:01:14.700+0000] {dag.py:3696} INFO - Setting next_dagrun for dbt_transform to 2025-11-15T01:00:35.634758+00:00, run_after=2025-11-15T01:05:35.634758+00:00
[2025-11-15T01:01:14.715+0000] {processor.py:179} INFO - Processing /opt/airflow/dags/dbt_dag.py took 0.073 seconds
[2025-11-15T01:01:45.325+0000] {processor.py:157} INFO - Started process (PID=9042) to work on /opt/airflow/dags/dbt_dag.py
[2025-11-15T01:01:45.325+0000] {processor.py:829} INFO - Processing file /opt/airflow/dags/dbt_dag.py for tasks to queue
[2025-11-15T01:01:45.326+0000] {logging_mixin.py:151} INFO - [2025-11-15T01:01:45.326+0000] {dagbag.py:539} INFO - Filling up the DagBag from /opt/airflow/dags/dbt_dag.py
[2025-11-15T01:01:45.350+0000] {processor.py:839} INFO - DAG(s) dict_keys(['dbt_transform']) retrieved from /opt/airflow/dags/dbt_dag.py
[2025-11-15T01:01:45.377+0000] {logging_mixin.py:151} INFO - [2025-11-15T01:01:45.377+0000] {dag.py:2915} INFO - Sync 1 DAGs
[2025-11-15T01:01:45.393+0000] {logging_mixin.py:151} INFO - [2025-11-15T01:01:45.392+0000] {dag.py:3696} INFO - Setting next_dagrun for dbt_transform to 2025-11-15T01:00:35.634758+00:00, run_after=2025-11-15T01:05:35.634758+00:00
[2025-11-15T01:01:45.410+0000] {processor.py:179} INFO - Processing /opt/airflow/dags/dbt_dag.py took 0.087 seconds
[2025-11-15T01:02:16.156+0000] {processor.py:157} INFO - Started process (PID=9047) to work on /opt/airflow/dags/dbt_dag.py
[2025-11-15T01:02:16.157+0000] {processor.py:829} INFO - Processing file /opt/airflow/dags/dbt_dag.py for tasks to queue
[2025-11-15T01:02:16.158+0000] {logging_mixin.py:151} INFO - [2025-11-15T01:02:16.158+0000] {dagbag.py:539} INFO - Filling up the DagBag from /opt/airflow/dags/dbt_dag.py
[2025-11-15T01:02:16.178+0000] {processor.py:839} INFO - DAG(s) dict_keys(['dbt_transform']) retrieved from /opt/airflow/dags/dbt_dag.py
[2025-11-15T01:02:16.199+0000] {logging_mixin.py:151} INFO - [2025-11-15T01:02:16.198+0000] {dag.py:2915} INFO - Sync 1 DAGs
[2025-11-15T01:02:16.215+0000] {logging_mixin.py:151} INFO - [2025-11-15T01:02:16.215+0000] {dag.py:3696} INFO - Setting next_dagrun for dbt_transform to 2025-11-15T01:00:35.634758+00:00, run_after=2025-11-15T01:05:35.634758+00:00
[2025-11-15T01:02:16.236+0000] {processor.py:179} INFO - Processing /opt/airflow/dags/dbt_dag.py took 0.083 seconds
[2025-11-15T01:02:46.976+0000] {processor.py:157} INFO - Started process (PID=9052) to work on /opt/airflow/dags/dbt_dag.py
[2025-11-15T01:02:46.976+0000] {processor.py:829} INFO - Processing file /opt/airflow/dags/dbt_dag.py for tasks to queue
[2025-11-15T01:02:46.977+0000] {logging_mixin.py:151} INFO - [2025-11-15T01:02:46.977+0000] {dagbag.py:539} INFO - Filling up the DagBag from /opt/airflow/dags/dbt_dag.py
[2025-11-15T01:02:46.994+0000] {processor.py:839} INFO - DAG(s) dict_keys(['dbt_transform']) retrieved from /opt/airflow/dags/dbt_dag.py
[2025-11-15T01:02:47.016+0000] {logging_mixin.py:151} INFO - [2025-11-15T01:02:47.016+0000] {dag.py:2915} INFO - Sync 1 DAGs
[2025-11-15T01:02:47.033+0000] {logging_mixin.py:151} INFO - [2025-11-15T01:02:47.033+0000] {dag.py:3696} INFO - Setting next_dagrun for dbt_transform to 2025-11-15T01:00:35.634758+00:00, run_after=2025-11-15T01:05:35.634758+00:00
[2025-11-15T01:02:47.054+0000] {processor.py:179} INFO - Processing /opt/airflow/dags/dbt_dag.py took 0.081 seconds
[2025-11-15T01:03:18.002+0000] {processor.py:157} INFO - Started process (PID=9057) to work on /opt/airflow/dags/dbt_dag.py
[2025-11-15T01:03:18.003+0000] {processor.py:829} INFO - Processing file /opt/airflow/dags/dbt_dag.py for tasks to queue
[2025-11-15T01:03:18.004+0000] {logging_mixin.py:151} INFO - [2025-11-15T01:03:18.004+0000] {dagbag.py:539} INFO - Filling up the DagBag from /opt/airflow/dags/dbt_dag.py
[2025-11-15T01:03:18.026+0000] {processor.py:839} INFO - DAG(s) dict_keys(['dbt_transform']) retrieved from /opt/airflow/dags/dbt_dag.py
[2025-11-15T01:03:18.053+0000] {logging_mixin.py:151} INFO - [2025-11-15T01:03:18.053+0000] {dag.py:2915} INFO - Sync 1 DAGs
[2025-11-15T01:03:18.071+0000] {logging_mixin.py:151} INFO - [2025-11-15T01:03:18.071+0000] {dag.py:3696} INFO - Setting next_dagrun for dbt_transform to 2025-11-15T01:00:35.634758+00:00, run_after=2025-11-15T01:05:35.634758+00:00
[2025-11-15T01:03:18.089+0000] {processor.py:179} INFO - Processing /opt/airflow/dags/dbt_dag.py took 0.089 seconds
[2025-11-15T01:03:48.321+0000] {processor.py:157} INFO - Started process (PID=9062) to work on /opt/airflow/dags/dbt_dag.py
[2025-11-15T01:03:48.321+0000] {processor.py:829} INFO - Processing file /opt/airflow/dags/dbt_dag.py for tasks to queue
[2025-11-15T01:03:48.322+0000] {logging_mixin.py:151} INFO - [2025-11-15T01:03:48.322+0000] {dagbag.py:539} INFO - Filling up the DagBag from /opt/airflow/dags/dbt_dag.py
[2025-11-15T01:03:48.341+0000] {processor.py:839} INFO - DAG(s) dict_keys(['dbt_transform']) retrieved from /opt/airflow/dags/dbt_dag.py
[2025-11-15T01:03:48.364+0000] {logging_mixin.py:151} INFO - [2025-11-15T01:03:48.364+0000] {dag.py:2915} INFO - Sync 1 DAGs
[2025-11-15T01:03:48.381+0000] {logging_mixin.py:151} INFO - [2025-11-15T01:03:48.381+0000] {dag.py:3696} INFO - Setting next_dagrun for dbt_transform to 2025-11-15T01:00:35.634758+00:00, run_after=2025-11-15T01:05:35.634758+00:00
[2025-11-15T01:03:48.403+0000] {processor.py:179} INFO - Processing /opt/airflow/dags/dbt_dag.py took 0.085 seconds
[2025-11-15T01:04:19.161+0000] {processor.py:157} INFO - Started process (PID=9067) to work on /opt/airflow/dags/dbt_dag.py
[2025-11-15T01:04:19.162+0000] {processor.py:829} INFO - Processing file /opt/airflow/dags/dbt_dag.py for tasks to queue
[2025-11-15T01:04:19.163+0000] {logging_mixin.py:151} INFO - [2025-11-15T01:04:19.162+0000] {dagbag.py:539} INFO - Filling up the DagBag from /opt/airflow/dags/dbt_dag.py
[2025-11-15T01:04:19.181+0000] {processor.py:839} INFO - DAG(s) dict_keys(['dbt_transform']) retrieved from /opt/airflow/dags/dbt_dag.py
[2025-11-15T01:04:19.204+0000] {logging_mixin.py:151} INFO - [2025-11-15T01:04:19.204+0000] {dag.py:2915} INFO - Sync 1 DAGs
[2025-11-15T01:04:19.221+0000] {logging_mixin.py:151} INFO - [2025-11-15T01:04:19.221+0000] {dag.py:3696} INFO - Setting next_dagrun for dbt_transform to 2025-11-15T01:00:35.634758+00:00, run_after=2025-11-15T01:05:35.634758+00:00
[2025-11-15T01:04:19.241+0000] {processor.py:179} INFO - Processing /opt/airflow/dags/dbt_dag.py took 0.083 seconds
[2025-11-15T01:04:49.942+0000] {processor.py:157} INFO - Started process (PID=9072) to work on /opt/airflow/dags/dbt_dag.py
[2025-11-15T01:04:49.942+0000] {processor.py:829} INFO - Processing file /opt/airflow/dags/dbt_dag.py for tasks to queue
[2025-11-15T01:04:49.943+0000] {logging_mixin.py:151} INFO - [2025-11-15T01:04:49.943+0000] {dagbag.py:539} INFO - Filling up the DagBag from /opt/airflow/dags/dbt_dag.py
[2025-11-15T01:04:49.966+0000] {processor.py:839} INFO - DAG(s) dict_keys(['dbt_transform']) retrieved from /opt/airflow/dags/dbt_dag.py
[2025-11-15T01:04:49.991+0000] {logging_mixin.py:151} INFO - [2025-11-15T01:04:49.991+0000] {dag.py:2915} INFO - Sync 1 DAGs
[2025-11-15T01:04:50.008+0000] {logging_mixin.py:151} INFO - [2025-11-15T01:04:50.008+0000] {dag.py:3696} INFO - Setting next_dagrun for dbt_transform to 2025-11-15T01:00:35.634758+00:00, run_after=2025-11-15T01:05:35.634758+00:00
[2025-11-15T01:04:50.028+0000] {processor.py:179} INFO - Processing /opt/airflow/dags/dbt_dag.py took 0.089 seconds
[2025-11-15T01:05:20.676+0000] {processor.py:157} INFO - Started process (PID=9077) to work on /opt/airflow/dags/dbt_dag.py
[2025-11-15T01:05:20.677+0000] {processor.py:829} INFO - Processing file /opt/airflow/dags/dbt_dag.py for tasks to queue
[2025-11-15T01:05:20.678+0000] {logging_mixin.py:151} INFO - [2025-11-15T01:05:20.678+0000] {dagbag.py:539} INFO - Filling up the DagBag from /opt/airflow/dags/dbt_dag.py
[2025-11-15T01:05:20.696+0000] {processor.py:839} INFO - DAG(s) dict_keys(['dbt_transform']) retrieved from /opt/airflow/dags/dbt_dag.py
[2025-11-15T01:05:20.720+0000] {logging_mixin.py:151} INFO - [2025-11-15T01:05:20.720+0000] {dag.py:2915} INFO - Sync 1 DAGs
[2025-11-15T01:05:20.737+0000] {logging_mixin.py:151} INFO - [2025-11-15T01:05:20.737+0000] {dag.py:3696} INFO - Setting next_dagrun for dbt_transform to 2025-11-15T01:00:35.634758+00:00, run_after=2025-11-15T01:05:35.634758+00:00
[2025-11-15T01:05:20.756+0000] {processor.py:179} INFO - Processing /opt/airflow/dags/dbt_dag.py took 0.083 seconds
[2025-11-15T01:05:51.347+0000] {processor.py:157} INFO - Started process (PID=9107) to work on /opt/airflow/dags/dbt_dag.py
[2025-11-15T01:05:51.348+0000] {processor.py:829} INFO - Processing file /opt/airflow/dags/dbt_dag.py for tasks to queue
[2025-11-15T01:05:51.349+0000] {logging_mixin.py:151} INFO - [2025-11-15T01:05:51.348+0000] {dagbag.py:539} INFO - Filling up the DagBag from /opt/airflow/dags/dbt_dag.py
[2025-11-15T01:05:51.371+0000] {processor.py:839} INFO - DAG(s) dict_keys(['dbt_transform']) retrieved from /opt/airflow/dags/dbt_dag.py
[2025-11-15T01:05:51.393+0000] {logging_mixin.py:151} INFO - [2025-11-15T01:05:51.393+0000] {dag.py:2915} INFO - Sync 1 DAGs
[2025-11-15T01:05:51.409+0000] {logging_mixin.py:151} INFO - [2025-11-15T01:05:51.409+0000] {dag.py:3696} INFO - Setting next_dagrun for dbt_transform to 2025-11-15T01:05:35.634758+00:00, run_after=2025-11-15T01:10:35.634758+00:00
[2025-11-15T01:05:51.425+0000] {processor.py:179} INFO - Processing /opt/airflow/dags/dbt_dag.py took 0.080 seconds
[2025-11-15T01:06:22.152+0000] {processor.py:157} INFO - Started process (PID=9112) to work on /opt/airflow/dags/dbt_dag.py
[2025-11-15T01:06:22.153+0000] {processor.py:829} INFO - Processing file /opt/airflow/dags/dbt_dag.py for tasks to queue
[2025-11-15T01:06:22.154+0000] {logging_mixin.py:151} INFO - [2025-11-15T01:06:22.154+0000] {dagbag.py:539} INFO - Filling up the DagBag from /opt/airflow/dags/dbt_dag.py
[2025-11-15T01:06:22.177+0000] {processor.py:839} INFO - DAG(s) dict_keys(['dbt_transform']) retrieved from /opt/airflow/dags/dbt_dag.py
[2025-11-15T01:06:22.199+0000] {logging_mixin.py:151} INFO - [2025-11-15T01:06:22.199+0000] {dag.py:2915} INFO - Sync 1 DAGs
[2025-11-15T01:06:22.214+0000] {logging_mixin.py:151} INFO - [2025-11-15T01:06:22.214+0000] {dag.py:3696} INFO - Setting next_dagrun for dbt_transform to 2025-11-15T01:05:35.634758+00:00, run_after=2025-11-15T01:10:35.634758+00:00
[2025-11-15T01:06:22.234+0000] {processor.py:179} INFO - Processing /opt/airflow/dags/dbt_dag.py took 0.084 seconds
[2025-11-15T01:06:52.957+0000] {processor.py:157} INFO - Started process (PID=9117) to work on /opt/airflow/dags/dbt_dag.py
[2025-11-15T01:06:52.958+0000] {processor.py:829} INFO - Processing file /opt/airflow/dags/dbt_dag.py for tasks to queue
[2025-11-15T01:06:52.959+0000] {logging_mixin.py:151} INFO - [2025-11-15T01:06:52.959+0000] {dagbag.py:539} INFO - Filling up the DagBag from /opt/airflow/dags/dbt_dag.py
[2025-11-15T01:06:52.981+0000] {processor.py:839} INFO - DAG(s) dict_keys(['dbt_transform']) retrieved from /opt/airflow/dags/dbt_dag.py
[2025-11-15T01:06:53.005+0000] {logging_mixin.py:151} INFO - [2025-11-15T01:06:53.005+0000] {dag.py:2915} INFO - Sync 1 DAGs
[2025-11-15T01:06:53.020+0000] {logging_mixin.py:151} INFO - [2025-11-15T01:06:53.020+0000] {dag.py:3696} INFO - Setting next_dagrun for dbt_transform to 2025-11-15T01:05:35.634758+00:00, run_after=2025-11-15T01:10:35.634758+00:00
[2025-11-15T01:06:53.037+0000] {processor.py:179} INFO - Processing /opt/airflow/dags/dbt_dag.py took 0.082 seconds
[2025-11-15T01:07:23.666+0000] {processor.py:157} INFO - Started process (PID=9122) to work on /opt/airflow/dags/dbt_dag.py
[2025-11-15T01:07:23.667+0000] {processor.py:829} INFO - Processing file /opt/airflow/dags/dbt_dag.py for tasks to queue
[2025-11-15T01:07:23.668+0000] {logging_mixin.py:151} INFO - [2025-11-15T01:07:23.667+0000] {dagbag.py:539} INFO - Filling up the DagBag from /opt/airflow/dags/dbt_dag.py
[2025-11-15T01:07:23.684+0000] {processor.py:839} INFO - DAG(s) dict_keys(['dbt_transform']) retrieved from /opt/airflow/dags/dbt_dag.py
[2025-11-15T01:07:23.706+0000] {logging_mixin.py:151} INFO - [2025-11-15T01:07:23.706+0000] {dag.py:2915} INFO - Sync 1 DAGs
[2025-11-15T01:07:23.722+0000] {logging_mixin.py:151} INFO - [2025-11-15T01:07:23.722+0000] {dag.py:3696} INFO - Setting next_dagrun for dbt_transform to 2025-11-15T01:05:35.634758+00:00, run_after=2025-11-15T01:10:35.634758+00:00
[2025-11-15T01:07:23.741+0000] {processor.py:179} INFO - Processing /opt/airflow/dags/dbt_dag.py took 0.077 seconds
[2025-11-15T01:07:54.458+0000] {processor.py:157} INFO - Started process (PID=9127) to work on /opt/airflow/dags/dbt_dag.py
[2025-11-15T01:07:54.458+0000] {processor.py:829} INFO - Processing file /opt/airflow/dags/dbt_dag.py for tasks to queue
[2025-11-15T01:07:54.459+0000] {logging_mixin.py:151} INFO - [2025-11-15T01:07:54.459+0000] {dagbag.py:539} INFO - Filling up the DagBag from /opt/airflow/dags/dbt_dag.py
[2025-11-15T01:07:54.477+0000] {processor.py:839} INFO - DAG(s) dict_keys(['dbt_transform']) retrieved from /opt/airflow/dags/dbt_dag.py
[2025-11-15T01:07:54.499+0000] {logging_mixin.py:151} INFO - [2025-11-15T01:07:54.499+0000] {dag.py:2915} INFO - Sync 1 DAGs
[2025-11-15T01:07:54.516+0000] {logging_mixin.py:151} INFO - [2025-11-15T01:07:54.516+0000] {dag.py:3696} INFO - Setting next_dagrun for dbt_transform to 2025-11-15T01:05:35.634758+00:00, run_after=2025-11-15T01:10:35.634758+00:00
[2025-11-15T01:07:54.537+0000] {processor.py:179} INFO - Processing /opt/airflow/dags/dbt_dag.py took 0.082 seconds
[2025-11-15T01:08:25.176+0000] {processor.py:157} INFO - Started process (PID=9132) to work on /opt/airflow/dags/dbt_dag.py
[2025-11-15T01:08:25.176+0000] {processor.py:829} INFO - Processing file /opt/airflow/dags/dbt_dag.py for tasks to queue
[2025-11-15T01:08:25.177+0000] {logging_mixin.py:151} INFO - [2025-11-15T01:08:25.177+0000] {dagbag.py:539} INFO - Filling up the DagBag from /opt/airflow/dags/dbt_dag.py
[2025-11-15T01:08:25.196+0000] {processor.py:839} INFO - DAG(s) dict_keys(['dbt_transform']) retrieved from /opt/airflow/dags/dbt_dag.py
[2025-11-15T01:08:25.219+0000] {logging_mixin.py:151} INFO - [2025-11-15T01:08:25.219+0000] {dag.py:2915} INFO - Sync 1 DAGs
[2025-11-15T01:08:25.238+0000] {logging_mixin.py:151} INFO - [2025-11-15T01:08:25.237+0000] {dag.py:3696} INFO - Setting next_dagrun for dbt_transform to 2025-11-15T01:05:35.634758+00:00, run_after=2025-11-15T01:10:35.634758+00:00
[2025-11-15T01:08:25.257+0000] {processor.py:179} INFO - Processing /opt/airflow/dags/dbt_dag.py took 0.084 seconds
[2025-11-15T01:08:55.978+0000] {processor.py:157} INFO - Started process (PID=9137) to work on /opt/airflow/dags/dbt_dag.py
[2025-11-15T01:08:55.978+0000] {processor.py:829} INFO - Processing file /opt/airflow/dags/dbt_dag.py for tasks to queue
[2025-11-15T01:08:55.979+0000] {logging_mixin.py:151} INFO - [2025-11-15T01:08:55.979+0000] {dagbag.py:539} INFO - Filling up the DagBag from /opt/airflow/dags/dbt_dag.py
[2025-11-15T01:08:56.001+0000] {processor.py:839} INFO - DAG(s) dict_keys(['dbt_transform']) retrieved from /opt/airflow/dags/dbt_dag.py
[2025-11-15T01:08:56.024+0000] {logging_mixin.py:151} INFO - [2025-11-15T01:08:56.023+0000] {dag.py:2915} INFO - Sync 1 DAGs
[2025-11-15T01:08:56.040+0000] {logging_mixin.py:151} INFO - [2025-11-15T01:08:56.040+0000] {dag.py:3696} INFO - Setting next_dagrun for dbt_transform to 2025-11-15T01:05:35.634758+00:00, run_after=2025-11-15T01:10:35.634758+00:00
[2025-11-15T01:08:56.060+0000] {processor.py:179} INFO - Processing /opt/airflow/dags/dbt_dag.py took 0.084 seconds
[2025-11-15T01:09:26.766+0000] {processor.py:157} INFO - Started process (PID=9142) to work on /opt/airflow/dags/dbt_dag.py
[2025-11-15T01:09:26.766+0000] {processor.py:829} INFO - Processing file /opt/airflow/dags/dbt_dag.py for tasks to queue
[2025-11-15T01:09:26.767+0000] {logging_mixin.py:151} INFO - [2025-11-15T01:09:26.767+0000] {dagbag.py:539} INFO - Filling up the DagBag from /opt/airflow/dags/dbt_dag.py
[2025-11-15T01:09:26.786+0000] {processor.py:839} INFO - DAG(s) dict_keys(['dbt_transform']) retrieved from /opt/airflow/dags/dbt_dag.py
[2025-11-15T01:09:26.809+0000] {logging_mixin.py:151} INFO - [2025-11-15T01:09:26.809+0000] {dag.py:2915} INFO - Sync 1 DAGs
[2025-11-15T01:09:26.826+0000] {logging_mixin.py:151} INFO - [2025-11-15T01:09:26.826+0000] {dag.py:3696} INFO - Setting next_dagrun for dbt_transform to 2025-11-15T01:05:35.634758+00:00, run_after=2025-11-15T01:10:35.634758+00:00
[2025-11-15T01:09:26.845+0000] {processor.py:179} INFO - Processing /opt/airflow/dags/dbt_dag.py took 0.082 seconds
[2025-11-15T01:09:56.931+0000] {processor.py:157} INFO - Started process (PID=9147) to work on /opt/airflow/dags/dbt_dag.py
[2025-11-15T01:09:56.932+0000] {processor.py:829} INFO - Processing file /opt/airflow/dags/dbt_dag.py for tasks to queue
[2025-11-15T01:09:56.933+0000] {logging_mixin.py:151} INFO - [2025-11-15T01:09:56.932+0000] {dagbag.py:539} INFO - Filling up the DagBag from /opt/airflow/dags/dbt_dag.py
[2025-11-15T01:09:56.952+0000] {processor.py:839} INFO - DAG(s) dict_keys(['dbt_transform']) retrieved from /opt/airflow/dags/dbt_dag.py
[2025-11-15T01:09:56.975+0000] {logging_mixin.py:151} INFO - [2025-11-15T01:09:56.974+0000] {dag.py:2915} INFO - Sync 1 DAGs
[2025-11-15T01:09:56.992+0000] {logging_mixin.py:151} INFO - [2025-11-15T01:09:56.992+0000] {dag.py:3696} INFO - Setting next_dagrun for dbt_transform to 2025-11-15T01:05:35.634758+00:00, run_after=2025-11-15T01:10:35.634758+00:00
[2025-11-15T01:09:57.011+0000] {processor.py:179} INFO - Processing /opt/airflow/dags/dbt_dag.py took 0.082 seconds
[2025-11-15T01:10:27.734+0000] {processor.py:157} INFO - Started process (PID=9152) to work on /opt/airflow/dags/dbt_dag.py
[2025-11-15T01:10:27.735+0000] {processor.py:829} INFO - Processing file /opt/airflow/dags/dbt_dag.py for tasks to queue
[2025-11-15T01:10:27.736+0000] {logging_mixin.py:151} INFO - [2025-11-15T01:10:27.736+0000] {dagbag.py:539} INFO - Filling up the DagBag from /opt/airflow/dags/dbt_dag.py
[2025-11-15T01:10:27.756+0000] {processor.py:839} INFO - DAG(s) dict_keys(['dbt_transform']) retrieved from /opt/airflow/dags/dbt_dag.py
[2025-11-15T01:10:27.779+0000] {logging_mixin.py:151} INFO - [2025-11-15T01:10:27.779+0000] {dag.py:2915} INFO - Sync 1 DAGs
[2025-11-15T01:10:27.797+0000] {logging_mixin.py:151} INFO - [2025-11-15T01:10:27.797+0000] {dag.py:3696} INFO - Setting next_dagrun for dbt_transform to 2025-11-15T01:05:35.634758+00:00, run_after=2025-11-15T01:10:35.634758+00:00
[2025-11-15T01:10:27.815+0000] {processor.py:179} INFO - Processing /opt/airflow/dags/dbt_dag.py took 0.084 seconds
[2025-11-15T01:10:58.527+0000] {processor.py:157} INFO - Started process (PID=9182) to work on /opt/airflow/dags/dbt_dag.py
[2025-11-15T01:10:58.528+0000] {processor.py:829} INFO - Processing file /opt/airflow/dags/dbt_dag.py for tasks to queue
[2025-11-15T01:10:58.529+0000] {logging_mixin.py:151} INFO - [2025-11-15T01:10:58.529+0000] {dagbag.py:539} INFO - Filling up the DagBag from /opt/airflow/dags/dbt_dag.py
[2025-11-15T01:10:58.549+0000] {processor.py:839} INFO - DAG(s) dict_keys(['dbt_transform']) retrieved from /opt/airflow/dags/dbt_dag.py
[2025-11-15T01:10:58.571+0000] {logging_mixin.py:151} INFO - [2025-11-15T01:10:58.571+0000] {dag.py:2915} INFO - Sync 1 DAGs
[2025-11-15T01:10:58.586+0000] {logging_mixin.py:151} INFO - [2025-11-15T01:10:58.586+0000] {dag.py:3696} INFO - Setting next_dagrun for dbt_transform to 2025-11-15T01:10:35.634758+00:00, run_after=2025-11-15T01:15:35.634758+00:00
[2025-11-15T01:10:58.609+0000] {processor.py:179} INFO - Processing /opt/airflow/dags/dbt_dag.py took 0.084 seconds
[2025-11-15T01:11:29.507+0000] {processor.py:157} INFO - Started process (PID=9187) to work on /opt/airflow/dags/dbt_dag.py
[2025-11-15T01:11:29.507+0000] {processor.py:829} INFO - Processing file /opt/airflow/dags/dbt_dag.py for tasks to queue
[2025-11-15T01:11:29.508+0000] {logging_mixin.py:151} INFO - [2025-11-15T01:11:29.508+0000] {dagbag.py:539} INFO - Filling up the DagBag from /opt/airflow/dags/dbt_dag.py
[2025-11-15T01:11:29.531+0000] {processor.py:839} INFO - DAG(s) dict_keys(['dbt_transform']) retrieved from /opt/airflow/dags/dbt_dag.py
[2025-11-15T01:11:29.552+0000] {logging_mixin.py:151} INFO - [2025-11-15T01:11:29.552+0000] {dag.py:2915} INFO - Sync 1 DAGs
[2025-11-15T01:11:29.568+0000] {logging_mixin.py:151} INFO - [2025-11-15T01:11:29.567+0000] {dag.py:3696} INFO - Setting next_dagrun for dbt_transform to 2025-11-15T01:10:35.634758+00:00, run_after=2025-11-15T01:15:35.634758+00:00
[2025-11-15T01:11:29.588+0000] {processor.py:179} INFO - Processing /opt/airflow/dags/dbt_dag.py took 0.084 seconds
[2025-11-15T01:12:00.364+0000] {processor.py:157} INFO - Started process (PID=9192) to work on /opt/airflow/dags/dbt_dag.py
[2025-11-15T01:12:00.365+0000] {processor.py:829} INFO - Processing file /opt/airflow/dags/dbt_dag.py for tasks to queue
[2025-11-15T01:12:00.366+0000] {logging_mixin.py:151} INFO - [2025-11-15T01:12:00.365+0000] {dagbag.py:539} INFO - Filling up the DagBag from /opt/airflow/dags/dbt_dag.py
[2025-11-15T01:12:00.390+0000] {processor.py:839} INFO - DAG(s) dict_keys(['dbt_transform']) retrieved from /opt/airflow/dags/dbt_dag.py
[2025-11-15T01:12:00.418+0000] {logging_mixin.py:151} INFO - [2025-11-15T01:12:00.417+0000] {dag.py:2915} INFO - Sync 1 DAGs
[2025-11-15T01:12:00.435+0000] {logging_mixin.py:151} INFO - [2025-11-15T01:12:00.434+0000] {dag.py:3696} INFO - Setting next_dagrun for dbt_transform to 2025-11-15T01:10:35.634758+00:00, run_after=2025-11-15T01:15:35.634758+00:00
[2025-11-15T01:12:00.453+0000] {processor.py:179} INFO - Processing /opt/airflow/dags/dbt_dag.py took 0.091 seconds
[2025-11-15T01:12:31.299+0000] {processor.py:157} INFO - Started process (PID=9197) to work on /opt/airflow/dags/dbt_dag.py
[2025-11-15T01:12:31.300+0000] {processor.py:829} INFO - Processing file /opt/airflow/dags/dbt_dag.py for tasks to queue
[2025-11-15T01:12:31.300+0000] {logging_mixin.py:151} INFO - [2025-11-15T01:12:31.300+0000] {dagbag.py:539} INFO - Filling up the DagBag from /opt/airflow/dags/dbt_dag.py
[2025-11-15T01:12:31.318+0000] {processor.py:839} INFO - DAG(s) dict_keys(['dbt_transform']) retrieved from /opt/airflow/dags/dbt_dag.py
[2025-11-15T01:12:31.341+0000] {logging_mixin.py:151} INFO - [2025-11-15T01:12:31.341+0000] {dag.py:2915} INFO - Sync 1 DAGs
[2025-11-15T01:12:31.358+0000] {logging_mixin.py:151} INFO - [2025-11-15T01:12:31.358+0000] {dag.py:3696} INFO - Setting next_dagrun for dbt_transform to 2025-11-15T01:10:35.634758+00:00, run_after=2025-11-15T01:15:35.634758+00:00
[2025-11-15T01:12:31.377+0000] {processor.py:179} INFO - Processing /opt/airflow/dags/dbt_dag.py took 0.081 seconds
[2025-11-15T01:13:02.108+0000] {processor.py:157} INFO - Started process (PID=9202) to work on /opt/airflow/dags/dbt_dag.py
[2025-11-15T01:13:02.108+0000] {processor.py:829} INFO - Processing file /opt/airflow/dags/dbt_dag.py for tasks to queue
[2025-11-15T01:13:02.109+0000] {logging_mixin.py:151} INFO - [2025-11-15T01:13:02.109+0000] {dagbag.py:539} INFO - Filling up the DagBag from /opt/airflow/dags/dbt_dag.py
[2025-11-15T01:13:02.127+0000] {processor.py:839} INFO - DAG(s) dict_keys(['dbt_transform']) retrieved from /opt/airflow/dags/dbt_dag.py
[2025-11-15T01:13:02.151+0000] {logging_mixin.py:151} INFO - [2025-11-15T01:13:02.151+0000] {dag.py:2915} INFO - Sync 1 DAGs
[2025-11-15T01:13:02.167+0000] {logging_mixin.py:151} INFO - [2025-11-15T01:13:02.167+0000] {dag.py:3696} INFO - Setting next_dagrun for dbt_transform to 2025-11-15T01:10:35.634758+00:00, run_after=2025-11-15T01:15:35.634758+00:00
[2025-11-15T01:13:02.185+0000] {processor.py:179} INFO - Processing /opt/airflow/dags/dbt_dag.py took 0.080 seconds
[2025-11-15T01:13:33.081+0000] {processor.py:157} INFO - Started process (PID=9207) to work on /opt/airflow/dags/dbt_dag.py
[2025-11-15T01:13:33.081+0000] {processor.py:829} INFO - Processing file /opt/airflow/dags/dbt_dag.py for tasks to queue
[2025-11-15T01:13:33.082+0000] {logging_mixin.py:151} INFO - [2025-11-15T01:13:33.082+0000] {dagbag.py:539} INFO - Filling up the DagBag from /opt/airflow/dags/dbt_dag.py
[2025-11-15T01:13:33.101+0000] {processor.py:839} INFO - DAG(s) dict_keys(['dbt_transform']) retrieved from /opt/airflow/dags/dbt_dag.py
[2025-11-15T01:13:33.124+0000] {logging_mixin.py:151} INFO - [2025-11-15T01:13:33.124+0000] {dag.py:2915} INFO - Sync 1 DAGs
[2025-11-15T01:13:33.141+0000] {logging_mixin.py:151} INFO - [2025-11-15T01:13:33.141+0000] {dag.py:3696} INFO - Setting next_dagrun for dbt_transform to 2025-11-15T01:10:35.634758+00:00, run_after=2025-11-15T01:15:35.634758+00:00
[2025-11-15T01:13:33.161+0000] {processor.py:179} INFO - Processing /opt/airflow/dags/dbt_dag.py took 0.082 seconds
[2025-11-15T01:14:04.092+0000] {processor.py:157} INFO - Started process (PID=9212) to work on /opt/airflow/dags/dbt_dag.py
[2025-11-15T01:14:04.092+0000] {processor.py:829} INFO - Processing file /opt/airflow/dags/dbt_dag.py for tasks to queue
[2025-11-15T01:14:04.093+0000] {logging_mixin.py:151} INFO - [2025-11-15T01:14:04.093+0000] {dagbag.py:539} INFO - Filling up the DagBag from /opt/airflow/dags/dbt_dag.py
[2025-11-15T01:14:04.111+0000] {processor.py:839} INFO - DAG(s) dict_keys(['dbt_transform']) retrieved from /opt/airflow/dags/dbt_dag.py
[2025-11-15T01:14:04.133+0000] {logging_mixin.py:151} INFO - [2025-11-15T01:14:04.133+0000] {dag.py:2915} INFO - Sync 1 DAGs
[2025-11-15T01:14:04.150+0000] {logging_mixin.py:151} INFO - [2025-11-15T01:14:04.150+0000] {dag.py:3696} INFO - Setting next_dagrun for dbt_transform to 2025-11-15T01:10:35.634758+00:00, run_after=2025-11-15T01:15:35.634758+00:00
[2025-11-15T01:14:04.166+0000] {processor.py:179} INFO - Processing /opt/airflow/dags/dbt_dag.py took 0.077 seconds
[2025-11-15T01:14:34.981+0000] {processor.py:157} INFO - Started process (PID=9217) to work on /opt/airflow/dags/dbt_dag.py
[2025-11-15T01:14:34.982+0000] {processor.py:829} INFO - Processing file /opt/airflow/dags/dbt_dag.py for tasks to queue
[2025-11-15T01:14:34.983+0000] {logging_mixin.py:151} INFO - [2025-11-15T01:14:34.982+0000] {dagbag.py:539} INFO - Filling up the DagBag from /opt/airflow/dags/dbt_dag.py
[2025-11-15T01:14:35.005+0000] {processor.py:839} INFO - DAG(s) dict_keys(['dbt_transform']) retrieved from /opt/airflow/dags/dbt_dag.py
[2025-11-15T01:14:35.029+0000] {logging_mixin.py:151} INFO - [2025-11-15T01:14:35.029+0000] {dag.py:2915} INFO - Sync 1 DAGs
[2025-11-15T01:14:35.046+0000] {logging_mixin.py:151} INFO - [2025-11-15T01:14:35.046+0000] {dag.py:3696} INFO - Setting next_dagrun for dbt_transform to 2025-11-15T01:10:35.634758+00:00, run_after=2025-11-15T01:15:35.634758+00:00
[2025-11-15T01:14:35.068+0000] {processor.py:179} INFO - Processing /opt/airflow/dags/dbt_dag.py took 0.089 seconds
[2025-11-15T01:15:05.804+0000] {processor.py:157} INFO - Started process (PID=9222) to work on /opt/airflow/dags/dbt_dag.py
[2025-11-15T01:15:05.804+0000] {processor.py:829} INFO - Processing file /opt/airflow/dags/dbt_dag.py for tasks to queue
[2025-11-15T01:15:05.805+0000] {logging_mixin.py:151} INFO - [2025-11-15T01:15:05.805+0000] {dagbag.py:539} INFO - Filling up the DagBag from /opt/airflow/dags/dbt_dag.py
[2025-11-15T01:15:05.828+0000] {processor.py:839} INFO - DAG(s) dict_keys(['dbt_transform']) retrieved from /opt/airflow/dags/dbt_dag.py
[2025-11-15T01:15:05.853+0000] {logging_mixin.py:151} INFO - [2025-11-15T01:15:05.853+0000] {dag.py:2915} INFO - Sync 1 DAGs
[2025-11-15T01:15:05.872+0000] {logging_mixin.py:151} INFO - [2025-11-15T01:15:05.872+0000] {dag.py:3696} INFO - Setting next_dagrun for dbt_transform to 2025-11-15T01:10:35.634758+00:00, run_after=2025-11-15T01:15:35.634758+00:00
[2025-11-15T01:15:05.895+0000] {processor.py:179} INFO - Processing /opt/airflow/dags/dbt_dag.py took 0.095 seconds
[2025-11-15T01:15:35.940+0000] {processor.py:157} INFO - Started process (PID=9240) to work on /opt/airflow/dags/dbt_dag.py
[2025-11-15T01:15:35.941+0000] {processor.py:829} INFO - Processing file /opt/airflow/dags/dbt_dag.py for tasks to queue
[2025-11-15T01:15:35.942+0000] {logging_mixin.py:151} INFO - [2025-11-15T01:15:35.941+0000] {dagbag.py:539} INFO - Filling up the DagBag from /opt/airflow/dags/dbt_dag.py
[2025-11-15T01:15:35.961+0000] {processor.py:839} INFO - DAG(s) dict_keys(['dbt_transform']) retrieved from /opt/airflow/dags/dbt_dag.py
[2025-11-15T01:15:35.988+0000] {logging_mixin.py:151} INFO - [2025-11-15T01:15:35.988+0000] {dag.py:2915} INFO - Sync 1 DAGs
[2025-11-15T01:15:36.006+0000] {logging_mixin.py:151} INFO - [2025-11-15T01:15:36.006+0000] {dag.py:3696} INFO - Setting next_dagrun for dbt_transform to 2025-11-15T01:15:35.634758+00:00, run_after=2025-11-15T01:20:35.634758+00:00
[2025-11-15T01:15:36.022+0000] {processor.py:179} INFO - Processing /opt/airflow/dags/dbt_dag.py took 0.086 seconds
[2025-11-15T01:16:06.884+0000] {processor.py:157} INFO - Started process (PID=9258) to work on /opt/airflow/dags/dbt_dag.py
[2025-11-15T01:16:06.885+0000] {processor.py:829} INFO - Processing file /opt/airflow/dags/dbt_dag.py for tasks to queue
[2025-11-15T01:16:06.886+0000] {logging_mixin.py:151} INFO - [2025-11-15T01:16:06.886+0000] {dagbag.py:539} INFO - Filling up the DagBag from /opt/airflow/dags/dbt_dag.py
[2025-11-15T01:16:06.910+0000] {processor.py:839} INFO - DAG(s) dict_keys(['dbt_transform']) retrieved from /opt/airflow/dags/dbt_dag.py
[2025-11-15T01:16:06.933+0000] {logging_mixin.py:151} INFO - [2025-11-15T01:16:06.933+0000] {dag.py:2915} INFO - Sync 1 DAGs
[2025-11-15T01:16:06.951+0000] {logging_mixin.py:151} INFO - [2025-11-15T01:16:06.951+0000] {dag.py:3696} INFO - Setting next_dagrun for dbt_transform to 2025-11-15T01:15:35.634758+00:00, run_after=2025-11-15T01:20:35.634758+00:00
[2025-11-15T01:16:06.974+0000] {processor.py:179} INFO - Processing /opt/airflow/dags/dbt_dag.py took 0.092 seconds
[2025-11-15T01:16:37.851+0000] {processor.py:157} INFO - Started process (PID=9263) to work on /opt/airflow/dags/dbt_dag.py
[2025-11-15T01:16:37.852+0000] {processor.py:829} INFO - Processing file /opt/airflow/dags/dbt_dag.py for tasks to queue
[2025-11-15T01:16:37.853+0000] {logging_mixin.py:151} INFO - [2025-11-15T01:16:37.853+0000] {dagbag.py:539} INFO - Filling up the DagBag from /opt/airflow/dags/dbt_dag.py
[2025-11-15T01:16:37.883+0000] {processor.py:839} INFO - DAG(s) dict_keys(['dbt_transform']) retrieved from /opt/airflow/dags/dbt_dag.py
[2025-11-15T01:16:37.909+0000] {logging_mixin.py:151} INFO - [2025-11-15T01:16:37.909+0000] {dag.py:2915} INFO - Sync 1 DAGs
[2025-11-15T01:16:37.926+0000] {logging_mixin.py:151} INFO - [2025-11-15T01:16:37.926+0000] {dag.py:3696} INFO - Setting next_dagrun for dbt_transform to 2025-11-15T01:15:35.634758+00:00, run_after=2025-11-15T01:20:35.634758+00:00
[2025-11-15T01:16:37.945+0000] {processor.py:179} INFO - Processing /opt/airflow/dags/dbt_dag.py took 0.096 seconds
[2025-11-15T01:17:08.971+0000] {processor.py:157} INFO - Started process (PID=9268) to work on /opt/airflow/dags/dbt_dag.py
[2025-11-15T01:17:08.972+0000] {processor.py:829} INFO - Processing file /opt/airflow/dags/dbt_dag.py for tasks to queue
[2025-11-15T01:17:08.974+0000] {logging_mixin.py:151} INFO - [2025-11-15T01:17:08.973+0000] {dagbag.py:539} INFO - Filling up the DagBag from /opt/airflow/dags/dbt_dag.py
[2025-11-15T01:17:08.994+0000] {processor.py:839} INFO - DAG(s) dict_keys(['dbt_transform']) retrieved from /opt/airflow/dags/dbt_dag.py
[2025-11-15T01:17:09.016+0000] {logging_mixin.py:151} INFO - [2025-11-15T01:17:09.016+0000] {dag.py:2915} INFO - Sync 1 DAGs
[2025-11-15T01:17:09.033+0000] {logging_mixin.py:151} INFO - [2025-11-15T01:17:09.033+0000] {dag.py:3696} INFO - Setting next_dagrun for dbt_transform to 2025-11-15T01:15:35.634758+00:00, run_after=2025-11-15T01:20:35.634758+00:00
[2025-11-15T01:17:09.055+0000] {processor.py:179} INFO - Processing /opt/airflow/dags/dbt_dag.py took 0.087 seconds
[2025-11-15T01:17:39.834+0000] {processor.py:157} INFO - Started process (PID=9273) to work on /opt/airflow/dags/dbt_dag.py
[2025-11-15T01:17:39.835+0000] {processor.py:829} INFO - Processing file /opt/airflow/dags/dbt_dag.py for tasks to queue
[2025-11-15T01:17:39.835+0000] {logging_mixin.py:151} INFO - [2025-11-15T01:17:39.835+0000] {dagbag.py:539} INFO - Filling up the DagBag from /opt/airflow/dags/dbt_dag.py
[2025-11-15T01:17:39.855+0000] {processor.py:839} INFO - DAG(s) dict_keys(['dbt_transform']) retrieved from /opt/airflow/dags/dbt_dag.py
[2025-11-15T01:17:39.878+0000] {logging_mixin.py:151} INFO - [2025-11-15T01:17:39.877+0000] {dag.py:2915} INFO - Sync 1 DAGs
[2025-11-15T01:17:39.895+0000] {logging_mixin.py:151} INFO - [2025-11-15T01:17:39.895+0000] {dag.py:3696} INFO - Setting next_dagrun for dbt_transform to 2025-11-15T01:15:35.634758+00:00, run_after=2025-11-15T01:20:35.634758+00:00
[2025-11-15T01:17:39.914+0000] {processor.py:179} INFO - Processing /opt/airflow/dags/dbt_dag.py took 0.083 seconds
[2025-11-15T01:18:10.579+0000] {processor.py:157} INFO - Started process (PID=9278) to work on /opt/airflow/dags/dbt_dag.py
[2025-11-15T01:18:10.580+0000] {processor.py:829} INFO - Processing file /opt/airflow/dags/dbt_dag.py for tasks to queue
[2025-11-15T01:18:10.581+0000] {logging_mixin.py:151} INFO - [2025-11-15T01:18:10.580+0000] {dagbag.py:539} INFO - Filling up the DagBag from /opt/airflow/dags/dbt_dag.py
[2025-11-15T01:18:10.599+0000] {processor.py:839} INFO - DAG(s) dict_keys(['dbt_transform']) retrieved from /opt/airflow/dags/dbt_dag.py
[2025-11-15T01:18:10.622+0000] {logging_mixin.py:151} INFO - [2025-11-15T01:18:10.621+0000] {dag.py:2915} INFO - Sync 1 DAGs
[2025-11-15T01:18:10.639+0000] {logging_mixin.py:151} INFO - [2025-11-15T01:18:10.638+0000] {dag.py:3696} INFO - Setting next_dagrun for dbt_transform to 2025-11-15T01:15:35.634758+00:00, run_after=2025-11-15T01:20:35.634758+00:00
[2025-11-15T01:18:10.655+0000] {processor.py:179} INFO - Processing /opt/airflow/dags/dbt_dag.py took 0.079 seconds
[2025-11-15T01:18:41.449+0000] {processor.py:157} INFO - Started process (PID=9283) to work on /opt/airflow/dags/dbt_dag.py
[2025-11-15T01:18:41.449+0000] {processor.py:829} INFO - Processing file /opt/airflow/dags/dbt_dag.py for tasks to queue
[2025-11-15T01:18:41.450+0000] {logging_mixin.py:151} INFO - [2025-11-15T01:18:41.450+0000] {dagbag.py:539} INFO - Filling up the DagBag from /opt/airflow/dags/dbt_dag.py
[2025-11-15T01:18:41.469+0000] {processor.py:839} INFO - DAG(s) dict_keys(['dbt_transform']) retrieved from /opt/airflow/dags/dbt_dag.py
[2025-11-15T01:18:41.493+0000] {logging_mixin.py:151} INFO - [2025-11-15T01:18:41.492+0000] {dag.py:2915} INFO - Sync 1 DAGs
[2025-11-15T01:18:41.510+0000] {logging_mixin.py:151} INFO - [2025-11-15T01:18:41.510+0000] {dag.py:3696} INFO - Setting next_dagrun for dbt_transform to 2025-11-15T01:15:35.634758+00:00, run_after=2025-11-15T01:20:35.634758+00:00
[2025-11-15T01:18:41.529+0000] {processor.py:179} INFO - Processing /opt/airflow/dags/dbt_dag.py took 0.082 seconds
[2025-11-15T01:19:12.452+0000] {processor.py:157} INFO - Started process (PID=9288) to work on /opt/airflow/dags/dbt_dag.py
[2025-11-15T01:19:12.453+0000] {processor.py:829} INFO - Processing file /opt/airflow/dags/dbt_dag.py for tasks to queue
[2025-11-15T01:19:12.454+0000] {logging_mixin.py:151} INFO - [2025-11-15T01:19:12.454+0000] {dagbag.py:539} INFO - Filling up the DagBag from /opt/airflow/dags/dbt_dag.py
[2025-11-15T01:19:12.473+0000] {processor.py:839} INFO - DAG(s) dict_keys(['dbt_transform']) retrieved from /opt/airflow/dags/dbt_dag.py
[2025-11-15T01:19:12.496+0000] {logging_mixin.py:151} INFO - [2025-11-15T01:19:12.496+0000] {dag.py:2915} INFO - Sync 1 DAGs
[2025-11-15T01:19:12.513+0000] {logging_mixin.py:151} INFO - [2025-11-15T01:19:12.513+0000] {dag.py:3696} INFO - Setting next_dagrun for dbt_transform to 2025-11-15T01:15:35.634758+00:00, run_after=2025-11-15T01:20:35.634758+00:00
[2025-11-15T01:19:12.530+0000] {processor.py:179} INFO - Processing /opt/airflow/dags/dbt_dag.py took 0.081 seconds
[2025-11-15T01:19:43.397+0000] {processor.py:157} INFO - Started process (PID=9293) to work on /opt/airflow/dags/dbt_dag.py
[2025-11-15T01:19:43.397+0000] {processor.py:829} INFO - Processing file /opt/airflow/dags/dbt_dag.py for tasks to queue
[2025-11-15T01:19:43.398+0000] {logging_mixin.py:151} INFO - [2025-11-15T01:19:43.398+0000] {dagbag.py:539} INFO - Filling up the DagBag from /opt/airflow/dags/dbt_dag.py
[2025-11-15T01:19:43.418+0000] {processor.py:839} INFO - DAG(s) dict_keys(['dbt_transform']) retrieved from /opt/airflow/dags/dbt_dag.py
[2025-11-15T01:19:43.442+0000] {logging_mixin.py:151} INFO - [2025-11-15T01:19:43.442+0000] {dag.py:2915} INFO - Sync 1 DAGs
[2025-11-15T01:19:43.459+0000] {logging_mixin.py:151} INFO - [2025-11-15T01:19:43.459+0000] {dag.py:3696} INFO - Setting next_dagrun for dbt_transform to 2025-11-15T01:15:35.634758+00:00, run_after=2025-11-15T01:20:35.634758+00:00
[2025-11-15T01:19:43.475+0000] {processor.py:179} INFO - Processing /opt/airflow/dags/dbt_dag.py took 0.081 seconds
[2025-11-15T01:20:14.271+0000] {processor.py:157} INFO - Started process (PID=9298) to work on /opt/airflow/dags/dbt_dag.py
[2025-11-15T01:20:14.272+0000] {processor.py:829} INFO - Processing file /opt/airflow/dags/dbt_dag.py for tasks to queue
[2025-11-15T01:20:14.273+0000] {logging_mixin.py:151} INFO - [2025-11-15T01:20:14.273+0000] {dagbag.py:539} INFO - Filling up the DagBag from /opt/airflow/dags/dbt_dag.py
[2025-11-15T01:20:14.297+0000] {processor.py:839} INFO - DAG(s) dict_keys(['dbt_transform']) retrieved from /opt/airflow/dags/dbt_dag.py
[2025-11-15T01:20:14.320+0000] {logging_mixin.py:151} INFO - [2025-11-15T01:20:14.320+0000] {dag.py:2915} INFO - Sync 1 DAGs
[2025-11-15T01:20:14.337+0000] {logging_mixin.py:151} INFO - [2025-11-15T01:20:14.337+0000] {dag.py:3696} INFO - Setting next_dagrun for dbt_transform to 2025-11-15T01:15:35.634758+00:00, run_after=2025-11-15T01:20:35.634758+00:00
[2025-11-15T01:20:14.353+0000] {processor.py:179} INFO - Processing /opt/airflow/dags/dbt_dag.py took 0.085 seconds
[2025-11-15T01:20:44.385+0000] {processor.py:157} INFO - Started process (PID=9316) to work on /opt/airflow/dags/dbt_dag.py
[2025-11-15T01:20:44.385+0000] {processor.py:829} INFO - Processing file /opt/airflow/dags/dbt_dag.py for tasks to queue
[2025-11-15T01:20:44.386+0000] {logging_mixin.py:151} INFO - [2025-11-15T01:20:44.386+0000] {dagbag.py:539} INFO - Filling up the DagBag from /opt/airflow/dags/dbt_dag.py
[2025-11-15T01:20:44.406+0000] {processor.py:839} INFO - DAG(s) dict_keys(['dbt_transform']) retrieved from /opt/airflow/dags/dbt_dag.py
[2025-11-15T01:20:44.427+0000] {logging_mixin.py:151} INFO - [2025-11-15T01:20:44.427+0000] {dag.py:2915} INFO - Sync 1 DAGs
[2025-11-15T01:20:44.444+0000] {logging_mixin.py:151} INFO - [2025-11-15T01:20:44.443+0000] {dag.py:3696} INFO - Setting next_dagrun for dbt_transform to 2025-11-15T01:20:35.634758+00:00, run_after=2025-11-15T01:25:35.634758+00:00
[2025-11-15T01:20:44.460+0000] {processor.py:179} INFO - Processing /opt/airflow/dags/dbt_dag.py took 0.078 seconds
[2025-11-15T01:21:15.411+0000] {processor.py:157} INFO - Started process (PID=9334) to work on /opt/airflow/dags/dbt_dag.py
[2025-11-15T01:21:15.411+0000] {processor.py:829} INFO - Processing file /opt/airflow/dags/dbt_dag.py for tasks to queue
[2025-11-15T01:21:15.412+0000] {logging_mixin.py:151} INFO - [2025-11-15T01:21:15.412+0000] {dagbag.py:539} INFO - Filling up the DagBag from /opt/airflow/dags/dbt_dag.py
[2025-11-15T01:21:15.432+0000] {processor.py:839} INFO - DAG(s) dict_keys(['dbt_transform']) retrieved from /opt/airflow/dags/dbt_dag.py
[2025-11-15T01:21:14.744+0000] {logging_mixin.py:151} INFO - [2025-11-15T01:21:14.744+0000] {dag.py:2915} INFO - Sync 1 DAGs
[2025-11-15T01:21:14.760+0000] {logging_mixin.py:151} INFO - [2025-11-15T01:21:14.760+0000] {dag.py:3696} INFO - Setting next_dagrun for dbt_transform to 2025-11-15T01:20:35.634758+00:00, run_after=2025-11-15T01:25:35.634758+00:00
[2025-11-15T01:21:14.781+0000] {processor.py:179} INFO - Processing /opt/airflow/dags/dbt_dag.py took 0.086 seconds
[2025-11-15T01:21:44.950+0000] {processor.py:157} INFO - Started process (PID=9339) to work on /opt/airflow/dags/dbt_dag.py
[2025-11-15T01:21:44.951+0000] {processor.py:829} INFO - Processing file /opt/airflow/dags/dbt_dag.py for tasks to queue
[2025-11-15T01:21:44.951+0000] {logging_mixin.py:151} INFO - [2025-11-15T01:21:44.951+0000] {dagbag.py:539} INFO - Filling up the DagBag from /opt/airflow/dags/dbt_dag.py
[2025-11-15T01:21:44.975+0000] {processor.py:839} INFO - DAG(s) dict_keys(['dbt_transform']) retrieved from /opt/airflow/dags/dbt_dag.py
[2025-11-15T01:21:45.000+0000] {logging_mixin.py:151} INFO - [2025-11-15T01:21:45.000+0000] {dag.py:2915} INFO - Sync 1 DAGs
[2025-11-15T01:21:45.016+0000] {logging_mixin.py:151} INFO - [2025-11-15T01:21:45.016+0000] {dag.py:3696} INFO - Setting next_dagrun for dbt_transform to 2025-11-15T01:20:35.634758+00:00, run_after=2025-11-15T01:25:35.634758+00:00
[2025-11-15T01:21:45.032+0000] {processor.py:179} INFO - Processing /opt/airflow/dags/dbt_dag.py took 0.084 seconds
[2025-11-15T01:22:15.100+0000] {processor.py:157} INFO - Started process (PID=9344) to work on /opt/airflow/dags/dbt_dag.py
[2025-11-15T01:22:15.100+0000] {processor.py:829} INFO - Processing file /opt/airflow/dags/dbt_dag.py for tasks to queue
[2025-11-15T01:22:15.101+0000] {logging_mixin.py:151} INFO - [2025-11-15T01:22:15.101+0000] {dagbag.py:539} INFO - Filling up the DagBag from /opt/airflow/dags/dbt_dag.py
[2025-11-15T01:22:15.122+0000] {processor.py:839} INFO - DAG(s) dict_keys(['dbt_transform']) retrieved from /opt/airflow/dags/dbt_dag.py
[2025-11-15T01:22:15.144+0000] {logging_mixin.py:151} INFO - [2025-11-15T01:22:15.144+0000] {dag.py:2915} INFO - Sync 1 DAGs
[2025-11-15T01:22:15.161+0000] {logging_mixin.py:151} INFO - [2025-11-15T01:22:15.161+0000] {dag.py:3696} INFO - Setting next_dagrun for dbt_transform to 2025-11-15T01:20:35.634758+00:00, run_after=2025-11-15T01:25:35.634758+00:00
[2025-11-15T01:22:15.181+0000] {processor.py:179} INFO - Processing /opt/airflow/dags/dbt_dag.py took 0.084 seconds
[2025-11-15T01:22:45.372+0000] {processor.py:157} INFO - Started process (PID=9349) to work on /opt/airflow/dags/dbt_dag.py
[2025-11-15T01:22:45.373+0000] {processor.py:829} INFO - Processing file /opt/airflow/dags/dbt_dag.py for tasks to queue
[2025-11-15T01:22:45.374+0000] {logging_mixin.py:151} INFO - [2025-11-15T01:22:45.373+0000] {dagbag.py:539} INFO - Filling up the DagBag from /opt/airflow/dags/dbt_dag.py
[2025-11-15T01:22:45.392+0000] {processor.py:839} INFO - DAG(s) dict_keys(['dbt_transform']) retrieved from /opt/airflow/dags/dbt_dag.py
[2025-11-15T01:22:45.415+0000] {logging_mixin.py:151} INFO - [2025-11-15T01:22:45.415+0000] {dag.py:2915} INFO - Sync 1 DAGs
[2025-11-15T01:22:45.433+0000] {logging_mixin.py:151} INFO - [2025-11-15T01:22:45.433+0000] {dag.py:3696} INFO - Setting next_dagrun for dbt_transform to 2025-11-15T01:20:35.634758+00:00, run_after=2025-11-15T01:25:35.634758+00:00
[2025-11-15T01:22:45.455+0000] {processor.py:179} INFO - Processing /opt/airflow/dags/dbt_dag.py took 0.085 seconds
[2025-11-15T01:23:15.509+0000] {processor.py:157} INFO - Started process (PID=9354) to work on /opt/airflow/dags/dbt_dag.py
[2025-11-15T01:23:15.510+0000] {processor.py:829} INFO - Processing file /opt/airflow/dags/dbt_dag.py for tasks to queue
[2025-11-15T01:23:15.511+0000] {logging_mixin.py:151} INFO - [2025-11-15T01:23:15.511+0000] {dagbag.py:539} INFO - Filling up the DagBag from /opt/airflow/dags/dbt_dag.py
[2025-11-15T01:23:15.531+0000] {processor.py:839} INFO - DAG(s) dict_keys(['dbt_transform']) retrieved from /opt/airflow/dags/dbt_dag.py
[2025-11-15T01:23:15.554+0000] {logging_mixin.py:151} INFO - [2025-11-15T01:23:15.554+0000] {dag.py:2915} INFO - Sync 1 DAGs
[2025-11-15T01:23:15.572+0000] {logging_mixin.py:151} INFO - [2025-11-15T01:23:15.572+0000] {dag.py:3696} INFO - Setting next_dagrun for dbt_transform to 2025-11-15T01:20:35.634758+00:00, run_after=2025-11-15T01:25:35.634758+00:00
[2025-11-15T01:23:15.593+0000] {processor.py:179} INFO - Processing /opt/airflow/dags/dbt_dag.py took 0.086 seconds
[2025-11-15T01:23:46.592+0000] {processor.py:157} INFO - Started process (PID=9359) to work on /opt/airflow/dags/dbt_dag.py
[2025-11-15T01:23:46.593+0000] {processor.py:829} INFO - Processing file /opt/airflow/dags/dbt_dag.py for tasks to queue
[2025-11-15T01:23:46.594+0000] {logging_mixin.py:151} INFO - [2025-11-15T01:23:46.593+0000] {dagbag.py:539} INFO - Filling up the DagBag from /opt/airflow/dags/dbt_dag.py
[2025-11-15T01:23:46.611+0000] {processor.py:839} INFO - DAG(s) dict_keys(['dbt_transform']) retrieved from /opt/airflow/dags/dbt_dag.py
[2025-11-15T01:23:46.634+0000] {logging_mixin.py:151} INFO - [2025-11-15T01:23:46.634+0000] {dag.py:2915} INFO - Sync 1 DAGs
[2025-11-15T01:23:46.652+0000] {logging_mixin.py:151} INFO - [2025-11-15T01:23:46.652+0000] {dag.py:3696} INFO - Setting next_dagrun for dbt_transform to 2025-11-15T01:20:35.634758+00:00, run_after=2025-11-15T01:25:35.634758+00:00
[2025-11-15T01:23:46.672+0000] {processor.py:179} INFO - Processing /opt/airflow/dags/dbt_dag.py took 0.082 seconds
[2025-11-15T01:24:17.569+0000] {processor.py:157} INFO - Started process (PID=9364) to work on /opt/airflow/dags/dbt_dag.py
[2025-11-15T01:24:17.570+0000] {processor.py:829} INFO - Processing file /opt/airflow/dags/dbt_dag.py for tasks to queue
[2025-11-15T01:24:17.571+0000] {logging_mixin.py:151} INFO - [2025-11-15T01:24:17.570+0000] {dagbag.py:539} INFO - Filling up the DagBag from /opt/airflow/dags/dbt_dag.py
[2025-11-15T01:24:17.592+0000] {processor.py:839} INFO - DAG(s) dict_keys(['dbt_transform']) retrieved from /opt/airflow/dags/dbt_dag.py
[2025-11-15T01:24:17.624+0000] {logging_mixin.py:151} INFO - [2025-11-15T01:24:17.623+0000] {dag.py:2915} INFO - Sync 1 DAGs
[2025-11-15T01:24:17.642+0000] {logging_mixin.py:151} INFO - [2025-11-15T01:24:17.642+0000] {dag.py:3696} INFO - Setting next_dagrun for dbt_transform to 2025-11-15T01:20:35.634758+00:00, run_after=2025-11-15T01:25:35.634758+00:00
[2025-11-15T01:24:17.662+0000] {processor.py:179} INFO - Processing /opt/airflow/dags/dbt_dag.py took 0.096 seconds
[2025-11-15T01:24:48.444+0000] {processor.py:157} INFO - Started process (PID=9369) to work on /opt/airflow/dags/dbt_dag.py
[2025-11-15T01:24:48.445+0000] {processor.py:829} INFO - Processing file /opt/airflow/dags/dbt_dag.py for tasks to queue
[2025-11-15T01:24:48.446+0000] {logging_mixin.py:151} INFO - [2025-11-15T01:24:48.445+0000] {dagbag.py:539} INFO - Filling up the DagBag from /opt/airflow/dags/dbt_dag.py
[2025-11-15T01:24:48.465+0000] {processor.py:839} INFO - DAG(s) dict_keys(['dbt_transform']) retrieved from /opt/airflow/dags/dbt_dag.py
[2025-11-15T01:24:48.489+0000] {logging_mixin.py:151} INFO - [2025-11-15T01:24:48.489+0000] {dag.py:2915} INFO - Sync 1 DAGs
[2025-11-15T01:24:48.507+0000] {logging_mixin.py:151} INFO - [2025-11-15T01:24:48.507+0000] {dag.py:3696} INFO - Setting next_dagrun for dbt_transform to 2025-11-15T01:20:35.634758+00:00, run_after=2025-11-15T01:25:35.634758+00:00
[2025-11-15T01:24:48.526+0000] {processor.py:179} INFO - Processing /opt/airflow/dags/dbt_dag.py took 0.085 seconds
[2025-11-15T01:25:19.577+0000] {processor.py:157} INFO - Started process (PID=9374) to work on /opt/airflow/dags/dbt_dag.py
[2025-11-15T01:25:19.578+0000] {processor.py:829} INFO - Processing file /opt/airflow/dags/dbt_dag.py for tasks to queue
[2025-11-15T01:25:19.579+0000] {logging_mixin.py:151} INFO - [2025-11-15T01:25:19.578+0000] {dagbag.py:539} INFO - Filling up the DagBag from /opt/airflow/dags/dbt_dag.py
[2025-11-15T01:25:19.598+0000] {processor.py:839} INFO - DAG(s) dict_keys(['dbt_transform']) retrieved from /opt/airflow/dags/dbt_dag.py
[2025-11-15T01:25:19.622+0000] {logging_mixin.py:151} INFO - [2025-11-15T01:25:19.621+0000] {dag.py:2915} INFO - Sync 1 DAGs
[2025-11-15T01:25:19.639+0000] {logging_mixin.py:151} INFO - [2025-11-15T01:25:19.639+0000] {dag.py:3696} INFO - Setting next_dagrun for dbt_transform to 2025-11-15T01:20:35.634758+00:00, run_after=2025-11-15T01:25:35.634758+00:00
[2025-11-15T01:25:19.658+0000] {processor.py:179} INFO - Processing /opt/airflow/dags/dbt_dag.py took 0.084 seconds
[2025-11-15T01:25:49.774+0000] {processor.py:157} INFO - Started process (PID=9402) to work on /opt/airflow/dags/dbt_dag.py
[2025-11-15T01:25:49.775+0000] {processor.py:829} INFO - Processing file /opt/airflow/dags/dbt_dag.py for tasks to queue
[2025-11-15T01:25:49.776+0000] {logging_mixin.py:151} INFO - [2025-11-15T01:25:49.775+0000] {dagbag.py:539} INFO - Filling up the DagBag from /opt/airflow/dags/dbt_dag.py
[2025-11-15T01:25:49.796+0000] {processor.py:839} INFO - DAG(s) dict_keys(['dbt_transform']) retrieved from /opt/airflow/dags/dbt_dag.py
[2025-11-15T01:25:49.819+0000] {logging_mixin.py:151} INFO - [2025-11-15T01:25:49.819+0000] {dag.py:2915} INFO - Sync 1 DAGs
[2025-11-15T01:25:49.835+0000] {logging_mixin.py:151} INFO - [2025-11-15T01:25:49.835+0000] {dag.py:3696} INFO - Setting next_dagrun for dbt_transform to 2025-11-15T01:25:35.634758+00:00, run_after=2025-11-15T01:30:35.634758+00:00
[2025-11-15T01:25:49.854+0000] {processor.py:179} INFO - Processing /opt/airflow/dags/dbt_dag.py took 0.083 seconds
[2025-11-15T01:26:20.891+0000] {processor.py:157} INFO - Started process (PID=9407) to work on /opt/airflow/dags/dbt_dag.py
[2025-11-15T01:26:20.891+0000] {processor.py:829} INFO - Processing file /opt/airflow/dags/dbt_dag.py for tasks to queue
[2025-11-15T01:26:20.892+0000] {logging_mixin.py:151} INFO - [2025-11-15T01:26:20.892+0000] {dagbag.py:539} INFO - Filling up the DagBag from /opt/airflow/dags/dbt_dag.py
[2025-11-15T01:26:20.910+0000] {processor.py:839} INFO - DAG(s) dict_keys(['dbt_transform']) retrieved from /opt/airflow/dags/dbt_dag.py
[2025-11-15T01:26:20.930+0000] {logging_mixin.py:151} INFO - [2025-11-15T01:26:20.930+0000] {dag.py:2915} INFO - Sync 1 DAGs
[2025-11-15T01:26:20.947+0000] {logging_mixin.py:151} INFO - [2025-11-15T01:26:20.947+0000] {dag.py:3696} INFO - Setting next_dagrun for dbt_transform to 2025-11-15T01:25:35.634758+00:00, run_after=2025-11-15T01:30:35.634758+00:00
[2025-11-15T01:26:20.967+0000] {processor.py:179} INFO - Processing /opt/airflow/dags/dbt_dag.py took 0.079 seconds
[2025-11-15T01:26:51.061+0000] {processor.py:157} INFO - Started process (PID=9412) to work on /opt/airflow/dags/dbt_dag.py
[2025-11-15T01:26:51.062+0000] {processor.py:829} INFO - Processing file /opt/airflow/dags/dbt_dag.py for tasks to queue
[2025-11-15T01:26:51.063+0000] {logging_mixin.py:151} INFO - [2025-11-15T01:26:51.063+0000] {dagbag.py:539} INFO - Filling up the DagBag from /opt/airflow/dags/dbt_dag.py
[2025-11-15T01:26:51.085+0000] {processor.py:839} INFO - DAG(s) dict_keys(['dbt_transform']) retrieved from /opt/airflow/dags/dbt_dag.py
[2025-11-15T01:26:51.110+0000] {logging_mixin.py:151} INFO - [2025-11-15T01:26:51.110+0000] {dag.py:2915} INFO - Sync 1 DAGs
[2025-11-15T01:26:51.127+0000] {logging_mixin.py:151} INFO - [2025-11-15T01:26:51.127+0000] {dag.py:3696} INFO - Setting next_dagrun for dbt_transform to 2025-11-15T01:25:35.634758+00:00, run_after=2025-11-15T01:30:35.634758+00:00
[2025-11-15T01:26:51.146+0000] {processor.py:179} INFO - Processing /opt/airflow/dags/dbt_dag.py took 0.087 seconds
[2025-11-15T01:27:21.817+0000] {processor.py:157} INFO - Started process (PID=9417) to work on /opt/airflow/dags/dbt_dag.py
[2025-11-15T01:27:21.818+0000] {processor.py:829} INFO - Processing file /opt/airflow/dags/dbt_dag.py for tasks to queue
[2025-11-15T01:27:21.818+0000] {logging_mixin.py:151} INFO - [2025-11-15T01:27:21.818+0000] {dagbag.py:539} INFO - Filling up the DagBag from /opt/airflow/dags/dbt_dag.py
[2025-11-15T01:27:21.836+0000] {processor.py:839} INFO - DAG(s) dict_keys(['dbt_transform']) retrieved from /opt/airflow/dags/dbt_dag.py
[2025-11-15T01:27:21.859+0000] {logging_mixin.py:151} INFO - [2025-11-15T01:27:21.859+0000] {dag.py:2915} INFO - Sync 1 DAGs
[2025-11-15T01:27:21.876+0000] {logging_mixin.py:151} INFO - [2025-11-15T01:27:21.875+0000] {dag.py:3696} INFO - Setting next_dagrun for dbt_transform to 2025-11-15T01:25:35.634758+00:00, run_after=2025-11-15T01:30:35.634758+00:00
[2025-11-15T01:27:21.894+0000] {processor.py:179} INFO - Processing /opt/airflow/dags/dbt_dag.py took 0.079 seconds
[2025-11-15T01:27:52.069+0000] {processor.py:157} INFO - Started process (PID=9422) to work on /opt/airflow/dags/dbt_dag.py
[2025-11-15T01:27:52.069+0000] {processor.py:829} INFO - Processing file /opt/airflow/dags/dbt_dag.py for tasks to queue
[2025-11-15T01:27:52.071+0000] {logging_mixin.py:151} INFO - [2025-11-15T01:27:52.070+0000] {dagbag.py:539} INFO - Filling up the DagBag from /opt/airflow/dags/dbt_dag.py
[2025-11-15T01:27:52.100+0000] {processor.py:839} INFO - DAG(s) dict_keys(['dbt_transform']) retrieved from /opt/airflow/dags/dbt_dag.py
[2025-11-15T01:27:52.123+0000] {logging_mixin.py:151} INFO - [2025-11-15T01:27:52.123+0000] {dag.py:2915} INFO - Sync 1 DAGs
[2025-11-15T01:27:52.140+0000] {logging_mixin.py:151} INFO - [2025-11-15T01:27:52.140+0000] {dag.py:3696} INFO - Setting next_dagrun for dbt_transform to 2025-11-15T01:25:35.634758+00:00, run_after=2025-11-15T01:30:35.634758+00:00
[2025-11-15T01:27:52.161+0000] {processor.py:179} INFO - Processing /opt/airflow/dags/dbt_dag.py took 0.096 seconds
[2025-11-15T01:28:22.827+0000] {processor.py:157} INFO - Started process (PID=9427) to work on /opt/airflow/dags/dbt_dag.py
[2025-11-15T01:28:22.827+0000] {processor.py:829} INFO - Processing file /opt/airflow/dags/dbt_dag.py for tasks to queue
[2025-11-15T01:28:22.828+0000] {logging_mixin.py:151} INFO - [2025-11-15T01:28:22.828+0000] {dagbag.py:539} INFO - Filling up the DagBag from /opt/airflow/dags/dbt_dag.py
[2025-11-15T01:28:22.848+0000] {processor.py:839} INFO - DAG(s) dict_keys(['dbt_transform']) retrieved from /opt/airflow/dags/dbt_dag.py
[2025-11-15T01:28:22.870+0000] {logging_mixin.py:151} INFO - [2025-11-15T01:28:22.870+0000] {dag.py:2915} INFO - Sync 1 DAGs
[2025-11-15T01:28:22.886+0000] {logging_mixin.py:151} INFO - [2025-11-15T01:28:22.886+0000] {dag.py:3696} INFO - Setting next_dagrun for dbt_transform to 2025-11-15T01:25:35.634758+00:00, run_after=2025-11-15T01:30:35.634758+00:00
[2025-11-15T01:28:22.905+0000] {processor.py:179} INFO - Processing /opt/airflow/dags/dbt_dag.py took 0.082 seconds
[2025-11-15T01:28:53.648+0000] {processor.py:157} INFO - Started process (PID=9432) to work on /opt/airflow/dags/dbt_dag.py
[2025-11-15T01:28:53.648+0000] {processor.py:829} INFO - Processing file /opt/airflow/dags/dbt_dag.py for tasks to queue
[2025-11-15T01:28:53.649+0000] {logging_mixin.py:151} INFO - [2025-11-15T01:28:53.649+0000] {dagbag.py:539} INFO - Filling up the DagBag from /opt/airflow/dags/dbt_dag.py
[2025-11-15T01:28:53.667+0000] {processor.py:839} INFO - DAG(s) dict_keys(['dbt_transform']) retrieved from /opt/airflow/dags/dbt_dag.py
[2025-11-15T01:28:53.690+0000] {logging_mixin.py:151} INFO - [2025-11-15T01:28:53.689+0000] {dag.py:2915} INFO - Sync 1 DAGs
[2025-11-15T01:28:53.707+0000] {logging_mixin.py:151} INFO - [2025-11-15T01:28:53.707+0000] {dag.py:3696} INFO - Setting next_dagrun for dbt_transform to 2025-11-15T01:25:35.634758+00:00, run_after=2025-11-15T01:30:35.634758+00:00
[2025-11-15T01:28:53.722+0000] {processor.py:179} INFO - Processing /opt/airflow/dags/dbt_dag.py took 0.077 seconds
[2025-11-15T01:29:24.567+0000] {processor.py:157} INFO - Started process (PID=9437) to work on /opt/airflow/dags/dbt_dag.py
[2025-11-15T01:29:24.568+0000] {processor.py:829} INFO - Processing file /opt/airflow/dags/dbt_dag.py for tasks to queue
[2025-11-15T01:29:24.569+0000] {logging_mixin.py:151} INFO - [2025-11-15T01:29:24.569+0000] {dagbag.py:539} INFO - Filling up the DagBag from /opt/airflow/dags/dbt_dag.py
[2025-11-15T01:29:24.588+0000] {processor.py:839} INFO - DAG(s) dict_keys(['dbt_transform']) retrieved from /opt/airflow/dags/dbt_dag.py
[2025-11-15T01:29:24.611+0000] {logging_mixin.py:151} INFO - [2025-11-15T01:29:24.611+0000] {dag.py:2915} INFO - Sync 1 DAGs
[2025-11-15T01:29:24.628+0000] {logging_mixin.py:151} INFO - [2025-11-15T01:29:24.628+0000] {dag.py:3696} INFO - Setting next_dagrun for dbt_transform to 2025-11-15T01:25:35.634758+00:00, run_after=2025-11-15T01:30:35.634758+00:00
[2025-11-15T01:29:24.649+0000] {processor.py:179} INFO - Processing /opt/airflow/dags/dbt_dag.py took 0.084 seconds
[2025-11-15T01:29:55.305+0000] {processor.py:157} INFO - Started process (PID=9442) to work on /opt/airflow/dags/dbt_dag.py
[2025-11-15T01:29:55.305+0000] {processor.py:829} INFO - Processing file /opt/airflow/dags/dbt_dag.py for tasks to queue
[2025-11-15T01:29:55.306+0000] {logging_mixin.py:151} INFO - [2025-11-15T01:29:55.306+0000] {dagbag.py:539} INFO - Filling up the DagBag from /opt/airflow/dags/dbt_dag.py
[2025-11-15T01:29:55.331+0000] {processor.py:839} INFO - DAG(s) dict_keys(['dbt_transform']) retrieved from /opt/airflow/dags/dbt_dag.py
[2025-11-15T01:29:55.356+0000] {logging_mixin.py:151} INFO - [2025-11-15T01:29:55.356+0000] {dag.py:2915} INFO - Sync 1 DAGs
[2025-11-15T01:29:55.373+0000] {logging_mixin.py:151} INFO - [2025-11-15T01:29:55.373+0000] {dag.py:3696} INFO - Setting next_dagrun for dbt_transform to 2025-11-15T01:25:35.634758+00:00, run_after=2025-11-15T01:30:35.634758+00:00
[2025-11-15T01:29:55.389+0000] {processor.py:179} INFO - Processing /opt/airflow/dags/dbt_dag.py took 0.087 seconds
[2025-11-15T01:30:25.960+0000] {processor.py:157} INFO - Started process (PID=9447) to work on /opt/airflow/dags/dbt_dag.py
[2025-11-15T01:30:25.961+0000] {processor.py:829} INFO - Processing file /opt/airflow/dags/dbt_dag.py for tasks to queue
[2025-11-15T01:30:25.962+0000] {logging_mixin.py:151} INFO - [2025-11-15T01:30:25.961+0000] {dagbag.py:539} INFO - Filling up the DagBag from /opt/airflow/dags/dbt_dag.py
[2025-11-15T01:30:25.984+0000] {processor.py:839} INFO - DAG(s) dict_keys(['dbt_transform']) retrieved from /opt/airflow/dags/dbt_dag.py
[2025-11-15T01:30:26.007+0000] {logging_mixin.py:151} INFO - [2025-11-15T01:30:26.007+0000] {dag.py:2915} INFO - Sync 1 DAGs
[2025-11-15T01:30:26.024+0000] {logging_mixin.py:151} INFO - [2025-11-15T01:30:26.024+0000] {dag.py:3696} INFO - Setting next_dagrun for dbt_transform to 2025-11-15T01:25:35.634758+00:00, run_after=2025-11-15T01:30:35.634758+00:00
[2025-11-15T01:30:26.043+0000] {processor.py:179} INFO - Processing /opt/airflow/dags/dbt_dag.py took 0.086 seconds
[2025-11-15T01:30:56.546+0000] {processor.py:157} INFO - Started process (PID=9477) to work on /opt/airflow/dags/dbt_dag.py
[2025-11-15T01:30:56.547+0000] {processor.py:829} INFO - Processing file /opt/airflow/dags/dbt_dag.py for tasks to queue
[2025-11-15T01:30:56.548+0000] {logging_mixin.py:151} INFO - [2025-11-15T01:30:56.548+0000] {dagbag.py:539} INFO - Filling up the DagBag from /opt/airflow/dags/dbt_dag.py
[2025-11-15T01:30:56.568+0000] {processor.py:839} INFO - DAG(s) dict_keys(['dbt_transform']) retrieved from /opt/airflow/dags/dbt_dag.py
[2025-11-15T01:30:56.591+0000] {logging_mixin.py:151} INFO - [2025-11-15T01:30:56.591+0000] {dag.py:2915} INFO - Sync 1 DAGs
[2025-11-15T01:30:56.607+0000] {logging_mixin.py:151} INFO - [2025-11-15T01:30:56.607+0000] {dag.py:3696} INFO - Setting next_dagrun for dbt_transform to 2025-11-15T01:30:35.634758+00:00, run_after=2025-11-15T01:35:35.634758+00:00
[2025-11-15T01:30:56.630+0000] {processor.py:179} INFO - Processing /opt/airflow/dags/dbt_dag.py took 0.087 seconds
[2025-11-15T01:31:27.367+0000] {processor.py:157} INFO - Started process (PID=9482) to work on /opt/airflow/dags/dbt_dag.py
[2025-11-15T01:31:27.368+0000] {processor.py:829} INFO - Processing file /opt/airflow/dags/dbt_dag.py for tasks to queue
[2025-11-15T01:31:27.370+0000] {logging_mixin.py:151} INFO - [2025-11-15T01:31:27.369+0000] {dagbag.py:539} INFO - Filling up the DagBag from /opt/airflow/dags/dbt_dag.py
[2025-11-15T01:31:27.402+0000] {processor.py:839} INFO - DAG(s) dict_keys(['dbt_transform']) retrieved from /opt/airflow/dags/dbt_dag.py
[2025-11-15T01:31:27.438+0000] {logging_mixin.py:151} INFO - [2025-11-15T01:31:27.438+0000] {dag.py:2915} INFO - Sync 1 DAGs
[2025-11-15T01:31:27.456+0000] {logging_mixin.py:151} INFO - [2025-11-15T01:31:27.456+0000] {dag.py:3696} INFO - Setting next_dagrun for dbt_transform to 2025-11-15T01:30:35.634758+00:00, run_after=2025-11-15T01:35:35.634758+00:00
[2025-11-15T01:31:27.476+0000] {processor.py:179} INFO - Processing /opt/airflow/dags/dbt_dag.py took 0.114 seconds
[2025-11-15T01:31:57.782+0000] {processor.py:157} INFO - Started process (PID=9487) to work on /opt/airflow/dags/dbt_dag.py
[2025-11-15T01:31:57.783+0000] {processor.py:829} INFO - Processing file /opt/airflow/dags/dbt_dag.py for tasks to queue
[2025-11-15T01:31:57.783+0000] {logging_mixin.py:151} INFO - [2025-11-15T01:31:57.783+0000] {dagbag.py:539} INFO - Filling up the DagBag from /opt/airflow/dags/dbt_dag.py
[2025-11-15T01:31:57.800+0000] {processor.py:839} INFO - DAG(s) dict_keys(['dbt_transform']) retrieved from /opt/airflow/dags/dbt_dag.py
[2025-11-15T01:31:57.822+0000] {logging_mixin.py:151} INFO - [2025-11-15T01:31:57.822+0000] {dag.py:2915} INFO - Sync 1 DAGs
[2025-11-15T01:31:57.839+0000] {logging_mixin.py:151} INFO - [2025-11-15T01:31:57.839+0000] {dag.py:3696} INFO - Setting next_dagrun for dbt_transform to 2025-11-15T01:30:35.634758+00:00, run_after=2025-11-15T01:35:35.634758+00:00
[2025-11-15T01:31:57.856+0000] {processor.py:179} INFO - Processing /opt/airflow/dags/dbt_dag.py took 0.077 seconds
[2025-11-15T01:32:28.099+0000] {processor.py:157} INFO - Started process (PID=9492) to work on /opt/airflow/dags/dbt_dag.py
[2025-11-15T01:32:28.100+0000] {processor.py:829} INFO - Processing file /opt/airflow/dags/dbt_dag.py for tasks to queue
[2025-11-15T01:32:28.101+0000] {logging_mixin.py:151} INFO - [2025-11-15T01:32:28.101+0000] {dagbag.py:539} INFO - Filling up the DagBag from /opt/airflow/dags/dbt_dag.py
[2025-11-15T01:32:28.121+0000] {processor.py:839} INFO - DAG(s) dict_keys(['dbt_transform']) retrieved from /opt/airflow/dags/dbt_dag.py
[2025-11-15T01:32:28.146+0000] {logging_mixin.py:151} INFO - [2025-11-15T01:32:28.145+0000] {dag.py:2915} INFO - Sync 1 DAGs
[2025-11-15T01:32:28.163+0000] {logging_mixin.py:151} INFO - [2025-11-15T01:32:28.163+0000] {dag.py:3696} INFO - Setting next_dagrun for dbt_transform to 2025-11-15T01:30:35.634758+00:00, run_after=2025-11-15T01:35:35.634758+00:00
[2025-11-15T01:32:28.183+0000] {processor.py:179} INFO - Processing /opt/airflow/dags/dbt_dag.py took 0.086 seconds
[2025-11-15T01:32:59.058+0000] {processor.py:157} INFO - Started process (PID=9497) to work on /opt/airflow/dags/dbt_dag.py
[2025-11-15T01:32:59.059+0000] {processor.py:829} INFO - Processing file /opt/airflow/dags/dbt_dag.py for tasks to queue
[2025-11-15T01:32:59.060+0000] {logging_mixin.py:151} INFO - [2025-11-15T01:32:59.059+0000] {dagbag.py:539} INFO - Filling up the DagBag from /opt/airflow/dags/dbt_dag.py
[2025-11-15T01:32:59.078+0000] {processor.py:839} INFO - DAG(s) dict_keys(['dbt_transform']) retrieved from /opt/airflow/dags/dbt_dag.py
[2025-11-15T01:32:59.101+0000] {logging_mixin.py:151} INFO - [2025-11-15T01:32:59.101+0000] {dag.py:2915} INFO - Sync 1 DAGs
[2025-11-15T01:32:59.118+0000] {logging_mixin.py:151} INFO - [2025-11-15T01:32:59.118+0000] {dag.py:3696} INFO - Setting next_dagrun for dbt_transform to 2025-11-15T01:30:35.634758+00:00, run_after=2025-11-15T01:35:35.634758+00:00
[2025-11-15T01:32:59.137+0000] {processor.py:179} INFO - Processing /opt/airflow/dags/dbt_dag.py took 0.081 seconds
[2025-11-15T01:33:29.992+0000] {processor.py:157} INFO - Started process (PID=9502) to work on /opt/airflow/dags/dbt_dag.py
[2025-11-15T01:33:29.992+0000] {processor.py:829} INFO - Processing file /opt/airflow/dags/dbt_dag.py for tasks to queue
[2025-11-15T01:33:29.993+0000] {logging_mixin.py:151} INFO - [2025-11-15T01:33:29.993+0000] {dagbag.py:539} INFO - Filling up the DagBag from /opt/airflow/dags/dbt_dag.py
[2025-11-15T01:33:30.013+0000] {processor.py:839} INFO - DAG(s) dict_keys(['dbt_transform']) retrieved from /opt/airflow/dags/dbt_dag.py
[2025-11-15T01:33:30.035+0000] {logging_mixin.py:151} INFO - [2025-11-15T01:33:30.035+0000] {dag.py:2915} INFO - Sync 1 DAGs
[2025-11-15T01:33:30.052+0000] {logging_mixin.py:151} INFO - [2025-11-15T01:33:30.052+0000] {dag.py:3696} INFO - Setting next_dagrun for dbt_transform to 2025-11-15T01:30:35.634758+00:00, run_after=2025-11-15T01:35:35.634758+00:00
[2025-11-15T01:33:30.072+0000] {processor.py:179} INFO - Processing /opt/airflow/dags/dbt_dag.py took 0.083 seconds
[2025-11-15T01:34:00.716+0000] {processor.py:157} INFO - Started process (PID=9507) to work on /opt/airflow/dags/dbt_dag.py
[2025-11-15T01:34:00.716+0000] {processor.py:829} INFO - Processing file /opt/airflow/dags/dbt_dag.py for tasks to queue
[2025-11-15T01:34:00.718+0000] {logging_mixin.py:151} INFO - [2025-11-15T01:34:00.718+0000] {dagbag.py:539} INFO - Filling up the DagBag from /opt/airflow/dags/dbt_dag.py
[2025-11-15T01:34:00.737+0000] {processor.py:839} INFO - DAG(s) dict_keys(['dbt_transform']) retrieved from /opt/airflow/dags/dbt_dag.py
[2025-11-15T01:34:00.759+0000] {logging_mixin.py:151} INFO - [2025-11-15T01:34:00.759+0000] {dag.py:2915} INFO - Sync 1 DAGs
[2025-11-15T01:34:00.776+0000] {logging_mixin.py:151} INFO - [2025-11-15T01:34:00.776+0000] {dag.py:3696} INFO - Setting next_dagrun for dbt_transform to 2025-11-15T01:30:35.634758+00:00, run_after=2025-11-15T01:35:35.634758+00:00
[2025-11-15T01:34:00.798+0000] {processor.py:179} INFO - Processing /opt/airflow/dags/dbt_dag.py took 0.085 seconds
[2025-11-15T01:34:31.672+0000] {processor.py:157} INFO - Started process (PID=9512) to work on /opt/airflow/dags/dbt_dag.py
[2025-11-15T01:34:31.673+0000] {processor.py:829} INFO - Processing file /opt/airflow/dags/dbt_dag.py for tasks to queue
[2025-11-15T01:34:31.674+0000] {logging_mixin.py:151} INFO - [2025-11-15T01:34:31.673+0000] {dagbag.py:539} INFO - Filling up the DagBag from /opt/airflow/dags/dbt_dag.py
[2025-11-15T01:34:31.693+0000] {processor.py:839} INFO - DAG(s) dict_keys(['dbt_transform']) retrieved from /opt/airflow/dags/dbt_dag.py
[2025-11-15T01:34:31.715+0000] {logging_mixin.py:151} INFO - [2025-11-15T01:34:31.715+0000] {dag.py:2915} INFO - Sync 1 DAGs
[2025-11-15T01:34:31.733+0000] {logging_mixin.py:151} INFO - [2025-11-15T01:34:31.732+0000] {dag.py:3696} INFO - Setting next_dagrun for dbt_transform to 2025-11-15T01:30:35.634758+00:00, run_after=2025-11-15T01:35:35.634758+00:00
[2025-11-15T01:34:31.750+0000] {processor.py:179} INFO - Processing /opt/airflow/dags/dbt_dag.py took 0.080 seconds
[2025-11-15T01:35:01.809+0000] {processor.py:157} INFO - Started process (PID=9517) to work on /opt/airflow/dags/dbt_dag.py
[2025-11-15T01:35:01.809+0000] {processor.py:829} INFO - Processing file /opt/airflow/dags/dbt_dag.py for tasks to queue
[2025-11-15T01:35:01.810+0000] {logging_mixin.py:151} INFO - [2025-11-15T01:35:01.810+0000] {dagbag.py:539} INFO - Filling up the DagBag from /opt/airflow/dags/dbt_dag.py
[2025-11-15T01:35:01.830+0000] {processor.py:839} INFO - DAG(s) dict_keys(['dbt_transform']) retrieved from /opt/airflow/dags/dbt_dag.py
[2025-11-15T01:35:01.853+0000] {logging_mixin.py:151} INFO - [2025-11-15T01:35:01.853+0000] {dag.py:2915} INFO - Sync 1 DAGs
[2025-11-15T01:35:01.870+0000] {logging_mixin.py:151} INFO - [2025-11-15T01:35:01.870+0000] {dag.py:3696} INFO - Setting next_dagrun for dbt_transform to 2025-11-15T01:30:35.634758+00:00, run_after=2025-11-15T01:35:35.634758+00:00
[2025-11-15T01:35:01.890+0000] {processor.py:179} INFO - Processing /opt/airflow/dags/dbt_dag.py took 0.084 seconds
[2025-11-15T01:35:32.858+0000] {processor.py:157} INFO - Started process (PID=9522) to work on /opt/airflow/dags/dbt_dag.py
[2025-11-15T01:35:32.859+0000] {processor.py:829} INFO - Processing file /opt/airflow/dags/dbt_dag.py for tasks to queue
[2025-11-15T01:35:32.860+0000] {logging_mixin.py:151} INFO - [2025-11-15T01:35:32.860+0000] {dagbag.py:539} INFO - Filling up the DagBag from /opt/airflow/dags/dbt_dag.py
[2025-11-15T01:35:32.883+0000] {processor.py:839} INFO - DAG(s) dict_keys(['dbt_transform']) retrieved from /opt/airflow/dags/dbt_dag.py
[2025-11-15T01:35:32.908+0000] {logging_mixin.py:151} INFO - [2025-11-15T01:35:32.908+0000] {dag.py:2915} INFO - Sync 1 DAGs
[2025-11-15T01:35:32.925+0000] {logging_mixin.py:151} INFO - [2025-11-15T01:35:32.925+0000] {dag.py:3696} INFO - Setting next_dagrun for dbt_transform to 2025-11-15T01:30:35.634758+00:00, run_after=2025-11-15T01:35:35.634758+00:00
[2025-11-15T01:35:32.940+0000] {processor.py:179} INFO - Processing /opt/airflow/dags/dbt_dag.py took 0.084 seconds
[2025-11-15T01:36:03.622+0000] {processor.py:157} INFO - Started process (PID=9550) to work on /opt/airflow/dags/dbt_dag.py
[2025-11-15T01:36:03.622+0000] {processor.py:829} INFO - Processing file /opt/airflow/dags/dbt_dag.py for tasks to queue
[2025-11-15T01:36:03.623+0000] {logging_mixin.py:151} INFO - [2025-11-15T01:36:03.623+0000] {dagbag.py:539} INFO - Filling up the DagBag from /opt/airflow/dags/dbt_dag.py
[2025-11-15T01:36:03.644+0000] {processor.py:839} INFO - DAG(s) dict_keys(['dbt_transform']) retrieved from /opt/airflow/dags/dbt_dag.py
[2025-11-15T01:36:03.665+0000] {logging_mixin.py:151} INFO - [2025-11-15T01:36:03.665+0000] {dag.py:2915} INFO - Sync 1 DAGs
[2025-11-15T01:36:03.681+0000] {logging_mixin.py:151} INFO - [2025-11-15T01:36:03.681+0000] {dag.py:3696} INFO - Setting next_dagrun for dbt_transform to 2025-11-15T01:35:35.634758+00:00, run_after=2025-11-15T01:40:35.634758+00:00
[2025-11-15T01:36:03.699+0000] {processor.py:179} INFO - Processing /opt/airflow/dags/dbt_dag.py took 0.080 seconds
[2025-11-15T01:36:34.698+0000] {processor.py:157} INFO - Started process (PID=9555) to work on /opt/airflow/dags/dbt_dag.py
[2025-11-15T01:36:34.699+0000] {processor.py:829} INFO - Processing file /opt/airflow/dags/dbt_dag.py for tasks to queue
[2025-11-15T01:36:34.700+0000] {logging_mixin.py:151} INFO - [2025-11-15T01:36:34.700+0000] {dagbag.py:539} INFO - Filling up the DagBag from /opt/airflow/dags/dbt_dag.py
[2025-11-15T01:36:34.721+0000] {processor.py:839} INFO - DAG(s) dict_keys(['dbt_transform']) retrieved from /opt/airflow/dags/dbt_dag.py
[2025-11-15T01:36:34.743+0000] {logging_mixin.py:151} INFO - [2025-11-15T01:36:34.743+0000] {dag.py:2915} INFO - Sync 1 DAGs
[2025-11-15T01:36:34.759+0000] {logging_mixin.py:151} INFO - [2025-11-15T01:36:34.759+0000] {dag.py:3696} INFO - Setting next_dagrun for dbt_transform to 2025-11-15T01:35:35.634758+00:00, run_after=2025-11-15T01:40:35.634758+00:00
[2025-11-15T01:36:34.777+0000] {processor.py:179} INFO - Processing /opt/airflow/dags/dbt_dag.py took 0.081 seconds
[2025-11-15T01:37:05.757+0000] {processor.py:157} INFO - Started process (PID=9560) to work on /opt/airflow/dags/dbt_dag.py
[2025-11-15T01:37:05.758+0000] {processor.py:829} INFO - Processing file /opt/airflow/dags/dbt_dag.py for tasks to queue
[2025-11-15T01:37:05.759+0000] {logging_mixin.py:151} INFO - [2025-11-15T01:37:05.759+0000] {dagbag.py:539} INFO - Filling up the DagBag from /opt/airflow/dags/dbt_dag.py
[2025-11-15T01:37:05.782+0000] {processor.py:839} INFO - DAG(s) dict_keys(['dbt_transform']) retrieved from /opt/airflow/dags/dbt_dag.py
[2025-11-15T01:37:05.809+0000] {logging_mixin.py:151} INFO - [2025-11-15T01:37:05.809+0000] {dag.py:2915} INFO - Sync 1 DAGs
[2025-11-15T01:37:05.826+0000] {logging_mixin.py:151} INFO - [2025-11-15T01:37:05.826+0000] {dag.py:3696} INFO - Setting next_dagrun for dbt_transform to 2025-11-15T01:35:35.634758+00:00, run_after=2025-11-15T01:40:35.634758+00:00
[2025-11-15T01:37:05.841+0000] {processor.py:179} INFO - Processing /opt/airflow/dags/dbt_dag.py took 0.086 seconds
[2025-11-15T01:37:36.750+0000] {processor.py:157} INFO - Started process (PID=9565) to work on /opt/airflow/dags/dbt_dag.py
[2025-11-15T01:37:36.751+0000] {processor.py:829} INFO - Processing file /opt/airflow/dags/dbt_dag.py for tasks to queue
[2025-11-15T01:37:36.752+0000] {logging_mixin.py:151} INFO - [2025-11-15T01:37:36.752+0000] {dagbag.py:539} INFO - Filling up the DagBag from /opt/airflow/dags/dbt_dag.py
[2025-11-15T01:37:36.777+0000] {processor.py:839} INFO - DAG(s) dict_keys(['dbt_transform']) retrieved from /opt/airflow/dags/dbt_dag.py
[2025-11-15T01:37:36.801+0000] {logging_mixin.py:151} INFO - [2025-11-15T01:37:36.801+0000] {dag.py:2915} INFO - Sync 1 DAGs
[2025-11-15T01:37:36.819+0000] {logging_mixin.py:151} INFO - [2025-11-15T01:37:36.818+0000] {dag.py:3696} INFO - Setting next_dagrun for dbt_transform to 2025-11-15T01:35:35.634758+00:00, run_after=2025-11-15T01:40:35.634758+00:00
[2025-11-15T01:37:36.838+0000] {processor.py:179} INFO - Processing /opt/airflow/dags/dbt_dag.py took 0.090 seconds
[2025-11-15T01:38:07.582+0000] {processor.py:157} INFO - Started process (PID=9570) to work on /opt/airflow/dags/dbt_dag.py
[2025-11-15T01:38:07.583+0000] {processor.py:829} INFO - Processing file /opt/airflow/dags/dbt_dag.py for tasks to queue
[2025-11-15T01:38:07.584+0000] {logging_mixin.py:151} INFO - [2025-11-15T01:38:07.583+0000] {dagbag.py:539} INFO - Filling up the DagBag from /opt/airflow/dags/dbt_dag.py
[2025-11-15T01:38:07.602+0000] {processor.py:839} INFO - DAG(s) dict_keys(['dbt_transform']) retrieved from /opt/airflow/dags/dbt_dag.py
[2025-11-15T01:38:07.631+0000] {logging_mixin.py:151} INFO - [2025-11-15T01:38:07.630+0000] {dag.py:2915} INFO - Sync 1 DAGs
[2025-11-15T01:38:07.650+0000] {logging_mixin.py:151} INFO - [2025-11-15T01:38:07.650+0000] {dag.py:3696} INFO - Setting next_dagrun for dbt_transform to 2025-11-15T01:35:35.634758+00:00, run_after=2025-11-15T01:40:35.634758+00:00
[2025-11-15T01:38:07.670+0000] {processor.py:179} INFO - Processing /opt/airflow/dags/dbt_dag.py took 0.090 seconds
[2025-11-15T01:38:38.336+0000] {processor.py:157} INFO - Started process (PID=9575) to work on /opt/airflow/dags/dbt_dag.py
[2025-11-15T01:38:38.337+0000] {processor.py:829} INFO - Processing file /opt/airflow/dags/dbt_dag.py for tasks to queue
[2025-11-15T01:38:38.338+0000] {logging_mixin.py:151} INFO - [2025-11-15T01:38:38.338+0000] {dagbag.py:539} INFO - Filling up the DagBag from /opt/airflow/dags/dbt_dag.py
[2025-11-15T01:38:38.361+0000] {processor.py:839} INFO - DAG(s) dict_keys(['dbt_transform']) retrieved from /opt/airflow/dags/dbt_dag.py
[2025-11-15T01:38:38.386+0000] {logging_mixin.py:151} INFO - [2025-11-15T01:38:38.386+0000] {dag.py:2915} INFO - Sync 1 DAGs
[2025-11-15T01:38:38.405+0000] {logging_mixin.py:151} INFO - [2025-11-15T01:38:38.405+0000] {dag.py:3696} INFO - Setting next_dagrun for dbt_transform to 2025-11-15T01:35:35.634758+00:00, run_after=2025-11-15T01:40:35.634758+00:00
[2025-11-15T01:38:38.422+0000] {processor.py:179} INFO - Processing /opt/airflow/dags/dbt_dag.py took 0.088 seconds
[2025-11-15T01:39:08.973+0000] {processor.py:157} INFO - Started process (PID=9580) to work on /opt/airflow/dags/dbt_dag.py
[2025-11-15T01:39:08.974+0000] {processor.py:829} INFO - Processing file /opt/airflow/dags/dbt_dag.py for tasks to queue
[2025-11-15T01:39:08.974+0000] {logging_mixin.py:151} INFO - [2025-11-15T01:39:08.974+0000] {dagbag.py:539} INFO - Filling up the DagBag from /opt/airflow/dags/dbt_dag.py
[2025-11-15T01:39:09.003+0000] {processor.py:839} INFO - DAG(s) dict_keys(['dbt_transform']) retrieved from /opt/airflow/dags/dbt_dag.py
[2025-11-15T01:39:09.032+0000] {logging_mixin.py:151} INFO - [2025-11-15T01:39:09.032+0000] {dag.py:2915} INFO - Sync 1 DAGs
[2025-11-15T01:39:09.051+0000] {logging_mixin.py:151} INFO - [2025-11-15T01:39:09.051+0000] {dag.py:3696} INFO - Setting next_dagrun for dbt_transform to 2025-11-15T01:35:35.634758+00:00, run_after=2025-11-15T01:40:35.634758+00:00
[2025-11-15T01:39:09.073+0000] {processor.py:179} INFO - Processing /opt/airflow/dags/dbt_dag.py took 0.103 seconds
[2025-11-15T01:39:39.980+0000] {processor.py:157} INFO - Started process (PID=9585) to work on /opt/airflow/dags/dbt_dag.py
[2025-11-15T01:39:39.980+0000] {processor.py:829} INFO - Processing file /opt/airflow/dags/dbt_dag.py for tasks to queue
[2025-11-15T01:39:39.981+0000] {logging_mixin.py:151} INFO - [2025-11-15T01:39:39.981+0000] {dagbag.py:539} INFO - Filling up the DagBag from /opt/airflow/dags/dbt_dag.py
[2025-11-15T01:39:40.008+0000] {processor.py:839} INFO - DAG(s) dict_keys(['dbt_transform']) retrieved from /opt/airflow/dags/dbt_dag.py
[2025-11-15T01:39:40.032+0000] {logging_mixin.py:151} INFO - [2025-11-15T01:39:40.032+0000] {dag.py:2915} INFO - Sync 1 DAGs
[2025-11-15T01:39:40.050+0000] {logging_mixin.py:151} INFO - [2025-11-15T01:39:40.050+0000] {dag.py:3696} INFO - Setting next_dagrun for dbt_transform to 2025-11-15T01:35:35.634758+00:00, run_after=2025-11-15T01:40:35.634758+00:00
[2025-11-15T01:39:40.070+0000] {processor.py:179} INFO - Processing /opt/airflow/dags/dbt_dag.py took 0.094 seconds
[2025-11-15T01:40:10.987+0000] {processor.py:157} INFO - Started process (PID=9590) to work on /opt/airflow/dags/dbt_dag.py
[2025-11-15T01:40:10.988+0000] {processor.py:829} INFO - Processing file /opt/airflow/dags/dbt_dag.py for tasks to queue
[2025-11-15T01:40:10.989+0000] {logging_mixin.py:151} INFO - [2025-11-15T01:40:10.989+0000] {dagbag.py:539} INFO - Filling up the DagBag from /opt/airflow/dags/dbt_dag.py
[2025-11-15T01:40:11.009+0000] {processor.py:839} INFO - DAG(s) dict_keys(['dbt_transform']) retrieved from /opt/airflow/dags/dbt_dag.py
[2025-11-15T01:40:11.032+0000] {logging_mixin.py:151} INFO - [2025-11-15T01:40:11.032+0000] {dag.py:2915} INFO - Sync 1 DAGs
[2025-11-15T01:40:11.051+0000] {logging_mixin.py:151} INFO - [2025-11-15T01:40:11.051+0000] {dag.py:3696} INFO - Setting next_dagrun for dbt_transform to 2025-11-15T01:35:35.634758+00:00, run_after=2025-11-15T01:40:35.634758+00:00
[2025-11-15T01:40:11.075+0000] {processor.py:179} INFO - Processing /opt/airflow/dags/dbt_dag.py took 0.090 seconds
[2025-11-15T01:40:42.095+0000] {processor.py:157} INFO - Started process (PID=9607) to work on /opt/airflow/dags/dbt_dag.py
[2025-11-15T01:40:42.096+0000] {processor.py:829} INFO - Processing file /opt/airflow/dags/dbt_dag.py for tasks to queue
[2025-11-15T01:40:42.098+0000] {logging_mixin.py:151} INFO - [2025-11-15T01:40:42.097+0000] {dagbag.py:539} INFO - Filling up the DagBag from /opt/airflow/dags/dbt_dag.py
[2025-11-15T01:40:42.123+0000] {processor.py:839} INFO - DAG(s) dict_keys(['dbt_transform']) retrieved from /opt/airflow/dags/dbt_dag.py
[2025-11-15T01:40:42.155+0000] {logging_mixin.py:151} INFO - [2025-11-15T01:40:42.155+0000] {dag.py:2915} INFO - Sync 1 DAGs
[2025-11-15T01:40:42.178+0000] {logging_mixin.py:151} INFO - [2025-11-15T01:40:42.178+0000] {dag.py:3696} INFO - Setting next_dagrun for dbt_transform to 2025-11-15T01:40:35.634758+00:00, run_after=2025-11-15T01:45:35.634758+00:00
[2025-11-15T01:40:42.202+0000] {processor.py:179} INFO - Processing /opt/airflow/dags/dbt_dag.py took 0.109 seconds
[2025-11-15T01:41:12.754+0000] {processor.py:157} INFO - Started process (PID=9627) to work on /opt/airflow/dags/dbt_dag.py
[2025-11-15T01:41:12.755+0000] {processor.py:829} INFO - Processing file /opt/airflow/dags/dbt_dag.py for tasks to queue
[2025-11-15T01:41:12.756+0000] {logging_mixin.py:151} INFO - [2025-11-15T01:41:12.756+0000] {dagbag.py:539} INFO - Filling up the DagBag from /opt/airflow/dags/dbt_dag.py
[2025-11-15T01:41:12.783+0000] {processor.py:839} INFO - DAG(s) dict_keys(['dbt_transform']) retrieved from /opt/airflow/dags/dbt_dag.py
[2025-11-15T01:41:12.817+0000] {logging_mixin.py:151} INFO - [2025-11-15T01:41:12.817+0000] {dag.py:2915} INFO - Sync 1 DAGs
[2025-11-15T01:41:12.838+0000] {logging_mixin.py:151} INFO - [2025-11-15T01:41:12.838+0000] {dag.py:3696} INFO - Setting next_dagrun for dbt_transform to 2025-11-15T01:40:35.634758+00:00, run_after=2025-11-15T01:45:35.634758+00:00
[2025-11-15T01:41:12.858+0000] {processor.py:179} INFO - Processing /opt/airflow/dags/dbt_dag.py took 0.109 seconds
[2025-11-15T01:41:43.704+0000] {processor.py:157} INFO - Started process (PID=9632) to work on /opt/airflow/dags/dbt_dag.py
[2025-11-15T01:41:43.705+0000] {processor.py:829} INFO - Processing file /opt/airflow/dags/dbt_dag.py for tasks to queue
[2025-11-15T01:41:43.706+0000] {logging_mixin.py:151} INFO - [2025-11-15T01:41:43.706+0000] {dagbag.py:539} INFO - Filling up the DagBag from /opt/airflow/dags/dbt_dag.py
[2025-11-15T01:41:43.730+0000] {processor.py:839} INFO - DAG(s) dict_keys(['dbt_transform']) retrieved from /opt/airflow/dags/dbt_dag.py
[2025-11-15T01:41:43.760+0000] {logging_mixin.py:151} INFO - [2025-11-15T01:41:43.760+0000] {dag.py:2915} INFO - Sync 1 DAGs
[2025-11-15T01:41:43.776+0000] {logging_mixin.py:151} INFO - [2025-11-15T01:41:43.776+0000] {dag.py:3696} INFO - Setting next_dagrun for dbt_transform to 2025-11-15T01:40:35.634758+00:00, run_after=2025-11-15T01:45:35.634758+00:00
[2025-11-15T01:41:43.797+0000] {processor.py:179} INFO - Processing /opt/airflow/dags/dbt_dag.py took 0.096 seconds
[2025-11-15T01:42:14.623+0000] {processor.py:157} INFO - Started process (PID=9637) to work on /opt/airflow/dags/dbt_dag.py
[2025-11-15T01:42:14.624+0000] {processor.py:829} INFO - Processing file /opt/airflow/dags/dbt_dag.py for tasks to queue
[2025-11-15T01:42:14.625+0000] {logging_mixin.py:151} INFO - [2025-11-15T01:42:14.624+0000] {dagbag.py:539} INFO - Filling up the DagBag from /opt/airflow/dags/dbt_dag.py
[2025-11-15T01:42:14.645+0000] {processor.py:839} INFO - DAG(s) dict_keys(['dbt_transform']) retrieved from /opt/airflow/dags/dbt_dag.py
[2025-11-15T01:42:14.669+0000] {logging_mixin.py:151} INFO - [2025-11-15T01:42:14.669+0000] {dag.py:2915} INFO - Sync 1 DAGs
[2025-11-15T01:42:14.686+0000] {logging_mixin.py:151} INFO - [2025-11-15T01:42:14.686+0000] {dag.py:3696} INFO - Setting next_dagrun for dbt_transform to 2025-11-15T01:40:35.634758+00:00, run_after=2025-11-15T01:45:35.634758+00:00
[2025-11-15T01:42:14.706+0000] {processor.py:179} INFO - Processing /opt/airflow/dags/dbt_dag.py took 0.085 seconds
[2025-11-15T01:42:45.633+0000] {processor.py:157} INFO - Started process (PID=9642) to work on /opt/airflow/dags/dbt_dag.py
[2025-11-15T01:42:45.634+0000] {processor.py:829} INFO - Processing file /opt/airflow/dags/dbt_dag.py for tasks to queue
[2025-11-15T01:42:45.635+0000] {logging_mixin.py:151} INFO - [2025-11-15T01:42:45.634+0000] {dagbag.py:539} INFO - Filling up the DagBag from /opt/airflow/dags/dbt_dag.py
[2025-11-15T01:42:45.655+0000] {processor.py:839} INFO - DAG(s) dict_keys(['dbt_transform']) retrieved from /opt/airflow/dags/dbt_dag.py
[2025-11-15T01:42:45.680+0000] {logging_mixin.py:151} INFO - [2025-11-15T01:42:45.680+0000] {dag.py:2915} INFO - Sync 1 DAGs
[2025-11-15T01:42:45.699+0000] {logging_mixin.py:151} INFO - [2025-11-15T01:42:45.699+0000] {dag.py:3696} INFO - Setting next_dagrun for dbt_transform to 2025-11-15T01:40:35.634758+00:00, run_after=2025-11-15T01:45:35.634758+00:00
[2025-11-15T01:42:45.716+0000] {processor.py:179} INFO - Processing /opt/airflow/dags/dbt_dag.py took 0.085 seconds
[2025-11-15T01:43:16.666+0000] {processor.py:157} INFO - Started process (PID=9647) to work on /opt/airflow/dags/dbt_dag.py
[2025-11-15T01:43:16.667+0000] {processor.py:829} INFO - Processing file /opt/airflow/dags/dbt_dag.py for tasks to queue
[2025-11-15T01:43:16.668+0000] {logging_mixin.py:151} INFO - [2025-11-15T01:43:16.667+0000] {dagbag.py:539} INFO - Filling up the DagBag from /opt/airflow/dags/dbt_dag.py
[2025-11-15T01:43:16.684+0000] {processor.py:839} INFO - DAG(s) dict_keys(['dbt_transform']) retrieved from /opt/airflow/dags/dbt_dag.py
[2025-11-15T01:43:16.708+0000] {logging_mixin.py:151} INFO - [2025-11-15T01:43:16.708+0000] {dag.py:2915} INFO - Sync 1 DAGs
[2025-11-15T01:43:16.726+0000] {logging_mixin.py:151} INFO - [2025-11-15T01:43:16.726+0000] {dag.py:3696} INFO - Setting next_dagrun for dbt_transform to 2025-11-15T01:40:35.634758+00:00, run_after=2025-11-15T01:45:35.634758+00:00
[2025-11-15T01:43:16.748+0000] {processor.py:179} INFO - Processing /opt/airflow/dags/dbt_dag.py took 0.085 seconds
[2025-11-15T01:43:46.925+0000] {processor.py:157} INFO - Started process (PID=9652) to work on /opt/airflow/dags/dbt_dag.py
[2025-11-15T01:43:46.926+0000] {processor.py:829} INFO - Processing file /opt/airflow/dags/dbt_dag.py for tasks to queue
[2025-11-15T01:43:46.927+0000] {logging_mixin.py:151} INFO - [2025-11-15T01:43:46.927+0000] {dagbag.py:539} INFO - Filling up the DagBag from /opt/airflow/dags/dbt_dag.py
[2025-11-15T01:43:46.956+0000] {processor.py:839} INFO - DAG(s) dict_keys(['dbt_transform']) retrieved from /opt/airflow/dags/dbt_dag.py
[2025-11-15T01:43:46.983+0000] {logging_mixin.py:151} INFO - [2025-11-15T01:43:46.983+0000] {dag.py:2915} INFO - Sync 1 DAGs
[2025-11-15T01:43:47.003+0000] {logging_mixin.py:151} INFO - [2025-11-15T01:43:47.003+0000] {dag.py:3696} INFO - Setting next_dagrun for dbt_transform to 2025-11-15T01:40:35.634758+00:00, run_after=2025-11-15T01:45:35.634758+00:00
[2025-11-15T01:43:47.024+0000] {processor.py:179} INFO - Processing /opt/airflow/dags/dbt_dag.py took 0.102 seconds
[2025-11-15T01:44:17.806+0000] {processor.py:157} INFO - Started process (PID=9657) to work on /opt/airflow/dags/dbt_dag.py
[2025-11-15T01:44:17.807+0000] {processor.py:829} INFO - Processing file /opt/airflow/dags/dbt_dag.py for tasks to queue
[2025-11-15T01:44:17.809+0000] {logging_mixin.py:151} INFO - [2025-11-15T01:44:17.808+0000] {dagbag.py:539} INFO - Filling up the DagBag from /opt/airflow/dags/dbt_dag.py
[2025-11-15T01:44:17.841+0000] {processor.py:839} INFO - DAG(s) dict_keys(['dbt_transform']) retrieved from /opt/airflow/dags/dbt_dag.py
[2025-11-15T01:44:17.870+0000] {logging_mixin.py:151} INFO - [2025-11-15T01:44:17.869+0000] {dag.py:2915} INFO - Sync 1 DAGs
[2025-11-15T01:44:17.908+0000] {logging_mixin.py:151} INFO - [2025-11-15T01:44:17.908+0000] {dag.py:3696} INFO - Setting next_dagrun for dbt_transform to 2025-11-15T01:40:35.634758+00:00, run_after=2025-11-15T01:45:35.634758+00:00
[2025-11-15T01:44:17.939+0000] {processor.py:179} INFO - Processing /opt/airflow/dags/dbt_dag.py took 0.135 seconds
[2025-11-15T01:44:48.808+0000] {processor.py:157} INFO - Started process (PID=9662) to work on /opt/airflow/dags/dbt_dag.py
[2025-11-15T01:44:48.809+0000] {processor.py:829} INFO - Processing file /opt/airflow/dags/dbt_dag.py for tasks to queue
[2025-11-15T01:44:48.810+0000] {logging_mixin.py:151} INFO - [2025-11-15T01:44:48.810+0000] {dagbag.py:539} INFO - Filling up the DagBag from /opt/airflow/dags/dbt_dag.py
[2025-11-15T01:44:48.836+0000] {processor.py:839} INFO - DAG(s) dict_keys(['dbt_transform']) retrieved from /opt/airflow/dags/dbt_dag.py
[2025-11-15T01:44:48.863+0000] {logging_mixin.py:151} INFO - [2025-11-15T01:44:48.863+0000] {dag.py:2915} INFO - Sync 1 DAGs
[2025-11-15T01:44:48.883+0000] {logging_mixin.py:151} INFO - [2025-11-15T01:44:48.882+0000] {dag.py:3696} INFO - Setting next_dagrun for dbt_transform to 2025-11-15T01:40:35.634758+00:00, run_after=2025-11-15T01:45:35.634758+00:00
[2025-11-15T01:44:48.903+0000] {processor.py:179} INFO - Processing /opt/airflow/dags/dbt_dag.py took 0.098 seconds
[2025-11-15T01:45:13.799+0000] {processor.py:157} INFO - Started process (PID=9667) to work on /opt/airflow/dags/dbt_dag.py
[2025-11-15T01:45:13.800+0000] {processor.py:829} INFO - Processing file /opt/airflow/dags/dbt_dag.py for tasks to queue
[2025-11-15T01:45:13.801+0000] {logging_mixin.py:151} INFO - [2025-11-15T01:45:13.800+0000] {dagbag.py:539} INFO - Filling up the DagBag from /opt/airflow/dags/dbt_dag.py
[2025-11-15T01:45:13.833+0000] {processor.py:839} INFO - DAG(s) dict_keys(['dbt_transform']) retrieved from /opt/airflow/dags/dbt_dag.py
[2025-11-15T01:45:14.139+0000] {logging_mixin.py:151} INFO - [2025-11-15T01:45:14.138+0000] {security.py:708} INFO - Not syncing DAG-level permissions for DAG 'DAG:dbt_transform' as access control is unset.
[2025-11-15T01:45:14.139+0000] {logging_mixin.py:151} INFO - [2025-11-15T01:45:14.139+0000] {dag.py:2915} INFO - Sync 1 DAGs
[2025-11-15T01:45:14.156+0000] {logging_mixin.py:151} INFO - [2025-11-15T01:45:14.156+0000] {dag.py:3696} INFO - Setting next_dagrun for dbt_transform to 2025-11-15T01:40:35.634758+00:00, run_after=2025-11-16T01:40:35.634758+00:00
[2025-11-15T01:45:14.177+0000] {processor.py:179} INFO - Processing /opt/airflow/dags/dbt_dag.py took 0.381 seconds
[2025-11-15T01:45:44.703+0000] {processor.py:157} INFO - Started process (PID=9672) to work on /opt/airflow/dags/dbt_dag.py
[2025-11-15T01:45:44.704+0000] {processor.py:829} INFO - Processing file /opt/airflow/dags/dbt_dag.py for tasks to queue
[2025-11-15T01:45:44.705+0000] {logging_mixin.py:151} INFO - [2025-11-15T01:45:44.705+0000] {dagbag.py:539} INFO - Filling up the DagBag from /opt/airflow/dags/dbt_dag.py
[2025-11-15T01:45:44.732+0000] {processor.py:839} INFO - DAG(s) dict_keys(['dbt_transform']) retrieved from /opt/airflow/dags/dbt_dag.py
[2025-11-15T01:45:44.763+0000] {logging_mixin.py:151} INFO - [2025-11-15T01:45:44.763+0000] {dag.py:2915} INFO - Sync 1 DAGs
[2025-11-15T01:45:44.782+0000] {logging_mixin.py:151} INFO - [2025-11-15T01:45:44.782+0000] {dag.py:3696} INFO - Setting next_dagrun for dbt_transform to 2025-11-15T01:40:35.634758+00:00, run_after=2025-11-16T01:40:35.634758+00:00
[2025-11-15T01:45:44.797+0000] {processor.py:179} INFO - Processing /opt/airflow/dags/dbt_dag.py took 0.097 seconds
[2025-11-15T01:46:15.795+0000] {processor.py:157} INFO - Started process (PID=9677) to work on /opt/airflow/dags/dbt_dag.py
[2025-11-15T01:46:15.796+0000] {processor.py:829} INFO - Processing file /opt/airflow/dags/dbt_dag.py for tasks to queue
[2025-11-15T01:46:15.797+0000] {logging_mixin.py:151} INFO - [2025-11-15T01:46:15.797+0000] {dagbag.py:539} INFO - Filling up the DagBag from /opt/airflow/dags/dbt_dag.py
[2025-11-15T01:46:15.817+0000] {processor.py:839} INFO - DAG(s) dict_keys(['dbt_transform']) retrieved from /opt/airflow/dags/dbt_dag.py
[2025-11-15T01:46:15.843+0000] {logging_mixin.py:151} INFO - [2025-11-15T01:46:15.843+0000] {dag.py:2915} INFO - Sync 1 DAGs
[2025-11-15T01:46:15.862+0000] {logging_mixin.py:151} INFO - [2025-11-15T01:46:15.862+0000] {dag.py:3696} INFO - Setting next_dagrun for dbt_transform to 2025-11-15T01:40:35.634758+00:00, run_after=2025-11-16T01:40:35.634758+00:00
[2025-11-15T01:46:15.882+0000] {processor.py:179} INFO - Processing /opt/airflow/dags/dbt_dag.py took 0.090 seconds
[2025-11-15T01:46:46.511+0000] {processor.py:157} INFO - Started process (PID=9682) to work on /opt/airflow/dags/dbt_dag.py
[2025-11-15T01:46:46.511+0000] {processor.py:829} INFO - Processing file /opt/airflow/dags/dbt_dag.py for tasks to queue
[2025-11-15T01:46:46.512+0000] {logging_mixin.py:151} INFO - [2025-11-15T01:46:46.512+0000] {dagbag.py:539} INFO - Filling up the DagBag from /opt/airflow/dags/dbt_dag.py
[2025-11-15T01:46:46.532+0000] {processor.py:839} INFO - DAG(s) dict_keys(['dbt_transform']) retrieved from /opt/airflow/dags/dbt_dag.py
[2025-11-15T01:46:46.554+0000] {logging_mixin.py:151} INFO - [2025-11-15T01:46:46.554+0000] {dag.py:2915} INFO - Sync 1 DAGs
[2025-11-15T01:46:46.574+0000] {logging_mixin.py:151} INFO - [2025-11-15T01:46:46.574+0000] {dag.py:3696} INFO - Setting next_dagrun for dbt_transform to 2025-11-15T01:40:35.634758+00:00, run_after=2025-11-16T01:40:35.634758+00:00
[2025-11-15T01:46:46.591+0000] {processor.py:179} INFO - Processing /opt/airflow/dags/dbt_dag.py took 0.083 seconds
[2025-11-15T01:47:17.500+0000] {processor.py:157} INFO - Started process (PID=9687) to work on /opt/airflow/dags/dbt_dag.py
[2025-11-15T01:47:17.501+0000] {processor.py:829} INFO - Processing file /opt/airflow/dags/dbt_dag.py for tasks to queue
[2025-11-15T01:47:17.502+0000] {logging_mixin.py:151} INFO - [2025-11-15T01:47:17.502+0000] {dagbag.py:539} INFO - Filling up the DagBag from /opt/airflow/dags/dbt_dag.py
[2025-11-15T01:47:17.531+0000] {processor.py:839} INFO - DAG(s) dict_keys(['dbt_transform']) retrieved from /opt/airflow/dags/dbt_dag.py
[2025-11-15T01:47:17.558+0000] {logging_mixin.py:151} INFO - [2025-11-15T01:47:17.558+0000] {dag.py:2915} INFO - Sync 1 DAGs
[2025-11-15T01:47:17.581+0000] {logging_mixin.py:151} INFO - [2025-11-15T01:47:17.580+0000] {dag.py:3696} INFO - Setting next_dagrun for dbt_transform to 2025-11-15T01:40:35.634758+00:00, run_after=2025-11-16T01:40:35.634758+00:00
[2025-11-15T01:47:17.602+0000] {processor.py:179} INFO - Processing /opt/airflow/dags/dbt_dag.py took 0.104 seconds
[2025-11-15T01:48:53.493+0000] {processor.py:157} INFO - Started process (PID=172) to work on /opt/airflow/dags/dbt_dag.py
[2025-11-15T01:48:53.494+0000] {processor.py:829} INFO - Processing file /opt/airflow/dags/dbt_dag.py for tasks to queue
[2025-11-15T01:48:53.495+0000] {logging_mixin.py:151} INFO - [2025-11-15T01:48:53.495+0000] {dagbag.py:539} INFO - Filling up the DagBag from /opt/airflow/dags/dbt_dag.py
[2025-11-15T01:48:53.531+0000] {processor.py:839} INFO - DAG(s) dict_keys(['dbt_transform']) retrieved from /opt/airflow/dags/dbt_dag.py
[2025-11-15T01:48:53.557+0000] {logging_mixin.py:151} INFO - [2025-11-15T01:48:53.557+0000] {dag.py:2915} INFO - Sync 1 DAGs
[2025-11-15T01:48:53.581+0000] {logging_mixin.py:151} INFO - [2025-11-15T01:48:53.581+0000] {dag.py:3696} INFO - Setting next_dagrun for dbt_transform to 2025-11-15T01:40:35.634758+00:00, run_after=2025-11-16T01:40:35.634758+00:00
[2025-11-15T01:48:53.604+0000] {processor.py:179} INFO - Processing /opt/airflow/dags/dbt_dag.py took 0.114 seconds
[2025-11-15T01:49:24.300+0000] {processor.py:157} INFO - Started process (PID=177) to work on /opt/airflow/dags/dbt_dag.py
[2025-11-15T01:49:24.302+0000] {processor.py:829} INFO - Processing file /opt/airflow/dags/dbt_dag.py for tasks to queue
[2025-11-15T01:49:24.303+0000] {logging_mixin.py:151} INFO - [2025-11-15T01:49:24.303+0000] {dagbag.py:539} INFO - Filling up the DagBag from /opt/airflow/dags/dbt_dag.py
[2025-11-15T01:49:24.336+0000] {processor.py:839} INFO - DAG(s) dict_keys(['dbt_transform']) retrieved from /opt/airflow/dags/dbt_dag.py
[2025-11-15T01:49:24.379+0000] {logging_mixin.py:151} INFO - [2025-11-15T01:49:24.378+0000] {dag.py:2915} INFO - Sync 1 DAGs
[2025-11-15T01:49:24.403+0000] {logging_mixin.py:151} INFO - [2025-11-15T01:49:24.403+0000] {dag.py:3696} INFO - Setting next_dagrun for dbt_transform to 2025-11-15T01:40:35.634758+00:00, run_after=2025-11-16T01:40:35.634758+00:00
[2025-11-15T01:49:24.425+0000] {processor.py:179} INFO - Processing /opt/airflow/dags/dbt_dag.py took 0.130 seconds
[2025-11-15T01:49:54.853+0000] {processor.py:157} INFO - Started process (PID=182) to work on /opt/airflow/dags/dbt_dag.py
[2025-11-15T01:49:54.854+0000] {processor.py:829} INFO - Processing file /opt/airflow/dags/dbt_dag.py for tasks to queue
[2025-11-15T01:49:54.855+0000] {logging_mixin.py:151} INFO - [2025-11-15T01:49:54.855+0000] {dagbag.py:539} INFO - Filling up the DagBag from /opt/airflow/dags/dbt_dag.py
[2025-11-15T01:49:54.883+0000] {processor.py:839} INFO - DAG(s) dict_keys(['dbt_transform']) retrieved from /opt/airflow/dags/dbt_dag.py
[2025-11-15T01:49:54.925+0000] {logging_mixin.py:151} INFO - [2025-11-15T01:49:54.924+0000] {dag.py:2915} INFO - Sync 1 DAGs
[2025-11-15T01:49:54.947+0000] {logging_mixin.py:151} INFO - [2025-11-15T01:49:54.947+0000] {dag.py:3696} INFO - Setting next_dagrun for dbt_transform to 2025-11-15T01:40:35.634758+00:00, run_after=2025-11-16T01:40:35.634758+00:00
[2025-11-15T01:49:55.101+0000] {processor.py:179} INFO - Processing /opt/airflow/dags/dbt_dag.py took 0.252 seconds
[2025-11-15T01:50:42.847+0000] {processor.py:157} INFO - Started process (PID=172) to work on /opt/airflow/dags/dbt_dag.py
[2025-11-15T01:50:42.848+0000] {processor.py:829} INFO - Processing file /opt/airflow/dags/dbt_dag.py for tasks to queue
[2025-11-15T01:50:42.849+0000] {logging_mixin.py:151} INFO - [2025-11-15T01:50:42.849+0000] {dagbag.py:539} INFO - Filling up the DagBag from /opt/airflow/dags/dbt_dag.py
[2025-11-15T01:50:42.882+0000] {processor.py:839} INFO - DAG(s) dict_keys(['dbt_transform']) retrieved from /opt/airflow/dags/dbt_dag.py
[2025-11-15T01:50:42.904+0000] {logging_mixin.py:151} INFO - [2025-11-15T01:50:42.904+0000] {dag.py:2915} INFO - Sync 1 DAGs
[2025-11-15T01:50:42.925+0000] {logging_mixin.py:151} INFO - [2025-11-15T01:50:42.924+0000] {dag.py:3696} INFO - Setting next_dagrun for dbt_transform to 2025-11-15T01:40:35.634758+00:00, run_after=2025-11-16T01:40:35.634758+00:00
[2025-11-15T01:50:43.100+0000] {processor.py:179} INFO - Processing /opt/airflow/dags/dbt_dag.py took 0.258 seconds
[2025-11-15T01:51:13.633+0000] {processor.py:157} INFO - Started process (PID=177) to work on /opt/airflow/dags/dbt_dag.py
[2025-11-15T01:51:13.634+0000] {processor.py:829} INFO - Processing file /opt/airflow/dags/dbt_dag.py for tasks to queue
[2025-11-15T01:51:13.635+0000] {logging_mixin.py:151} INFO - [2025-11-15T01:51:13.635+0000] {dagbag.py:539} INFO - Filling up the DagBag from /opt/airflow/dags/dbt_dag.py
[2025-11-15T01:51:13.668+0000] {processor.py:839} INFO - DAG(s) dict_keys(['dbt_transform']) retrieved from /opt/airflow/dags/dbt_dag.py
[2025-11-15T01:51:13.860+0000] {logging_mixin.py:151} INFO - [2025-11-15T01:51:13.860+0000] {dag.py:2915} INFO - Sync 1 DAGs
[2025-11-15T01:51:13.876+0000] {logging_mixin.py:151} INFO - [2025-11-15T01:51:13.876+0000] {dag.py:3696} INFO - Setting next_dagrun for dbt_transform to 2025-11-15T01:40:35.634758+00:00, run_after=2025-11-16T01:40:35.634758+00:00
[2025-11-15T01:51:13.895+0000] {processor.py:179} INFO - Processing /opt/airflow/dags/dbt_dag.py took 0.267 seconds
[2025-11-15T01:51:44.306+0000] {processor.py:157} INFO - Started process (PID=182) to work on /opt/airflow/dags/dbt_dag.py
[2025-11-15T01:51:44.307+0000] {processor.py:829} INFO - Processing file /opt/airflow/dags/dbt_dag.py for tasks to queue
[2025-11-15T01:51:44.309+0000] {logging_mixin.py:151} INFO - [2025-11-15T01:51:44.308+0000] {dagbag.py:539} INFO - Filling up the DagBag from /opt/airflow/dags/dbt_dag.py
[2025-11-15T01:51:44.447+0000] {processor.py:839} INFO - DAG(s) dict_keys(['dbt_transform']) retrieved from /opt/airflow/dags/dbt_dag.py
[2025-11-15T01:51:44.469+0000] {logging_mixin.py:151} INFO - [2025-11-15T01:51:44.469+0000] {dag.py:2915} INFO - Sync 1 DAGs
[2025-11-15T01:51:44.486+0000] {logging_mixin.py:151} INFO - [2025-11-15T01:51:44.486+0000] {dag.py:3696} INFO - Setting next_dagrun for dbt_transform to 2025-11-15T01:40:35.634758+00:00, run_after=2025-11-16T01:40:35.634758+00:00
[2025-11-15T01:51:44.506+0000] {processor.py:179} INFO - Processing /opt/airflow/dags/dbt_dag.py took 0.203 seconds
[2025-11-15T01:52:14.967+0000] {processor.py:157} INFO - Started process (PID=187) to work on /opt/airflow/dags/dbt_dag.py
[2025-11-15T01:52:14.968+0000] {processor.py:829} INFO - Processing file /opt/airflow/dags/dbt_dag.py for tasks to queue
[2025-11-15T01:52:14.970+0000] {logging_mixin.py:151} INFO - [2025-11-15T01:52:14.969+0000] {dagbag.py:539} INFO - Filling up the DagBag from /opt/airflow/dags/dbt_dag.py
[2025-11-15T01:52:14.997+0000] {processor.py:839} INFO - DAG(s) dict_keys(['dbt_transform']) retrieved from /opt/airflow/dags/dbt_dag.py
[2025-11-15T01:52:15.026+0000] {logging_mixin.py:151} INFO - [2025-11-15T01:52:15.025+0000] {dag.py:2915} INFO - Sync 1 DAGs
[2025-11-15T01:52:15.051+0000] {logging_mixin.py:151} INFO - [2025-11-15T01:52:15.051+0000] {dag.py:3696} INFO - Setting next_dagrun for dbt_transform to 2025-11-15T01:40:35.634758+00:00, run_after=2025-11-16T01:40:35.634758+00:00
[2025-11-15T01:52:15.072+0000] {processor.py:179} INFO - Processing /opt/airflow/dags/dbt_dag.py took 0.109 seconds
[2025-11-15T01:52:45.669+0000] {processor.py:157} INFO - Started process (PID=192) to work on /opt/airflow/dags/dbt_dag.py
[2025-11-15T01:52:45.670+0000] {processor.py:829} INFO - Processing file /opt/airflow/dags/dbt_dag.py for tasks to queue
[2025-11-15T01:52:45.671+0000] {logging_mixin.py:151} INFO - [2025-11-15T01:52:45.671+0000] {dagbag.py:539} INFO - Filling up the DagBag from /opt/airflow/dags/dbt_dag.py
[2025-11-15T01:52:45.690+0000] {processor.py:839} INFO - DAG(s) dict_keys(['dbt_transform']) retrieved from /opt/airflow/dags/dbt_dag.py
[2025-11-15T01:52:45.712+0000] {logging_mixin.py:151} INFO - [2025-11-15T01:52:45.712+0000] {dag.py:2915} INFO - Sync 1 DAGs
[2025-11-15T01:52:45.729+0000] {logging_mixin.py:151} INFO - [2025-11-15T01:52:45.728+0000] {dag.py:3696} INFO - Setting next_dagrun for dbt_transform to 2025-11-15T01:40:35.634758+00:00, run_after=2025-11-16T01:40:35.634758+00:00
[2025-11-15T01:52:45.747+0000] {processor.py:179} INFO - Processing /opt/airflow/dags/dbt_dag.py took 0.082 seconds
[2025-11-15T01:53:16.722+0000] {processor.py:157} INFO - Started process (PID=197) to work on /opt/airflow/dags/dbt_dag.py
[2025-11-15T01:53:16.723+0000] {processor.py:829} INFO - Processing file /opt/airflow/dags/dbt_dag.py for tasks to queue
[2025-11-15T01:53:16.725+0000] {logging_mixin.py:151} INFO - [2025-11-15T01:53:16.724+0000] {dagbag.py:539} INFO - Filling up the DagBag from /opt/airflow/dags/dbt_dag.py
[2025-11-15T01:53:16.756+0000] {processor.py:839} INFO - DAG(s) dict_keys(['dbt_transform']) retrieved from /opt/airflow/dags/dbt_dag.py
[2025-11-15T01:53:16.785+0000] {logging_mixin.py:151} INFO - [2025-11-15T01:53:16.785+0000] {dag.py:2915} INFO - Sync 1 DAGs
[2025-11-15T01:53:16.805+0000] {logging_mixin.py:151} INFO - [2025-11-15T01:53:16.805+0000] {dag.py:3696} INFO - Setting next_dagrun for dbt_transform to 2025-11-15T01:40:35.634758+00:00, run_after=2025-11-16T01:40:35.634758+00:00
[2025-11-15T01:53:16.828+0000] {processor.py:179} INFO - Processing /opt/airflow/dags/dbt_dag.py took 0.109 seconds
[2025-11-15T01:53:47.027+0000] {processor.py:157} INFO - Started process (PID=202) to work on /opt/airflow/dags/dbt_dag.py
[2025-11-15T01:53:47.028+0000] {processor.py:829} INFO - Processing file /opt/airflow/dags/dbt_dag.py for tasks to queue
[2025-11-15T01:53:47.029+0000] {logging_mixin.py:151} INFO - [2025-11-15T01:53:47.029+0000] {dagbag.py:539} INFO - Filling up the DagBag from /opt/airflow/dags/dbt_dag.py
[2025-11-15T01:53:47.054+0000] {processor.py:839} INFO - DAG(s) dict_keys(['dbt_transform']) retrieved from /opt/airflow/dags/dbt_dag.py
[2025-11-15T01:53:47.082+0000] {logging_mixin.py:151} INFO - [2025-11-15T01:53:47.082+0000] {dag.py:2915} INFO - Sync 1 DAGs
[2025-11-15T01:53:47.102+0000] {logging_mixin.py:151} INFO - [2025-11-15T01:53:47.101+0000] {dag.py:3696} INFO - Setting next_dagrun for dbt_transform to 2025-11-15T01:40:35.634758+00:00, run_after=2025-11-16T01:40:35.634758+00:00
[2025-11-15T01:53:47.123+0000] {processor.py:179} INFO - Processing /opt/airflow/dags/dbt_dag.py took 0.099 seconds
[2025-11-15T01:54:17.947+0000] {processor.py:157} INFO - Started process (PID=207) to work on /opt/airflow/dags/dbt_dag.py
[2025-11-15T01:54:17.948+0000] {processor.py:829} INFO - Processing file /opt/airflow/dags/dbt_dag.py for tasks to queue
[2025-11-15T01:54:17.950+0000] {logging_mixin.py:151} INFO - [2025-11-15T01:54:17.949+0000] {dagbag.py:539} INFO - Filling up the DagBag from /opt/airflow/dags/dbt_dag.py
[2025-11-15T01:54:17.975+0000] {processor.py:839} INFO - DAG(s) dict_keys(['dbt_transform']) retrieved from /opt/airflow/dags/dbt_dag.py
[2025-11-15T01:54:18.002+0000] {logging_mixin.py:151} INFO - [2025-11-15T01:54:18.002+0000] {dag.py:2915} INFO - Sync 1 DAGs
[2025-11-15T01:54:18.021+0000] {logging_mixin.py:151} INFO - [2025-11-15T01:54:18.021+0000] {dag.py:3696} INFO - Setting next_dagrun for dbt_transform to 2025-11-15T01:40:35.634758+00:00, run_after=2025-11-16T01:40:35.634758+00:00
[2025-11-15T01:54:18.043+0000] {processor.py:179} INFO - Processing /opt/airflow/dags/dbt_dag.py took 0.098 seconds
[2025-11-15T01:54:48.276+0000] {processor.py:157} INFO - Started process (PID=212) to work on /opt/airflow/dags/dbt_dag.py
[2025-11-15T01:54:48.277+0000] {processor.py:829} INFO - Processing file /opt/airflow/dags/dbt_dag.py for tasks to queue
[2025-11-15T01:54:48.278+0000] {logging_mixin.py:151} INFO - [2025-11-15T01:54:48.278+0000] {dagbag.py:539} INFO - Filling up the DagBag from /opt/airflow/dags/dbt_dag.py
[2025-11-15T01:54:48.305+0000] {processor.py:839} INFO - DAG(s) dict_keys(['dbt_transform']) retrieved from /opt/airflow/dags/dbt_dag.py
[2025-11-15T01:54:48.333+0000] {logging_mixin.py:151} INFO - [2025-11-15T01:54:48.333+0000] {dag.py:2915} INFO - Sync 1 DAGs
[2025-11-15T01:54:48.352+0000] {logging_mixin.py:151} INFO - [2025-11-15T01:54:48.352+0000] {dag.py:3696} INFO - Setting next_dagrun for dbt_transform to 2025-11-15T01:40:35.634758+00:00, run_after=2025-11-16T01:40:35.634758+00:00
[2025-11-15T01:54:48.374+0000] {processor.py:179} INFO - Processing /opt/airflow/dags/dbt_dag.py took 0.101 seconds
[2025-11-15T01:55:18.479+0000] {processor.py:157} INFO - Started process (PID=217) to work on /opt/airflow/dags/dbt_dag.py
[2025-11-15T01:55:18.480+0000] {processor.py:829} INFO - Processing file /opt/airflow/dags/dbt_dag.py for tasks to queue
[2025-11-15T01:55:18.481+0000] {logging_mixin.py:151} INFO - [2025-11-15T01:55:18.481+0000] {dagbag.py:539} INFO - Filling up the DagBag from /opt/airflow/dags/dbt_dag.py
[2025-11-15T01:55:18.507+0000] {processor.py:839} INFO - DAG(s) dict_keys(['dbt_transform']) retrieved from /opt/airflow/dags/dbt_dag.py
[2025-11-15T01:55:18.533+0000] {logging_mixin.py:151} INFO - [2025-11-15T01:55:18.533+0000] {dag.py:2915} INFO - Sync 1 DAGs
[2025-11-15T01:55:18.552+0000] {logging_mixin.py:151} INFO - [2025-11-15T01:55:18.552+0000] {dag.py:3696} INFO - Setting next_dagrun for dbt_transform to 2025-11-15T01:40:35.634758+00:00, run_after=2025-11-16T01:40:35.634758+00:00
[2025-11-15T01:55:18.570+0000] {processor.py:179} INFO - Processing /opt/airflow/dags/dbt_dag.py took 0.093 seconds
[2025-11-15T01:55:48.711+0000] {processor.py:157} INFO - Started process (PID=222) to work on /opt/airflow/dags/dbt_dag.py
[2025-11-15T01:55:48.712+0000] {processor.py:829} INFO - Processing file /opt/airflow/dags/dbt_dag.py for tasks to queue
[2025-11-15T01:55:48.713+0000] {logging_mixin.py:151} INFO - [2025-11-15T01:55:48.713+0000] {dagbag.py:539} INFO - Filling up the DagBag from /opt/airflow/dags/dbt_dag.py
[2025-11-15T01:55:48.739+0000] {processor.py:839} INFO - DAG(s) dict_keys(['dbt_transform']) retrieved from /opt/airflow/dags/dbt_dag.py
[2025-11-15T01:55:48.769+0000] {logging_mixin.py:151} INFO - [2025-11-15T01:55:48.768+0000] {dag.py:2915} INFO - Sync 1 DAGs
[2025-11-15T01:55:48.790+0000] {logging_mixin.py:151} INFO - [2025-11-15T01:55:48.790+0000] {dag.py:3696} INFO - Setting next_dagrun for dbt_transform to 2025-11-15T01:40:35.634758+00:00, run_after=2025-11-16T01:40:35.634758+00:00
[2025-11-15T01:55:48.817+0000] {processor.py:179} INFO - Processing /opt/airflow/dags/dbt_dag.py took 0.109 seconds
[2025-11-15T01:55:53.807+0000] {processor.py:157} INFO - Started process (PID=227) to work on /opt/airflow/dags/dbt_dag.py
[2025-11-15T01:55:53.808+0000] {processor.py:829} INFO - Processing file /opt/airflow/dags/dbt_dag.py for tasks to queue
[2025-11-15T01:55:53.809+0000] {logging_mixin.py:151} INFO - [2025-11-15T01:55:53.808+0000] {dagbag.py:539} INFO - Filling up the DagBag from /opt/airflow/dags/dbt_dag.py
[2025-11-15T01:55:53.848+0000] {logging_mixin.py:151} INFO - [2025-11-15T01:55:53.842+0000] {dagbag.py:347} ERROR - Failed to import: /opt/airflow/dags/dbt_dag.py
Traceback (most recent call last):
  File "/home/airflow/.local/lib/python3.9/site-packages/airflow/models/dagbag.py", line 343, in parse
    loader.exec_module(new_module)
  File "<frozen importlib._bootstrap_external>", line 850, in exec_module
  File "<frozen importlib._bootstrap>", line 228, in _call_with_frames_removed
  File "/opt/airflow/dags/dbt_dag.py", line 96, in <module>
    [dbt_run_brnz_customers, dbt_run_brnz_products, dbt_run_brnz_sales_orders, dbt_run_brnz_example] >> \
TypeError: unsupported operand type(s) for >>: 'list' and 'list'
[2025-11-15T01:55:53.850+0000] {processor.py:841} WARNING - No viable dags retrieved from /opt/airflow/dags/dbt_dag.py
[2025-11-15T01:55:53.870+0000] {processor.py:179} INFO - Processing /opt/airflow/dags/dbt_dag.py took 0.066 seconds
[2025-11-15T01:56:08.474+0000] {processor.py:157} INFO - Started process (PID=232) to work on /opt/airflow/dags/dbt_dag.py
[2025-11-15T01:56:08.475+0000] {processor.py:829} INFO - Processing file /opt/airflow/dags/dbt_dag.py for tasks to queue
[2025-11-15T01:56:08.477+0000] {logging_mixin.py:151} INFO - [2025-11-15T01:56:08.476+0000] {dagbag.py:539} INFO - Filling up the DagBag from /opt/airflow/dags/dbt_dag.py
[2025-11-15T01:56:08.525+0000] {processor.py:839} INFO - DAG(s) dict_keys(['dbt_transform']) retrieved from /opt/airflow/dags/dbt_dag.py
[2025-11-15T01:56:08.688+0000] {logging_mixin.py:151} INFO - [2025-11-15T01:56:08.688+0000] {security.py:708} INFO - Not syncing DAG-level permissions for DAG 'DAG:dbt_transform' as access control is unset.
[2025-11-15T01:56:08.689+0000] {logging_mixin.py:151} INFO - [2025-11-15T01:56:08.689+0000] {dag.py:2915} INFO - Sync 1 DAGs
[2025-11-15T01:56:08.708+0000] {logging_mixin.py:151} INFO - [2025-11-15T01:56:08.708+0000] {dag.py:3696} INFO - Setting next_dagrun for dbt_transform to 2025-11-15T01:40:35.634758+00:00, run_after=2025-11-16T01:40:35.634758+00:00
[2025-11-15T01:56:08.735+0000] {processor.py:179} INFO - Processing /opt/airflow/dags/dbt_dag.py took 0.264 seconds
[2025-11-15T01:56:08.772+0000] {processor.py:157} INFO - Started process (PID=237) to work on /opt/airflow/dags/dbt_dag.py
[2025-11-15T01:56:08.773+0000] {processor.py:829} INFO - Processing file /opt/airflow/dags/dbt_dag.py for tasks to queue
[2025-11-15T01:56:08.774+0000] {logging_mixin.py:151} INFO - [2025-11-15T01:56:08.773+0000] {dagbag.py:539} INFO - Filling up the DagBag from /opt/airflow/dags/dbt_dag.py
[2025-11-15T01:56:08.799+0000] {processor.py:839} INFO - DAG(s) dict_keys(['dbt_transform']) retrieved from /opt/airflow/dags/dbt_dag.py
[2025-11-15T01:56:08.811+0000] {logging_mixin.py:151} INFO - [2025-11-15T01:56:08.810+0000] {dag.py:2915} INFO - Sync 1 DAGs
[2025-11-15T01:56:08.830+0000] {logging_mixin.py:151} INFO - [2025-11-15T01:56:08.830+0000] {dag.py:3696} INFO - Setting next_dagrun for dbt_transform to 2025-11-15T01:40:35.634758+00:00, run_after=2025-11-16T01:40:35.634758+00:00
[2025-11-15T01:56:08.850+0000] {processor.py:179} INFO - Processing /opt/airflow/dags/dbt_dag.py took 0.081 seconds
[2025-11-15T01:56:08.896+0000] {processor.py:157} INFO - Started process (PID=242) to work on /opt/airflow/dags/dbt_dag.py
[2025-11-15T01:56:08.897+0000] {processor.py:829} INFO - Processing file /opt/airflow/dags/dbt_dag.py for tasks to queue
[2025-11-15T01:56:08.898+0000] {logging_mixin.py:151} INFO - [2025-11-15T01:56:08.898+0000] {dagbag.py:539} INFO - Filling up the DagBag from /opt/airflow/dags/dbt_dag.py
[2025-11-15T01:56:08.926+0000] {processor.py:839} INFO - DAG(s) dict_keys(['dbt_transform']) retrieved from /opt/airflow/dags/dbt_dag.py
[2025-11-15T01:56:08.938+0000] {logging_mixin.py:151} INFO - [2025-11-15T01:56:08.938+0000] {dag.py:2915} INFO - Sync 1 DAGs
[2025-11-15T01:56:08.957+0000] {logging_mixin.py:151} INFO - [2025-11-15T01:56:08.957+0000] {dag.py:3696} INFO - Setting next_dagrun for dbt_transform to 2025-11-15T01:40:35.634758+00:00, run_after=2025-11-16T01:40:35.634758+00:00
[2025-11-15T01:56:08.976+0000] {processor.py:179} INFO - Processing /opt/airflow/dags/dbt_dag.py took 0.083 seconds
[2025-11-15T01:56:09.023+0000] {processor.py:157} INFO - Started process (PID=247) to work on /opt/airflow/dags/dbt_dag.py
[2025-11-15T01:56:09.024+0000] {processor.py:829} INFO - Processing file /opt/airflow/dags/dbt_dag.py for tasks to queue
[2025-11-15T01:56:09.025+0000] {logging_mixin.py:151} INFO - [2025-11-15T01:56:09.025+0000] {dagbag.py:539} INFO - Filling up the DagBag from /opt/airflow/dags/dbt_dag.py
[2025-11-15T01:56:09.049+0000] {processor.py:839} INFO - DAG(s) dict_keys(['dbt_transform']) retrieved from /opt/airflow/dags/dbt_dag.py
[2025-11-15T01:56:09.060+0000] {logging_mixin.py:151} INFO - [2025-11-15T01:56:09.060+0000] {dag.py:2915} INFO - Sync 1 DAGs
[2025-11-15T01:56:09.080+0000] {logging_mixin.py:151} INFO - [2025-11-15T01:56:09.080+0000] {dag.py:3696} INFO - Setting next_dagrun for dbt_transform to 2025-11-15T01:40:35.634758+00:00, run_after=2025-11-16T01:40:35.634758+00:00
[2025-11-15T01:56:09.100+0000] {processor.py:179} INFO - Processing /opt/airflow/dags/dbt_dag.py took 0.079 seconds
[2025-11-15T01:56:09.145+0000] {processor.py:157} INFO - Started process (PID=252) to work on /opt/airflow/dags/dbt_dag.py
[2025-11-15T01:56:09.146+0000] {processor.py:829} INFO - Processing file /opt/airflow/dags/dbt_dag.py for tasks to queue
[2025-11-15T01:56:09.147+0000] {logging_mixin.py:151} INFO - [2025-11-15T01:56:09.147+0000] {dagbag.py:539} INFO - Filling up the DagBag from /opt/airflow/dags/dbt_dag.py
[2025-11-15T01:56:09.173+0000] {processor.py:839} INFO - DAG(s) dict_keys(['dbt_transform']) retrieved from /opt/airflow/dags/dbt_dag.py
[2025-11-15T01:56:09.186+0000] {logging_mixin.py:151} INFO - [2025-11-15T01:56:09.185+0000] {dag.py:2915} INFO - Sync 1 DAGs
[2025-11-15T01:56:09.205+0000] {logging_mixin.py:151} INFO - [2025-11-15T01:56:09.205+0000] {dag.py:3696} INFO - Setting next_dagrun for dbt_transform to 2025-11-15T01:40:35.634758+00:00, run_after=2025-11-16T01:40:35.634758+00:00
[2025-11-15T01:56:09.224+0000] {processor.py:179} INFO - Processing /opt/airflow/dags/dbt_dag.py took 0.082 seconds
[2025-11-15T01:56:23.413+0000] {processor.py:157} INFO - Started process (PID=257) to work on /opt/airflow/dags/dbt_dag.py
[2025-11-15T01:56:23.414+0000] {processor.py:829} INFO - Processing file /opt/airflow/dags/dbt_dag.py for tasks to queue
[2025-11-15T01:56:23.415+0000] {logging_mixin.py:151} INFO - [2025-11-15T01:56:23.415+0000] {dagbag.py:539} INFO - Filling up the DagBag from /opt/airflow/dags/dbt_dag.py
[2025-11-15T01:56:23.455+0000] {processor.py:839} INFO - DAG(s) dict_keys(['dbt_transform']) retrieved from /opt/airflow/dags/dbt_dag.py
[2025-11-15T01:56:23.469+0000] {logging_mixin.py:151} INFO - [2025-11-15T01:56:23.469+0000] {dag.py:2915} INFO - Sync 1 DAGs
[2025-11-15T01:56:23.497+0000] {logging_mixin.py:151} INFO - [2025-11-15T01:56:23.497+0000] {dag.py:3696} INFO - Setting next_dagrun for dbt_transform to 2025-11-15T01:40:35.634758+00:00, run_after=2025-11-16T01:40:35.634758+00:00
[2025-11-15T01:56:23.519+0000] {processor.py:179} INFO - Processing /opt/airflow/dags/dbt_dag.py took 0.109 seconds
[2025-11-15T01:56:27.606+0000] {processor.py:157} INFO - Started process (PID=262) to work on /opt/airflow/dags/dbt_dag.py
[2025-11-15T01:56:27.607+0000] {processor.py:829} INFO - Processing file /opt/airflow/dags/dbt_dag.py for tasks to queue
[2025-11-15T01:56:27.608+0000] {logging_mixin.py:151} INFO - [2025-11-15T01:56:27.607+0000] {dagbag.py:539} INFO - Filling up the DagBag from /opt/airflow/dags/dbt_dag.py
[2025-11-15T01:56:27.646+0000] {processor.py:839} INFO - DAG(s) dict_keys(['dbt_transform']) retrieved from /opt/airflow/dags/dbt_dag.py
[2025-11-15T01:56:27.660+0000] {logging_mixin.py:151} INFO - [2025-11-15T01:56:27.660+0000] {dag.py:2915} INFO - Sync 1 DAGs
[2025-11-15T01:56:27.682+0000] {logging_mixin.py:151} INFO - [2025-11-15T01:56:27.682+0000] {dag.py:3696} INFO - Setting next_dagrun for dbt_transform to 2025-11-15T01:40:35.634758+00:00, run_after=2025-11-16T01:40:35.634758+00:00
[2025-11-15T01:56:27.704+0000] {processor.py:179} INFO - Processing /opt/airflow/dags/dbt_dag.py took 0.103 seconds
[2025-11-15T01:56:57.768+0000] {processor.py:157} INFO - Started process (PID=267) to work on /opt/airflow/dags/dbt_dag.py
[2025-11-15T01:56:57.769+0000] {processor.py:829} INFO - Processing file /opt/airflow/dags/dbt_dag.py for tasks to queue
[2025-11-15T01:56:57.769+0000] {logging_mixin.py:151} INFO - [2025-11-15T01:56:57.769+0000] {dagbag.py:539} INFO - Filling up the DagBag from /opt/airflow/dags/dbt_dag.py
[2025-11-15T01:56:57.789+0000] {processor.py:839} INFO - DAG(s) dict_keys(['dbt_transform']) retrieved from /opt/airflow/dags/dbt_dag.py
[2025-11-15T01:56:57.867+0000] {logging_mixin.py:151} INFO - [2025-11-15T01:56:57.867+0000] {security.py:708} INFO - Not syncing DAG-level permissions for DAG 'DAG:dbt_transform' as access control is unset.
[2025-11-15T01:56:57.868+0000] {logging_mixin.py:151} INFO - [2025-11-15T01:56:57.868+0000] {dag.py:2915} INFO - Sync 1 DAGs
[2025-11-15T01:56:57.884+0000] {logging_mixin.py:151} INFO - [2025-11-15T01:56:57.884+0000] {dag.py:3696} INFO - Setting next_dagrun for dbt_transform to 2025-11-15T01:40:35.634758+00:00, run_after=2025-11-16T01:40:35.634758+00:00
[2025-11-15T01:56:57.904+0000] {processor.py:179} INFO - Processing /opt/airflow/dags/dbt_dag.py took 0.139 seconds
[2025-11-15T01:57:14.569+0000] {processor.py:157} INFO - Started process (PID=272) to work on /opt/airflow/dags/dbt_dag.py
[2025-11-15T01:57:14.571+0000] {processor.py:829} INFO - Processing file /opt/airflow/dags/dbt_dag.py for tasks to queue
[2025-11-15T01:57:14.571+0000] {logging_mixin.py:151} INFO - [2025-11-15T01:57:14.571+0000] {dagbag.py:539} INFO - Filling up the DagBag from /opt/airflow/dags/dbt_dag.py
[2025-11-15T01:57:14.610+0000] {processor.py:839} INFO - DAG(s) dict_keys(['dbt_transform']) retrieved from /opt/airflow/dags/dbt_dag.py
[2025-11-15T01:57:14.622+0000] {logging_mixin.py:151} INFO - [2025-11-15T01:57:14.622+0000] {dag.py:2915} INFO - Sync 1 DAGs
[2025-11-15T01:57:14.642+0000] {logging_mixin.py:151} INFO - [2025-11-15T01:57:14.641+0000] {dag.py:3696} INFO - Setting next_dagrun for dbt_transform to 2025-11-15T01:40:35.634758+00:00, run_after=2025-11-16T01:40:35.634758+00:00
[2025-11-15T01:57:14.665+0000] {processor.py:179} INFO - Processing /opt/airflow/dags/dbt_dag.py took 0.098 seconds
[2025-11-15T01:57:14.712+0000] {processor.py:157} INFO - Started process (PID=277) to work on /opt/airflow/dags/dbt_dag.py
[2025-11-15T01:57:14.713+0000] {processor.py:829} INFO - Processing file /opt/airflow/dags/dbt_dag.py for tasks to queue
[2025-11-15T01:57:14.714+0000] {logging_mixin.py:151} INFO - [2025-11-15T01:57:14.714+0000] {dagbag.py:539} INFO - Filling up the DagBag from /opt/airflow/dags/dbt_dag.py
[2025-11-15T01:57:14.740+0000] {processor.py:839} INFO - DAG(s) dict_keys(['dbt_transform']) retrieved from /opt/airflow/dags/dbt_dag.py
[2025-11-15T01:57:14.750+0000] {logging_mixin.py:151} INFO - [2025-11-15T01:57:14.750+0000] {dag.py:2915} INFO - Sync 1 DAGs
[2025-11-15T01:57:14.770+0000] {logging_mixin.py:151} INFO - [2025-11-15T01:57:14.769+0000] {dag.py:3696} INFO - Setting next_dagrun for dbt_transform to 2025-11-15T01:40:35.634758+00:00, run_after=2025-11-16T01:40:35.634758+00:00
[2025-11-15T01:57:14.791+0000] {processor.py:179} INFO - Processing /opt/airflow/dags/dbt_dag.py took 0.082 seconds
[2025-11-15T01:57:26.036+0000] {processor.py:157} INFO - Started process (PID=282) to work on /opt/airflow/dags/dbt_dag.py
[2025-11-15T01:57:26.037+0000] {processor.py:829} INFO - Processing file /opt/airflow/dags/dbt_dag.py for tasks to queue
[2025-11-15T01:57:26.038+0000] {logging_mixin.py:151} INFO - [2025-11-15T01:57:26.037+0000] {dagbag.py:539} INFO - Filling up the DagBag from /opt/airflow/dags/dbt_dag.py
[2025-11-15T01:57:26.078+0000] {processor.py:839} INFO - DAG(s) dict_keys(['dbt_transform']) retrieved from /opt/airflow/dags/dbt_dag.py
[2025-11-15T01:57:26.091+0000] {logging_mixin.py:151} INFO - [2025-11-15T01:57:26.091+0000] {dag.py:2915} INFO - Sync 1 DAGs
[2025-11-15T01:57:26.112+0000] {logging_mixin.py:151} INFO - [2025-11-15T01:57:26.112+0000] {dag.py:3696} INFO - Setting next_dagrun for dbt_transform to 2025-11-15T01:40:35.634758+00:00, run_after=2025-11-16T01:40:35.634758+00:00
[2025-11-15T01:57:26.136+0000] {processor.py:179} INFO - Processing /opt/airflow/dags/dbt_dag.py took 0.103 seconds
[2025-11-15T01:57:55.221+0000] {processor.py:157} INFO - Started process (PID=171) to work on /opt/airflow/dags/dbt_dag.py
[2025-11-15T01:57:55.222+0000] {processor.py:829} INFO - Processing file /opt/airflow/dags/dbt_dag.py for tasks to queue
[2025-11-15T01:57:55.223+0000] {logging_mixin.py:151} INFO - [2025-11-15T01:57:55.223+0000] {dagbag.py:539} INFO - Filling up the DagBag from /opt/airflow/dags/dbt_dag.py
[2025-11-15T01:57:55.253+0000] {processor.py:839} INFO - DAG(s) dict_keys(['dbt_transform']) retrieved from /opt/airflow/dags/dbt_dag.py
[2025-11-15T01:57:55.275+0000] {logging_mixin.py:151} INFO - [2025-11-15T01:57:55.275+0000] {dag.py:2915} INFO - Sync 1 DAGs
[2025-11-15T01:57:55.305+0000] {logging_mixin.py:151} INFO - [2025-11-15T01:57:55.305+0000] {dag.py:3696} INFO - Setting next_dagrun for dbt_transform to 2025-11-15T01:40:35.634758+00:00, run_after=2025-11-16T01:40:35.634758+00:00
[2025-11-15T01:57:55.473+0000] {processor.py:179} INFO - Processing /opt/airflow/dags/dbt_dag.py took 0.255 seconds
[2025-11-15T01:58:25.912+0000] {processor.py:157} INFO - Started process (PID=187) to work on /opt/airflow/dags/dbt_dag.py
[2025-11-15T01:58:25.913+0000] {processor.py:829} INFO - Processing file /opt/airflow/dags/dbt_dag.py for tasks to queue
[2025-11-15T01:58:25.914+0000] {logging_mixin.py:151} INFO - [2025-11-15T01:58:25.913+0000] {dagbag.py:539} INFO - Filling up the DagBag from /opt/airflow/dags/dbt_dag.py
[2025-11-15T01:58:25.938+0000] {processor.py:839} INFO - DAG(s) dict_keys(['dbt_transform']) retrieved from /opt/airflow/dags/dbt_dag.py
[2025-11-15T01:58:26.099+0000] {logging_mixin.py:151} INFO - [2025-11-15T01:58:26.099+0000] {dag.py:2915} INFO - Sync 1 DAGs
[2025-11-15T01:58:26.115+0000] {logging_mixin.py:151} INFO - [2025-11-15T01:58:26.115+0000] {dag.py:3696} INFO - Setting next_dagrun for dbt_transform to 2025-11-15T01:40:35.634758+00:00, run_after=2025-11-16T01:40:35.634758+00:00
[2025-11-15T01:58:26.133+0000] {processor.py:179} INFO - Processing /opt/airflow/dags/dbt_dag.py took 0.225 seconds
[2025-11-15T01:58:56.789+0000] {processor.py:157} INFO - Started process (PID=192) to work on /opt/airflow/dags/dbt_dag.py
[2025-11-15T01:58:56.790+0000] {processor.py:829} INFO - Processing file /opt/airflow/dags/dbt_dag.py for tasks to queue
[2025-11-15T01:58:56.792+0000] {logging_mixin.py:151} INFO - [2025-11-15T01:58:56.791+0000] {dagbag.py:539} INFO - Filling up the DagBag from /opt/airflow/dags/dbt_dag.py
[2025-11-15T01:58:56.941+0000] {processor.py:839} INFO - DAG(s) dict_keys(['dbt_transform']) retrieved from /opt/airflow/dags/dbt_dag.py
[2025-11-15T01:58:56.964+0000] {logging_mixin.py:151} INFO - [2025-11-15T01:58:56.963+0000] {dag.py:2915} INFO - Sync 1 DAGs
[2025-11-15T01:58:56.978+0000] {logging_mixin.py:151} INFO - [2025-11-15T01:58:56.978+0000] {dag.py:3696} INFO - Setting next_dagrun for dbt_transform to 2025-11-15T01:40:35.634758+00:00, run_after=2025-11-16T01:40:35.634758+00:00
[2025-11-15T01:58:56.996+0000] {processor.py:179} INFO - Processing /opt/airflow/dags/dbt_dag.py took 0.210 seconds
[2025-11-15T01:59:27.960+0000] {processor.py:157} INFO - Started process (PID=197) to work on /opt/airflow/dags/dbt_dag.py
[2025-11-15T01:59:27.961+0000] {processor.py:829} INFO - Processing file /opt/airflow/dags/dbt_dag.py for tasks to queue
[2025-11-15T01:59:27.962+0000] {logging_mixin.py:151} INFO - [2025-11-15T01:59:27.962+0000] {dagbag.py:539} INFO - Filling up the DagBag from /opt/airflow/dags/dbt_dag.py
[2025-11-15T01:59:27.983+0000] {processor.py:839} INFO - DAG(s) dict_keys(['dbt_transform']) retrieved from /opt/airflow/dags/dbt_dag.py
[2025-11-15T01:59:28.010+0000] {logging_mixin.py:151} INFO - [2025-11-15T01:59:28.010+0000] {dag.py:2915} INFO - Sync 1 DAGs
[2025-11-15T01:59:28.031+0000] {logging_mixin.py:151} INFO - [2025-11-15T01:59:28.031+0000] {dag.py:3696} INFO - Setting next_dagrun for dbt_transform to 2025-11-15T01:40:35.634758+00:00, run_after=2025-11-16T01:40:35.634758+00:00
[2025-11-15T01:59:28.052+0000] {processor.py:179} INFO - Processing /opt/airflow/dags/dbt_dag.py took 0.095 seconds
[2025-11-15T01:59:58.837+0000] {processor.py:157} INFO - Started process (PID=202) to work on /opt/airflow/dags/dbt_dag.py
[2025-11-15T01:59:58.838+0000] {processor.py:829} INFO - Processing file /opt/airflow/dags/dbt_dag.py for tasks to queue
[2025-11-15T01:59:58.839+0000] {logging_mixin.py:151} INFO - [2025-11-15T01:59:58.839+0000] {dagbag.py:539} INFO - Filling up the DagBag from /opt/airflow/dags/dbt_dag.py
[2025-11-15T01:59:58.868+0000] {processor.py:839} INFO - DAG(s) dict_keys(['dbt_transform']) retrieved from /opt/airflow/dags/dbt_dag.py
[2025-11-15T01:59:58.898+0000] {logging_mixin.py:151} INFO - [2025-11-15T01:59:58.898+0000] {dag.py:2915} INFO - Sync 1 DAGs
[2025-11-15T01:59:58.918+0000] {logging_mixin.py:151} INFO - [2025-11-15T01:59:58.918+0000] {dag.py:3696} INFO - Setting next_dagrun for dbt_transform to 2025-11-15T01:40:35.634758+00:00, run_after=2025-11-16T01:40:35.634758+00:00
[2025-11-15T01:59:58.938+0000] {processor.py:179} INFO - Processing /opt/airflow/dags/dbt_dag.py took 0.104 seconds
[2025-11-15T02:00:29.604+0000] {processor.py:157} INFO - Started process (PID=207) to work on /opt/airflow/dags/dbt_dag.py
[2025-11-15T02:00:29.605+0000] {processor.py:829} INFO - Processing file /opt/airflow/dags/dbt_dag.py for tasks to queue
[2025-11-15T02:00:29.606+0000] {logging_mixin.py:151} INFO - [2025-11-15T02:00:29.605+0000] {dagbag.py:539} INFO - Filling up the DagBag from /opt/airflow/dags/dbt_dag.py
[2025-11-15T02:00:29.627+0000] {processor.py:839} INFO - DAG(s) dict_keys(['dbt_transform']) retrieved from /opt/airflow/dags/dbt_dag.py
[2025-11-15T02:00:29.656+0000] {logging_mixin.py:151} INFO - [2025-11-15T02:00:29.656+0000] {dag.py:2915} INFO - Sync 1 DAGs
[2025-11-15T02:00:29.677+0000] {logging_mixin.py:151} INFO - [2025-11-15T02:00:29.677+0000] {dag.py:3696} INFO - Setting next_dagrun for dbt_transform to 2025-11-15T01:40:35.634758+00:00, run_after=2025-11-16T01:40:35.634758+00:00
[2025-11-15T02:00:29.699+0000] {processor.py:179} INFO - Processing /opt/airflow/dags/dbt_dag.py took 0.098 seconds
[2025-11-15T02:01:00.192+0000] {processor.py:157} INFO - Started process (PID=236) to work on /opt/airflow/dags/dbt_dag.py
[2025-11-15T02:01:00.193+0000] {processor.py:829} INFO - Processing file /opt/airflow/dags/dbt_dag.py for tasks to queue
[2025-11-15T02:01:00.195+0000] {logging_mixin.py:151} INFO - [2025-11-15T02:01:00.194+0000] {dagbag.py:539} INFO - Filling up the DagBag from /opt/airflow/dags/dbt_dag.py
[2025-11-15T02:01:00.228+0000] {processor.py:839} INFO - DAG(s) dict_keys(['dbt_transform']) retrieved from /opt/airflow/dags/dbt_dag.py
[2025-11-15T02:01:00.261+0000] {logging_mixin.py:151} INFO - [2025-11-15T02:01:00.261+0000] {dag.py:2915} INFO - Sync 1 DAGs
[2025-11-15T02:01:00.284+0000] {logging_mixin.py:151} INFO - [2025-11-15T02:01:00.284+0000] {dag.py:3696} INFO - Setting next_dagrun for dbt_transform to 2025-11-15T01:40:35.634758+00:00, run_after=2025-11-16T01:40:35.634758+00:00
[2025-11-15T02:01:00.303+0000] {processor.py:179} INFO - Processing /opt/airflow/dags/dbt_dag.py took 0.114 seconds
[2025-11-15T02:01:30.740+0000] {processor.py:157} INFO - Started process (PID=268) to work on /opt/airflow/dags/dbt_dag.py
[2025-11-15T02:01:30.741+0000] {processor.py:829} INFO - Processing file /opt/airflow/dags/dbt_dag.py for tasks to queue
[2025-11-15T02:01:30.742+0000] {logging_mixin.py:151} INFO - [2025-11-15T02:01:30.741+0000] {dagbag.py:539} INFO - Filling up the DagBag from /opt/airflow/dags/dbt_dag.py
[2025-11-15T02:01:30.765+0000] {processor.py:839} INFO - DAG(s) dict_keys(['dbt_transform']) retrieved from /opt/airflow/dags/dbt_dag.py
[2025-11-15T02:01:30.798+0000] {logging_mixin.py:151} INFO - [2025-11-15T02:01:30.797+0000] {dag.py:2915} INFO - Sync 1 DAGs
[2025-11-15T02:01:30.817+0000] {logging_mixin.py:151} INFO - [2025-11-15T02:01:30.817+0000] {dag.py:3696} INFO - Setting next_dagrun for dbt_transform to 2025-11-15T01:40:35.634758+00:00, run_after=2025-11-16T01:40:35.634758+00:00
[2025-11-15T02:01:30.834+0000] {processor.py:179} INFO - Processing /opt/airflow/dags/dbt_dag.py took 0.098 seconds
[2025-11-15T02:02:01.406+0000] {processor.py:157} INFO - Started process (PID=273) to work on /opt/airflow/dags/dbt_dag.py
[2025-11-15T02:02:01.407+0000] {processor.py:829} INFO - Processing file /opt/airflow/dags/dbt_dag.py for tasks to queue
[2025-11-15T02:02:01.408+0000] {logging_mixin.py:151} INFO - [2025-11-15T02:02:01.408+0000] {dagbag.py:539} INFO - Filling up the DagBag from /opt/airflow/dags/dbt_dag.py
[2025-11-15T02:02:01.437+0000] {processor.py:839} INFO - DAG(s) dict_keys(['dbt_transform']) retrieved from /opt/airflow/dags/dbt_dag.py
[2025-11-15T02:02:01.462+0000] {logging_mixin.py:151} INFO - [2025-11-15T02:02:01.462+0000] {dag.py:2915} INFO - Sync 1 DAGs
[2025-11-15T02:02:01.481+0000] {logging_mixin.py:151} INFO - [2025-11-15T02:02:01.480+0000] {dag.py:3696} INFO - Setting next_dagrun for dbt_transform to 2025-11-15T01:40:35.634758+00:00, run_after=2025-11-16T01:40:35.634758+00:00
[2025-11-15T02:02:01.500+0000] {processor.py:179} INFO - Processing /opt/airflow/dags/dbt_dag.py took 0.096 seconds
[2025-11-15T02:02:32.203+0000] {processor.py:157} INFO - Started process (PID=278) to work on /opt/airflow/dags/dbt_dag.py
[2025-11-15T02:02:32.204+0000] {processor.py:829} INFO - Processing file /opt/airflow/dags/dbt_dag.py for tasks to queue
[2025-11-15T02:02:32.205+0000] {logging_mixin.py:151} INFO - [2025-11-15T02:02:32.205+0000] {dagbag.py:539} INFO - Filling up the DagBag from /opt/airflow/dags/dbt_dag.py
[2025-11-15T02:02:32.231+0000] {processor.py:839} INFO - DAG(s) dict_keys(['dbt_transform']) retrieved from /opt/airflow/dags/dbt_dag.py
[2025-11-15T02:02:32.266+0000] {logging_mixin.py:151} INFO - [2025-11-15T02:02:32.266+0000] {dag.py:2915} INFO - Sync 1 DAGs
[2025-11-15T02:02:32.289+0000] {logging_mixin.py:151} INFO - [2025-11-15T02:02:32.288+0000] {dag.py:3696} INFO - Setting next_dagrun for dbt_transform to 2025-11-15T01:40:35.634758+00:00, run_after=2025-11-16T01:40:35.634758+00:00
[2025-11-15T02:02:32.313+0000] {processor.py:179} INFO - Processing /opt/airflow/dags/dbt_dag.py took 0.113 seconds
[2025-11-15T07:33:07.499+0000] {processor.py:157} INFO - Started process (PID=172) to work on /opt/airflow/dags/dbt_dag.py
[2025-11-15T07:33:07.500+0000] {processor.py:829} INFO - Processing file /opt/airflow/dags/dbt_dag.py for tasks to queue
[2025-11-15T07:33:07.501+0000] {logging_mixin.py:151} INFO - [2025-11-15T07:33:07.501+0000] {dagbag.py:539} INFO - Filling up the DagBag from /opt/airflow/dags/dbt_dag.py
[2025-11-15T07:33:07.527+0000] {processor.py:839} INFO - DAG(s) dict_keys(['dbt_transform']) retrieved from /opt/airflow/dags/dbt_dag.py
[2025-11-15T07:33:07.548+0000] {logging_mixin.py:151} INFO - [2025-11-15T07:33:07.548+0000] {dag.py:2915} INFO - Sync 1 DAGs
[2025-11-15T07:33:07.565+0000] {logging_mixin.py:151} INFO - [2025-11-15T07:33:07.565+0000] {dag.py:3696} INFO - Setting next_dagrun for dbt_transform to 2025-11-15T01:40:35.634758+00:00, run_after=2025-11-16T01:40:35.634758+00:00
[2025-11-15T07:33:07.684+0000] {processor.py:179} INFO - Processing /opt/airflow/dags/dbt_dag.py took 0.187 seconds
[2025-11-15T07:33:38.037+0000] {processor.py:157} INFO - Started process (PID=177) to work on /opt/airflow/dags/dbt_dag.py
[2025-11-15T07:33:38.039+0000] {processor.py:829} INFO - Processing file /opt/airflow/dags/dbt_dag.py for tasks to queue
[2025-11-15T07:33:38.040+0000] {logging_mixin.py:151} INFO - [2025-11-15T07:33:38.039+0000] {dagbag.py:539} INFO - Filling up the DagBag from /opt/airflow/dags/dbt_dag.py
[2025-11-15T07:33:38.062+0000] {processor.py:839} INFO - DAG(s) dict_keys(['dbt_transform']) retrieved from /opt/airflow/dags/dbt_dag.py
[2025-11-15T07:33:38.218+0000] {logging_mixin.py:151} INFO - [2025-11-15T07:33:38.218+0000] {dag.py:2915} INFO - Sync 1 DAGs
[2025-11-15T07:33:38.234+0000] {logging_mixin.py:151} INFO - [2025-11-15T07:33:38.233+0000] {dag.py:3696} INFO - Setting next_dagrun for dbt_transform to 2025-11-15T01:40:35.634758+00:00, run_after=2025-11-16T01:40:35.634758+00:00
[2025-11-15T07:33:38.249+0000] {processor.py:179} INFO - Processing /opt/airflow/dags/dbt_dag.py took 0.215 seconds
[2025-11-15T07:34:08.605+0000] {processor.py:157} INFO - Started process (PID=182) to work on /opt/airflow/dags/dbt_dag.py
[2025-11-15T07:34:08.605+0000] {processor.py:829} INFO - Processing file /opt/airflow/dags/dbt_dag.py for tasks to queue
[2025-11-15T07:34:08.606+0000] {logging_mixin.py:151} INFO - [2025-11-15T07:34:08.606+0000] {dagbag.py:539} INFO - Filling up the DagBag from /opt/airflow/dags/dbt_dag.py
[2025-11-15T07:34:08.626+0000] {processor.py:839} INFO - DAG(s) dict_keys(['dbt_transform']) retrieved from /opt/airflow/dags/dbt_dag.py
[2025-11-15T07:34:08.756+0000] {logging_mixin.py:151} INFO - [2025-11-15T07:34:08.756+0000] {dag.py:2915} INFO - Sync 1 DAGs
[2025-11-15T07:34:08.771+0000] {logging_mixin.py:151} INFO - [2025-11-15T07:34:08.771+0000] {dag.py:3696} INFO - Setting next_dagrun for dbt_transform to 2025-11-15T01:40:35.634758+00:00, run_after=2025-11-16T01:40:35.634758+00:00
[2025-11-15T07:34:08.786+0000] {processor.py:179} INFO - Processing /opt/airflow/dags/dbt_dag.py took 0.184 seconds
[2025-11-15T07:34:39.016+0000] {processor.py:157} INFO - Started process (PID=187) to work on /opt/airflow/dags/dbt_dag.py
[2025-11-15T07:34:39.017+0000] {processor.py:829} INFO - Processing file /opt/airflow/dags/dbt_dag.py for tasks to queue
[2025-11-15T07:34:39.018+0000] {logging_mixin.py:151} INFO - [2025-11-15T07:34:39.018+0000] {dagbag.py:539} INFO - Filling up the DagBag from /opt/airflow/dags/dbt_dag.py
[2025-11-15T07:34:39.042+0000] {processor.py:839} INFO - DAG(s) dict_keys(['dbt_transform']) retrieved from /opt/airflow/dags/dbt_dag.py
[2025-11-15T07:34:39.065+0000] {logging_mixin.py:151} INFO - [2025-11-15T07:34:39.065+0000] {dag.py:2915} INFO - Sync 1 DAGs
[2025-11-15T07:34:39.081+0000] {logging_mixin.py:151} INFO - [2025-11-15T07:34:39.081+0000] {dag.py:3696} INFO - Setting next_dagrun for dbt_transform to 2025-11-15T01:40:35.634758+00:00, run_after=2025-11-16T01:40:35.634758+00:00
[2025-11-15T07:34:39.101+0000] {processor.py:179} INFO - Processing /opt/airflow/dags/dbt_dag.py took 0.087 seconds
[2025-11-15T07:35:09.329+0000] {processor.py:157} INFO - Started process (PID=192) to work on /opt/airflow/dags/dbt_dag.py
[2025-11-15T07:35:09.329+0000] {processor.py:829} INFO - Processing file /opt/airflow/dags/dbt_dag.py for tasks to queue
[2025-11-15T07:35:09.331+0000] {logging_mixin.py:151} INFO - [2025-11-15T07:35:09.330+0000] {dagbag.py:539} INFO - Filling up the DagBag from /opt/airflow/dags/dbt_dag.py
[2025-11-15T07:35:09.358+0000] {processor.py:839} INFO - DAG(s) dict_keys(['dbt_transform']) retrieved from /opt/airflow/dags/dbt_dag.py
[2025-11-15T07:35:09.388+0000] {logging_mixin.py:151} INFO - [2025-11-15T07:35:09.388+0000] {dag.py:2915} INFO - Sync 1 DAGs
[2025-11-15T07:35:09.409+0000] {logging_mixin.py:151} INFO - [2025-11-15T07:35:09.409+0000] {dag.py:3696} INFO - Setting next_dagrun for dbt_transform to 2025-11-15T01:40:35.634758+00:00, run_after=2025-11-16T01:40:35.634758+00:00
[2025-11-15T07:35:09.427+0000] {processor.py:179} INFO - Processing /opt/airflow/dags/dbt_dag.py took 0.102 seconds
[2025-11-15T07:35:39.652+0000] {processor.py:157} INFO - Started process (PID=197) to work on /opt/airflow/dags/dbt_dag.py
[2025-11-15T07:35:39.653+0000] {processor.py:829} INFO - Processing file /opt/airflow/dags/dbt_dag.py for tasks to queue
[2025-11-15T07:35:39.654+0000] {logging_mixin.py:151} INFO - [2025-11-15T07:35:39.654+0000] {dagbag.py:539} INFO - Filling up the DagBag from /opt/airflow/dags/dbt_dag.py
[2025-11-15T07:35:39.680+0000] {processor.py:839} INFO - DAG(s) dict_keys(['dbt_transform']) retrieved from /opt/airflow/dags/dbt_dag.py
[2025-11-15T07:35:39.708+0000] {logging_mixin.py:151} INFO - [2025-11-15T07:35:39.708+0000] {dag.py:2915} INFO - Sync 1 DAGs
[2025-11-15T07:35:39.728+0000] {logging_mixin.py:151} INFO - [2025-11-15T07:35:39.728+0000] {dag.py:3696} INFO - Setting next_dagrun for dbt_transform to 2025-11-15T01:40:35.634758+00:00, run_after=2025-11-16T01:40:35.634758+00:00
[2025-11-15T07:35:39.751+0000] {processor.py:179} INFO - Processing /opt/airflow/dags/dbt_dag.py took 0.102 seconds
[2025-11-15T07:36:09.955+0000] {processor.py:157} INFO - Started process (PID=202) to work on /opt/airflow/dags/dbt_dag.py
[2025-11-15T07:36:09.955+0000] {processor.py:829} INFO - Processing file /opt/airflow/dags/dbt_dag.py for tasks to queue
[2025-11-15T07:36:09.956+0000] {logging_mixin.py:151} INFO - [2025-11-15T07:36:09.956+0000] {dagbag.py:539} INFO - Filling up the DagBag from /opt/airflow/dags/dbt_dag.py
[2025-11-15T07:36:09.976+0000] {processor.py:839} INFO - DAG(s) dict_keys(['dbt_transform']) retrieved from /opt/airflow/dags/dbt_dag.py
[2025-11-15T07:36:10.007+0000] {logging_mixin.py:151} INFO - [2025-11-15T07:36:10.007+0000] {dag.py:2915} INFO - Sync 1 DAGs
[2025-11-15T07:36:10.027+0000] {logging_mixin.py:151} INFO - [2025-11-15T07:36:10.026+0000] {dag.py:3696} INFO - Setting next_dagrun for dbt_transform to 2025-11-15T01:40:35.634758+00:00, run_after=2025-11-16T01:40:35.634758+00:00
[2025-11-15T07:36:10.043+0000] {processor.py:179} INFO - Processing /opt/airflow/dags/dbt_dag.py took 0.092 seconds
[2025-11-15T07:36:40.794+0000] {processor.py:157} INFO - Started process (PID=207) to work on /opt/airflow/dags/dbt_dag.py
[2025-11-15T07:36:40.795+0000] {processor.py:829} INFO - Processing file /opt/airflow/dags/dbt_dag.py for tasks to queue
[2025-11-15T07:36:40.795+0000] {logging_mixin.py:151} INFO - [2025-11-15T07:36:40.795+0000] {dagbag.py:539} INFO - Filling up the DagBag from /opt/airflow/dags/dbt_dag.py
[2025-11-15T07:36:40.813+0000] {processor.py:839} INFO - DAG(s) dict_keys(['dbt_transform']) retrieved from /opt/airflow/dags/dbt_dag.py
[2025-11-15T07:36:40.835+0000] {logging_mixin.py:151} INFO - [2025-11-15T07:36:40.835+0000] {dag.py:2915} INFO - Sync 1 DAGs
[2025-11-15T07:36:40.851+0000] {logging_mixin.py:151} INFO - [2025-11-15T07:36:40.851+0000] {dag.py:3696} INFO - Setting next_dagrun for dbt_transform to 2025-11-15T01:40:35.634758+00:00, run_after=2025-11-16T01:40:35.634758+00:00
[2025-11-15T07:36:40.870+0000] {processor.py:179} INFO - Processing /opt/airflow/dags/dbt_dag.py took 0.080 seconds
[2025-11-15T07:37:11.559+0000] {processor.py:157} INFO - Started process (PID=212) to work on /opt/airflow/dags/dbt_dag.py
[2025-11-15T07:37:11.560+0000] {processor.py:829} INFO - Processing file /opt/airflow/dags/dbt_dag.py for tasks to queue
[2025-11-15T07:37:11.561+0000] {logging_mixin.py:151} INFO - [2025-11-15T07:37:11.561+0000] {dagbag.py:539} INFO - Filling up the DagBag from /opt/airflow/dags/dbt_dag.py
[2025-11-15T07:37:11.582+0000] {processor.py:839} INFO - DAG(s) dict_keys(['dbt_transform']) retrieved from /opt/airflow/dags/dbt_dag.py
[2025-11-15T07:37:11.608+0000] {logging_mixin.py:151} INFO - [2025-11-15T07:37:11.608+0000] {dag.py:2915} INFO - Sync 1 DAGs
[2025-11-15T07:37:11.624+0000] {logging_mixin.py:151} INFO - [2025-11-15T07:37:11.624+0000] {dag.py:3696} INFO - Setting next_dagrun for dbt_transform to 2025-11-15T01:40:35.634758+00:00, run_after=2025-11-16T01:40:35.634758+00:00
[2025-11-15T07:37:11.641+0000] {processor.py:179} INFO - Processing /opt/airflow/dags/dbt_dag.py took 0.085 seconds
[2025-11-15T07:37:50.952+0000] {processor.py:157} INFO - Started process (PID=172) to work on /opt/airflow/dags/dbt_dag.py
[2025-11-15T07:37:50.952+0000] {processor.py:829} INFO - Processing file /opt/airflow/dags/dbt_dag.py for tasks to queue
[2025-11-15T07:37:50.953+0000] {logging_mixin.py:151} INFO - [2025-11-15T07:37:50.953+0000] {dagbag.py:539} INFO - Filling up the DagBag from /opt/airflow/dags/dbt_dag.py
[2025-11-15T07:37:50.981+0000] {processor.py:839} INFO - DAG(s) dict_keys(['dbt_transform']) retrieved from /opt/airflow/dags/dbt_dag.py
[2025-11-15T07:37:51.000+0000] {logging_mixin.py:151} INFO - [2025-11-15T07:37:51.000+0000] {dag.py:2915} INFO - Sync 1 DAGs
[2025-11-15T07:37:51.018+0000] {logging_mixin.py:151} INFO - [2025-11-15T07:37:51.018+0000] {dag.py:3696} INFO - Setting next_dagrun for dbt_transform to 2025-11-15T01:40:35.634758+00:00, run_after=2025-11-16T01:40:35.634758+00:00
[2025-11-15T07:37:51.144+0000] {processor.py:179} INFO - Processing /opt/airflow/dags/dbt_dag.py took 0.195 seconds
[2025-11-15T07:38:52.891+0000] {processor.py:157} INFO - Started process (PID=172) to work on /opt/airflow/dags/dbt_dag.py
[2025-11-15T07:38:52.892+0000] {processor.py:829} INFO - Processing file /opt/airflow/dags/dbt_dag.py for tasks to queue
[2025-11-15T07:38:52.893+0000] {logging_mixin.py:151} INFO - [2025-11-15T07:38:52.893+0000] {dagbag.py:539} INFO - Filling up the DagBag from /opt/airflow/dags/dbt_dag.py
[2025-11-15T07:38:52.914+0000] {processor.py:839} INFO - DAG(s) dict_keys(['dbt_transform']) retrieved from /opt/airflow/dags/dbt_dag.py
[2025-11-15T07:38:52.937+0000] {logging_mixin.py:151} INFO - [2025-11-15T07:38:52.937+0000] {dag.py:2915} INFO - Sync 1 DAGs
[2025-11-15T07:38:52.958+0000] {logging_mixin.py:151} INFO - [2025-11-15T07:38:52.957+0000] {dag.py:3696} INFO - Setting next_dagrun for dbt_transform to 2025-11-15T01:40:35.634758+00:00, run_after=2025-11-16T01:40:35.634758+00:00
[2025-11-15T07:38:52.978+0000] {processor.py:179} INFO - Processing /opt/airflow/dags/dbt_dag.py took 0.090 seconds
[2025-11-15T07:39:23.122+0000] {processor.py:157} INFO - Started process (PID=177) to work on /opt/airflow/dags/dbt_dag.py
[2025-11-15T07:39:23.123+0000] {processor.py:829} INFO - Processing file /opt/airflow/dags/dbt_dag.py for tasks to queue
[2025-11-15T07:39:23.124+0000] {logging_mixin.py:151} INFO - [2025-11-15T07:39:23.124+0000] {dagbag.py:539} INFO - Filling up the DagBag from /opt/airflow/dags/dbt_dag.py
[2025-11-15T07:39:23.149+0000] {processor.py:839} INFO - DAG(s) dict_keys(['dbt_transform']) retrieved from /opt/airflow/dags/dbt_dag.py
[2025-11-15T07:39:23.182+0000] {logging_mixin.py:151} INFO - [2025-11-15T07:39:23.182+0000] {dag.py:2915} INFO - Sync 1 DAGs
[2025-11-15T07:39:23.199+0000] {logging_mixin.py:151} INFO - [2025-11-15T07:39:23.198+0000] {dag.py:3696} INFO - Setting next_dagrun for dbt_transform to 2025-11-15T01:40:35.634758+00:00, run_after=2025-11-16T01:40:35.634758+00:00
[2025-11-15T07:39:23.220+0000] {processor.py:179} INFO - Processing /opt/airflow/dags/dbt_dag.py took 0.101 seconds
[2025-11-15T07:39:53.332+0000] {processor.py:157} INFO - Started process (PID=182) to work on /opt/airflow/dags/dbt_dag.py
[2025-11-15T07:39:53.333+0000] {processor.py:829} INFO - Processing file /opt/airflow/dags/dbt_dag.py for tasks to queue
[2025-11-15T07:39:53.334+0000] {logging_mixin.py:151} INFO - [2025-11-15T07:39:53.334+0000] {dagbag.py:539} INFO - Filling up the DagBag from /opt/airflow/dags/dbt_dag.py
[2025-11-15T07:39:53.356+0000] {processor.py:839} INFO - DAG(s) dict_keys(['dbt_transform']) retrieved from /opt/airflow/dags/dbt_dag.py
[2025-11-15T07:39:53.382+0000] {logging_mixin.py:151} INFO - [2025-11-15T07:39:53.382+0000] {dag.py:2915} INFO - Sync 1 DAGs
[2025-11-15T07:39:53.403+0000] {logging_mixin.py:151} INFO - [2025-11-15T07:39:53.403+0000] {dag.py:3696} INFO - Setting next_dagrun for dbt_transform to 2025-11-15T01:40:35.634758+00:00, run_after=2025-11-16T01:40:35.634758+00:00
[2025-11-15T07:39:53.531+0000] {processor.py:179} INFO - Processing /opt/airflow/dags/dbt_dag.py took 0.202 seconds
[2025-11-15T07:40:23.641+0000] {processor.py:157} INFO - Started process (PID=187) to work on /opt/airflow/dags/dbt_dag.py
[2025-11-15T07:40:23.642+0000] {processor.py:829} INFO - Processing file /opt/airflow/dags/dbt_dag.py for tasks to queue
[2025-11-15T07:40:23.643+0000] {logging_mixin.py:151} INFO - [2025-11-15T07:40:23.643+0000] {dagbag.py:539} INFO - Filling up the DagBag from /opt/airflow/dags/dbt_dag.py
[2025-11-15T07:40:23.666+0000] {processor.py:839} INFO - DAG(s) dict_keys(['dbt_transform']) retrieved from /opt/airflow/dags/dbt_dag.py
[2025-11-15T07:40:23.691+0000] {logging_mixin.py:151} INFO - [2025-11-15T07:40:23.690+0000] {dag.py:2915} INFO - Sync 1 DAGs
[2025-11-15T07:40:23.801+0000] {logging_mixin.py:151} INFO - [2025-11-15T07:40:23.801+0000] {dag.py:3696} INFO - Setting next_dagrun for dbt_transform to 2025-11-15T01:40:35.634758+00:00, run_after=2025-11-16T01:40:35.634758+00:00
[2025-11-15T07:40:23.823+0000] {processor.py:179} INFO - Processing /opt/airflow/dags/dbt_dag.py took 0.185 seconds
[2025-11-15T07:40:53.992+0000] {processor.py:157} INFO - Started process (PID=192) to work on /opt/airflow/dags/dbt_dag.py
[2025-11-15T07:40:53.993+0000] {processor.py:829} INFO - Processing file /opt/airflow/dags/dbt_dag.py for tasks to queue
[2025-11-15T07:40:53.994+0000] {logging_mixin.py:151} INFO - [2025-11-15T07:40:53.994+0000] {dagbag.py:539} INFO - Filling up the DagBag from /opt/airflow/dags/dbt_dag.py
[2025-11-15T07:40:54.015+0000] {processor.py:839} INFO - DAG(s) dict_keys(['dbt_transform']) retrieved from /opt/airflow/dags/dbt_dag.py
[2025-11-15T07:40:54.039+0000] {logging_mixin.py:151} INFO - [2025-11-15T07:40:54.039+0000] {dag.py:2915} INFO - Sync 1 DAGs
[2025-11-15T07:40:54.149+0000] {logging_mixin.py:151} INFO - [2025-11-15T07:40:54.148+0000] {dag.py:3696} INFO - Setting next_dagrun for dbt_transform to 2025-11-15T01:40:35.634758+00:00, run_after=2025-11-16T01:40:35.634758+00:00
[2025-11-15T07:40:54.163+0000] {processor.py:179} INFO - Processing /opt/airflow/dags/dbt_dag.py took 0.175 seconds
[2025-11-15T07:41:24.282+0000] {processor.py:157} INFO - Started process (PID=197) to work on /opt/airflow/dags/dbt_dag.py
[2025-11-15T07:41:24.283+0000] {processor.py:829} INFO - Processing file /opt/airflow/dags/dbt_dag.py for tasks to queue
[2025-11-15T07:41:24.284+0000] {logging_mixin.py:151} INFO - [2025-11-15T07:41:24.283+0000] {dagbag.py:539} INFO - Filling up the DagBag from /opt/airflow/dags/dbt_dag.py
[2025-11-15T07:41:24.307+0000] {processor.py:839} INFO - DAG(s) dict_keys(['dbt_transform']) retrieved from /opt/airflow/dags/dbt_dag.py
[2025-11-15T07:41:24.428+0000] {logging_mixin.py:151} INFO - [2025-11-15T07:41:24.428+0000] {dag.py:2915} INFO - Sync 1 DAGs
[2025-11-15T07:41:24.442+0000] {logging_mixin.py:151} INFO - [2025-11-15T07:41:24.442+0000] {dag.py:3696} INFO - Setting next_dagrun for dbt_transform to 2025-11-15T01:40:35.634758+00:00, run_after=2025-11-16T01:40:35.634758+00:00
[2025-11-15T07:41:24.457+0000] {processor.py:179} INFO - Processing /opt/airflow/dags/dbt_dag.py took 0.178 seconds
[2025-11-15T07:41:54.587+0000] {processor.py:157} INFO - Started process (PID=202) to work on /opt/airflow/dags/dbt_dag.py
[2025-11-15T07:41:54.588+0000] {processor.py:829} INFO - Processing file /opt/airflow/dags/dbt_dag.py for tasks to queue
[2025-11-15T07:41:54.590+0000] {logging_mixin.py:151} INFO - [2025-11-15T07:41:54.589+0000] {dagbag.py:539} INFO - Filling up the DagBag from /opt/airflow/dags/dbt_dag.py
[2025-11-15T07:41:54.719+0000] {processor.py:839} INFO - DAG(s) dict_keys(['dbt_transform']) retrieved from /opt/airflow/dags/dbt_dag.py
[2025-11-15T07:41:54.748+0000] {logging_mixin.py:151} INFO - [2025-11-15T07:41:54.748+0000] {dag.py:2915} INFO - Sync 1 DAGs
[2025-11-15T07:41:54.765+0000] {logging_mixin.py:151} INFO - [2025-11-15T07:41:54.764+0000] {dag.py:3696} INFO - Setting next_dagrun for dbt_transform to 2025-11-15T01:40:35.634758+00:00, run_after=2025-11-16T01:40:35.634758+00:00
[2025-11-15T07:41:54.786+0000] {processor.py:179} INFO - Processing /opt/airflow/dags/dbt_dag.py took 0.202 seconds
[2025-11-15T07:42:24.885+0000] {processor.py:157} INFO - Started process (PID=207) to work on /opt/airflow/dags/dbt_dag.py
[2025-11-15T07:42:24.886+0000] {processor.py:829} INFO - Processing file /opt/airflow/dags/dbt_dag.py for tasks to queue
[2025-11-15T07:42:24.887+0000] {logging_mixin.py:151} INFO - [2025-11-15T07:42:24.887+0000] {dagbag.py:539} INFO - Filling up the DagBag from /opt/airflow/dags/dbt_dag.py
[2025-11-15T07:42:24.911+0000] {processor.py:839} INFO - DAG(s) dict_keys(['dbt_transform']) retrieved from /opt/airflow/dags/dbt_dag.py
[2025-11-15T07:42:24.937+0000] {logging_mixin.py:151} INFO - [2025-11-15T07:42:24.936+0000] {dag.py:2915} INFO - Sync 1 DAGs
[2025-11-15T07:42:24.954+0000] {logging_mixin.py:151} INFO - [2025-11-15T07:42:24.954+0000] {dag.py:3696} INFO - Setting next_dagrun for dbt_transform to 2025-11-15T01:40:35.634758+00:00, run_after=2025-11-16T01:40:35.634758+00:00
[2025-11-15T07:42:24.974+0000] {processor.py:179} INFO - Processing /opt/airflow/dags/dbt_dag.py took 0.092 seconds
[2025-11-15T07:42:55.910+0000] {processor.py:157} INFO - Started process (PID=212) to work on /opt/airflow/dags/dbt_dag.py
[2025-11-15T07:42:55.911+0000] {processor.py:829} INFO - Processing file /opt/airflow/dags/dbt_dag.py for tasks to queue
[2025-11-15T07:42:55.912+0000] {logging_mixin.py:151} INFO - [2025-11-15T07:42:55.912+0000] {dagbag.py:539} INFO - Filling up the DagBag from /opt/airflow/dags/dbt_dag.py
[2025-11-15T07:42:55.932+0000] {processor.py:839} INFO - DAG(s) dict_keys(['dbt_transform']) retrieved from /opt/airflow/dags/dbt_dag.py
[2025-11-15T07:42:55.957+0000] {logging_mixin.py:151} INFO - [2025-11-15T07:42:55.957+0000] {dag.py:2915} INFO - Sync 1 DAGs
[2025-11-15T07:42:55.973+0000] {logging_mixin.py:151} INFO - [2025-11-15T07:42:55.973+0000] {dag.py:3696} INFO - Setting next_dagrun for dbt_transform to 2025-11-15T01:40:35.634758+00:00, run_after=2025-11-16T01:40:35.634758+00:00
[2025-11-15T07:42:55.995+0000] {processor.py:179} INFO - Processing /opt/airflow/dags/dbt_dag.py took 0.087 seconds
[2025-11-15T07:43:26.090+0000] {processor.py:157} INFO - Started process (PID=217) to work on /opt/airflow/dags/dbt_dag.py
[2025-11-15T07:43:26.091+0000] {processor.py:829} INFO - Processing file /opt/airflow/dags/dbt_dag.py for tasks to queue
[2025-11-15T07:43:26.092+0000] {logging_mixin.py:151} INFO - [2025-11-15T07:43:26.091+0000] {dagbag.py:539} INFO - Filling up the DagBag from /opt/airflow/dags/dbt_dag.py
[2025-11-15T07:43:26.117+0000] {processor.py:839} INFO - DAG(s) dict_keys(['dbt_transform']) retrieved from /opt/airflow/dags/dbt_dag.py
[2025-11-15T07:43:26.144+0000] {logging_mixin.py:151} INFO - [2025-11-15T07:43:26.144+0000] {dag.py:2915} INFO - Sync 1 DAGs
[2025-11-15T07:43:26.162+0000] {logging_mixin.py:151} INFO - [2025-11-15T07:43:26.162+0000] {dag.py:3696} INFO - Setting next_dagrun for dbt_transform to 2025-11-15T01:40:35.634758+00:00, run_after=2025-11-16T01:40:35.634758+00:00
[2025-11-15T07:43:26.179+0000] {processor.py:179} INFO - Processing /opt/airflow/dags/dbt_dag.py took 0.092 seconds
[2025-11-15T07:43:56.256+0000] {processor.py:157} INFO - Started process (PID=222) to work on /opt/airflow/dags/dbt_dag.py
[2025-11-15T07:43:56.257+0000] {processor.py:829} INFO - Processing file /opt/airflow/dags/dbt_dag.py for tasks to queue
[2025-11-15T07:43:56.258+0000] {logging_mixin.py:151} INFO - [2025-11-15T07:43:56.258+0000] {dagbag.py:539} INFO - Filling up the DagBag from /opt/airflow/dags/dbt_dag.py
[2025-11-15T07:43:56.275+0000] {processor.py:839} INFO - DAG(s) dict_keys(['dbt_transform']) retrieved from /opt/airflow/dags/dbt_dag.py
[2025-11-15T07:43:56.308+0000] {logging_mixin.py:151} INFO - [2025-11-15T07:43:56.308+0000] {dag.py:2915} INFO - Sync 1 DAGs
[2025-11-15T07:43:56.327+0000] {logging_mixin.py:151} INFO - [2025-11-15T07:43:56.327+0000] {dag.py:3696} INFO - Setting next_dagrun for dbt_transform to 2025-11-15T01:40:35.634758+00:00, run_after=2025-11-16T01:40:35.634758+00:00
[2025-11-15T07:43:56.343+0000] {processor.py:179} INFO - Processing /opt/airflow/dags/dbt_dag.py took 0.090 seconds
[2025-11-15T07:44:26.434+0000] {processor.py:157} INFO - Started process (PID=227) to work on /opt/airflow/dags/dbt_dag.py
[2025-11-15T07:44:26.436+0000] {processor.py:829} INFO - Processing file /opt/airflow/dags/dbt_dag.py for tasks to queue
[2025-11-15T07:44:26.437+0000] {logging_mixin.py:151} INFO - [2025-11-15T07:44:26.436+0000] {dagbag.py:539} INFO - Filling up the DagBag from /opt/airflow/dags/dbt_dag.py
[2025-11-15T07:44:26.467+0000] {processor.py:839} INFO - DAG(s) dict_keys(['dbt_transform']) retrieved from /opt/airflow/dags/dbt_dag.py
[2025-11-15T07:44:26.498+0000] {logging_mixin.py:151} INFO - [2025-11-15T07:44:26.498+0000] {dag.py:2915} INFO - Sync 1 DAGs
[2025-11-15T07:44:26.516+0000] {logging_mixin.py:151} INFO - [2025-11-15T07:44:26.515+0000] {dag.py:3696} INFO - Setting next_dagrun for dbt_transform to 2025-11-15T01:40:35.634758+00:00, run_after=2025-11-16T01:40:35.634758+00:00
[2025-11-15T07:44:26.535+0000] {processor.py:179} INFO - Processing /opt/airflow/dags/dbt_dag.py took 0.105 seconds
[2025-11-15T07:44:56.663+0000] {processor.py:157} INFO - Started process (PID=232) to work on /opt/airflow/dags/dbt_dag.py
[2025-11-15T07:44:56.664+0000] {processor.py:829} INFO - Processing file /opt/airflow/dags/dbt_dag.py for tasks to queue
[2025-11-15T07:44:56.665+0000] {logging_mixin.py:151} INFO - [2025-11-15T07:44:56.665+0000] {dagbag.py:539} INFO - Filling up the DagBag from /opt/airflow/dags/dbt_dag.py
[2025-11-15T07:44:56.686+0000] {processor.py:839} INFO - DAG(s) dict_keys(['dbt_transform']) retrieved from /opt/airflow/dags/dbt_dag.py
[2025-11-15T07:44:56.712+0000] {logging_mixin.py:151} INFO - [2025-11-15T07:44:56.712+0000] {dag.py:2915} INFO - Sync 1 DAGs
[2025-11-15T07:44:56.728+0000] {logging_mixin.py:151} INFO - [2025-11-15T07:44:56.728+0000] {dag.py:3696} INFO - Setting next_dagrun for dbt_transform to 2025-11-15T01:40:35.634758+00:00, run_after=2025-11-16T01:40:35.634758+00:00
[2025-11-15T07:44:56.746+0000] {processor.py:179} INFO - Processing /opt/airflow/dags/dbt_dag.py took 0.086 seconds
[2025-11-15T07:45:26.845+0000] {processor.py:157} INFO - Started process (PID=237) to work on /opt/airflow/dags/dbt_dag.py
[2025-11-15T07:45:26.846+0000] {processor.py:829} INFO - Processing file /opt/airflow/dags/dbt_dag.py for tasks to queue
[2025-11-15T07:45:26.848+0000] {logging_mixin.py:151} INFO - [2025-11-15T07:45:26.847+0000] {dagbag.py:539} INFO - Filling up the DagBag from /opt/airflow/dags/dbt_dag.py
[2025-11-15T07:45:26.876+0000] {processor.py:839} INFO - DAG(s) dict_keys(['dbt_transform']) retrieved from /opt/airflow/dags/dbt_dag.py
[2025-11-15T07:45:26.905+0000] {logging_mixin.py:151} INFO - [2025-11-15T07:45:26.905+0000] {dag.py:2915} INFO - Sync 1 DAGs
[2025-11-15T07:45:26.925+0000] {logging_mixin.py:151} INFO - [2025-11-15T07:45:26.925+0000] {dag.py:3696} INFO - Setting next_dagrun for dbt_transform to 2025-11-15T01:40:35.634758+00:00, run_after=2025-11-16T01:40:35.634758+00:00
[2025-11-15T07:45:26.952+0000] {processor.py:179} INFO - Processing /opt/airflow/dags/dbt_dag.py took 0.111 seconds
[2025-11-15T07:45:57.052+0000] {processor.py:157} INFO - Started process (PID=268) to work on /opt/airflow/dags/dbt_dag.py
[2025-11-15T07:45:57.053+0000] {processor.py:829} INFO - Processing file /opt/airflow/dags/dbt_dag.py for tasks to queue
[2025-11-15T07:45:57.054+0000] {logging_mixin.py:151} INFO - [2025-11-15T07:45:57.054+0000] {dagbag.py:539} INFO - Filling up the DagBag from /opt/airflow/dags/dbt_dag.py
[2025-11-15T07:45:57.079+0000] {processor.py:839} INFO - DAG(s) dict_keys(['dbt_transform']) retrieved from /opt/airflow/dags/dbt_dag.py
[2025-11-15T07:45:57.105+0000] {logging_mixin.py:151} INFO - [2025-11-15T07:45:57.105+0000] {dag.py:2915} INFO - Sync 1 DAGs
[2025-11-15T07:45:57.122+0000] {logging_mixin.py:151} INFO - [2025-11-15T07:45:57.122+0000] {dag.py:3696} INFO - Setting next_dagrun for dbt_transform to 2025-11-15T01:40:35.634758+00:00, run_after=2025-11-16T01:40:35.634758+00:00
[2025-11-15T07:45:57.144+0000] {processor.py:179} INFO - Processing /opt/airflow/dags/dbt_dag.py took 0.096 seconds
[2025-11-15T07:46:27.294+0000] {processor.py:157} INFO - Started process (PID=273) to work on /opt/airflow/dags/dbt_dag.py
[2025-11-15T07:46:27.295+0000] {processor.py:829} INFO - Processing file /opt/airflow/dags/dbt_dag.py for tasks to queue
[2025-11-15T07:46:27.296+0000] {logging_mixin.py:151} INFO - [2025-11-15T07:46:27.296+0000] {dagbag.py:539} INFO - Filling up the DagBag from /opt/airflow/dags/dbt_dag.py
[2025-11-15T07:46:27.329+0000] {processor.py:839} INFO - DAG(s) dict_keys(['dbt_transform']) retrieved from /opt/airflow/dags/dbt_dag.py
[2025-11-15T07:46:27.354+0000] {logging_mixin.py:151} INFO - [2025-11-15T07:46:27.354+0000] {dag.py:2915} INFO - Sync 1 DAGs
[2025-11-15T07:46:27.373+0000] {logging_mixin.py:151} INFO - [2025-11-15T07:46:27.373+0000] {dag.py:3696} INFO - Setting next_dagrun for dbt_transform to 2025-11-15T01:40:35.634758+00:00, run_after=2025-11-16T01:40:35.634758+00:00
[2025-11-15T07:46:27.389+0000] {processor.py:179} INFO - Processing /opt/airflow/dags/dbt_dag.py took 0.101 seconds
[2025-11-15T07:46:57.436+0000] {processor.py:157} INFO - Started process (PID=278) to work on /opt/airflow/dags/dbt_dag.py
[2025-11-15T07:46:57.436+0000] {processor.py:829} INFO - Processing file /opt/airflow/dags/dbt_dag.py for tasks to queue
[2025-11-15T07:46:57.437+0000] {logging_mixin.py:151} INFO - [2025-11-15T07:46:57.437+0000] {dagbag.py:539} INFO - Filling up the DagBag from /opt/airflow/dags/dbt_dag.py
[2025-11-15T07:46:57.453+0000] {processor.py:839} INFO - DAG(s) dict_keys(['dbt_transform']) retrieved from /opt/airflow/dags/dbt_dag.py
[2025-11-15T07:46:57.475+0000] {logging_mixin.py:151} INFO - [2025-11-15T07:46:57.475+0000] {dag.py:2915} INFO - Sync 1 DAGs
[2025-11-15T07:46:57.490+0000] {logging_mixin.py:151} INFO - [2025-11-15T07:46:57.490+0000] {dag.py:3696} INFO - Setting next_dagrun for dbt_transform to 2025-11-15T01:40:35.634758+00:00, run_after=2025-11-16T01:40:35.634758+00:00
[2025-11-15T07:46:57.511+0000] {processor.py:179} INFO - Processing /opt/airflow/dags/dbt_dag.py took 0.078 seconds
[2025-11-15T07:47:27.612+0000] {processor.py:157} INFO - Started process (PID=283) to work on /opt/airflow/dags/dbt_dag.py
[2025-11-15T07:47:27.613+0000] {processor.py:829} INFO - Processing file /opt/airflow/dags/dbt_dag.py for tasks to queue
[2025-11-15T07:47:27.615+0000] {logging_mixin.py:151} INFO - [2025-11-15T07:47:27.615+0000] {dagbag.py:539} INFO - Filling up the DagBag from /opt/airflow/dags/dbt_dag.py
[2025-11-15T07:47:27.634+0000] {processor.py:839} INFO - DAG(s) dict_keys(['dbt_transform']) retrieved from /opt/airflow/dags/dbt_dag.py
[2025-11-15T07:47:27.657+0000] {logging_mixin.py:151} INFO - [2025-11-15T07:47:27.657+0000] {dag.py:2915} INFO - Sync 1 DAGs
[2025-11-15T07:47:27.673+0000] {logging_mixin.py:151} INFO - [2025-11-15T07:47:27.673+0000] {dag.py:3696} INFO - Setting next_dagrun for dbt_transform to 2025-11-15T01:40:35.634758+00:00, run_after=2025-11-16T01:40:35.634758+00:00
[2025-11-15T07:47:27.693+0000] {processor.py:179} INFO - Processing /opt/airflow/dags/dbt_dag.py took 0.084 seconds
[2025-11-15T07:47:57.754+0000] {processor.py:157} INFO - Started process (PID=288) to work on /opt/airflow/dags/dbt_dag.py
[2025-11-15T07:47:57.755+0000] {processor.py:829} INFO - Processing file /opt/airflow/dags/dbt_dag.py for tasks to queue
[2025-11-15T07:47:57.756+0000] {logging_mixin.py:151} INFO - [2025-11-15T07:47:57.756+0000] {dagbag.py:539} INFO - Filling up the DagBag from /opt/airflow/dags/dbt_dag.py
[2025-11-15T07:47:57.775+0000] {processor.py:839} INFO - DAG(s) dict_keys(['dbt_transform']) retrieved from /opt/airflow/dags/dbt_dag.py
[2025-11-15T07:47:57.797+0000] {logging_mixin.py:151} INFO - [2025-11-15T07:47:57.796+0000] {dag.py:2915} INFO - Sync 1 DAGs
[2025-11-15T07:47:57.815+0000] {logging_mixin.py:151} INFO - [2025-11-15T07:47:57.815+0000] {dag.py:3696} INFO - Setting next_dagrun for dbt_transform to 2025-11-15T01:40:35.634758+00:00, run_after=2025-11-16T01:40:35.634758+00:00
[2025-11-15T07:47:57.833+0000] {processor.py:179} INFO - Processing /opt/airflow/dags/dbt_dag.py took 0.081 seconds
[2025-11-15T07:48:27.970+0000] {processor.py:157} INFO - Started process (PID=293) to work on /opt/airflow/dags/dbt_dag.py
[2025-11-15T07:48:27.971+0000] {processor.py:829} INFO - Processing file /opt/airflow/dags/dbt_dag.py for tasks to queue
[2025-11-15T07:48:27.972+0000] {logging_mixin.py:151} INFO - [2025-11-15T07:48:27.972+0000] {dagbag.py:539} INFO - Filling up the DagBag from /opt/airflow/dags/dbt_dag.py
[2025-11-15T07:48:27.991+0000] {processor.py:839} INFO - DAG(s) dict_keys(['dbt_transform']) retrieved from /opt/airflow/dags/dbt_dag.py
[2025-11-15T07:48:28.013+0000] {logging_mixin.py:151} INFO - [2025-11-15T07:48:28.012+0000] {dag.py:2915} INFO - Sync 1 DAGs
[2025-11-15T07:48:28.029+0000] {logging_mixin.py:151} INFO - [2025-11-15T07:48:28.029+0000] {dag.py:3696} INFO - Setting next_dagrun for dbt_transform to 2025-11-15T01:40:35.634758+00:00, run_after=2025-11-16T01:40:35.634758+00:00
[2025-11-15T07:48:28.050+0000] {processor.py:179} INFO - Processing /opt/airflow/dags/dbt_dag.py took 0.082 seconds
[2025-11-15T07:48:58.130+0000] {processor.py:157} INFO - Started process (PID=298) to work on /opt/airflow/dags/dbt_dag.py
[2025-11-15T07:48:58.130+0000] {processor.py:829} INFO - Processing file /opt/airflow/dags/dbt_dag.py for tasks to queue
[2025-11-15T07:48:58.131+0000] {logging_mixin.py:151} INFO - [2025-11-15T07:48:58.131+0000] {dagbag.py:539} INFO - Filling up the DagBag from /opt/airflow/dags/dbt_dag.py
[2025-11-15T07:48:58.154+0000] {processor.py:839} INFO - DAG(s) dict_keys(['dbt_transform']) retrieved from /opt/airflow/dags/dbt_dag.py
[2025-11-15T07:48:58.178+0000] {logging_mixin.py:151} INFO - [2025-11-15T07:48:58.177+0000] {dag.py:2915} INFO - Sync 1 DAGs
[2025-11-15T07:48:58.195+0000] {logging_mixin.py:151} INFO - [2025-11-15T07:48:58.195+0000] {dag.py:3696} INFO - Setting next_dagrun for dbt_transform to 2025-11-15T01:40:35.634758+00:00, run_after=2025-11-16T01:40:35.634758+00:00
[2025-11-15T07:48:58.210+0000] {processor.py:179} INFO - Processing /opt/airflow/dags/dbt_dag.py took 0.083 seconds
[2025-11-15T07:49:28.344+0000] {processor.py:157} INFO - Started process (PID=303) to work on /opt/airflow/dags/dbt_dag.py
[2025-11-15T07:49:28.345+0000] {processor.py:829} INFO - Processing file /opt/airflow/dags/dbt_dag.py for tasks to queue
[2025-11-15T07:49:28.346+0000] {logging_mixin.py:151} INFO - [2025-11-15T07:49:28.345+0000] {dagbag.py:539} INFO - Filling up the DagBag from /opt/airflow/dags/dbt_dag.py
[2025-11-15T07:49:28.370+0000] {processor.py:839} INFO - DAG(s) dict_keys(['dbt_transform']) retrieved from /opt/airflow/dags/dbt_dag.py
[2025-11-15T07:49:28.391+0000] {logging_mixin.py:151} INFO - [2025-11-15T07:49:28.391+0000] {dag.py:2915} INFO - Sync 1 DAGs
[2025-11-15T07:49:28.407+0000] {logging_mixin.py:151} INFO - [2025-11-15T07:49:28.407+0000] {dag.py:3696} INFO - Setting next_dagrun for dbt_transform to 2025-11-15T01:40:35.634758+00:00, run_after=2025-11-16T01:40:35.634758+00:00
[2025-11-15T07:49:28.426+0000] {processor.py:179} INFO - Processing /opt/airflow/dags/dbt_dag.py took 0.085 seconds
[2025-11-15T07:49:58.477+0000] {processor.py:157} INFO - Started process (PID=308) to work on /opt/airflow/dags/dbt_dag.py
[2025-11-15T07:49:58.478+0000] {processor.py:829} INFO - Processing file /opt/airflow/dags/dbt_dag.py for tasks to queue
[2025-11-15T07:49:58.479+0000] {logging_mixin.py:151} INFO - [2025-11-15T07:49:58.479+0000] {dagbag.py:539} INFO - Filling up the DagBag from /opt/airflow/dags/dbt_dag.py
[2025-11-15T07:49:58.501+0000] {processor.py:839} INFO - DAG(s) dict_keys(['dbt_transform']) retrieved from /opt/airflow/dags/dbt_dag.py
[2025-11-15T07:49:58.527+0000] {logging_mixin.py:151} INFO - [2025-11-15T07:49:58.527+0000] {dag.py:2915} INFO - Sync 1 DAGs
[2025-11-15T07:49:58.546+0000] {logging_mixin.py:151} INFO - [2025-11-15T07:49:58.546+0000] {dag.py:3696} INFO - Setting next_dagrun for dbt_transform to 2025-11-15T01:40:35.634758+00:00, run_after=2025-11-16T01:40:35.634758+00:00
[2025-11-15T07:49:58.564+0000] {processor.py:179} INFO - Processing /opt/airflow/dags/dbt_dag.py took 0.091 seconds
[2025-11-15T07:50:28.691+0000] {processor.py:157} INFO - Started process (PID=313) to work on /opt/airflow/dags/dbt_dag.py
[2025-11-15T07:50:28.692+0000] {processor.py:829} INFO - Processing file /opt/airflow/dags/dbt_dag.py for tasks to queue
[2025-11-15T07:50:28.693+0000] {logging_mixin.py:151} INFO - [2025-11-15T07:50:28.693+0000] {dagbag.py:539} INFO - Filling up the DagBag from /opt/airflow/dags/dbt_dag.py
[2025-11-15T07:50:28.723+0000] {processor.py:839} INFO - DAG(s) dict_keys(['dbt_transform']) retrieved from /opt/airflow/dags/dbt_dag.py
[2025-11-15T07:50:28.757+0000] {logging_mixin.py:151} INFO - [2025-11-15T07:50:28.756+0000] {dag.py:2915} INFO - Sync 1 DAGs
[2025-11-15T07:50:28.782+0000] {logging_mixin.py:151} INFO - [2025-11-15T07:50:28.782+0000] {dag.py:3696} INFO - Setting next_dagrun for dbt_transform to 2025-11-15T01:40:35.634758+00:00, run_after=2025-11-16T01:40:35.634758+00:00
[2025-11-15T07:50:28.808+0000] {processor.py:179} INFO - Processing /opt/airflow/dags/dbt_dag.py took 0.120 seconds
[2025-11-15T07:50:58.852+0000] {processor.py:157} INFO - Started process (PID=318) to work on /opt/airflow/dags/dbt_dag.py
[2025-11-15T07:50:58.853+0000] {processor.py:829} INFO - Processing file /opt/airflow/dags/dbt_dag.py for tasks to queue
[2025-11-15T07:50:58.854+0000] {logging_mixin.py:151} INFO - [2025-11-15T07:50:58.853+0000] {dagbag.py:539} INFO - Filling up the DagBag from /opt/airflow/dags/dbt_dag.py
[2025-11-15T07:50:58.872+0000] {processor.py:839} INFO - DAG(s) dict_keys(['dbt_transform']) retrieved from /opt/airflow/dags/dbt_dag.py
[2025-11-15T07:50:58.896+0000] {logging_mixin.py:151} INFO - [2025-11-15T07:50:58.896+0000] {dag.py:2915} INFO - Sync 1 DAGs
[2025-11-15T07:50:58.912+0000] {logging_mixin.py:151} INFO - [2025-11-15T07:50:58.912+0000] {dag.py:3696} INFO - Setting next_dagrun for dbt_transform to 2025-11-15T01:40:35.634758+00:00, run_after=2025-11-16T01:40:35.634758+00:00
[2025-11-15T07:50:58.930+0000] {processor.py:179} INFO - Processing /opt/airflow/dags/dbt_dag.py took 0.081 seconds
[2025-11-15T07:51:29.056+0000] {processor.py:157} INFO - Started process (PID=323) to work on /opt/airflow/dags/dbt_dag.py
[2025-11-15T07:51:29.057+0000] {processor.py:829} INFO - Processing file /opt/airflow/dags/dbt_dag.py for tasks to queue
[2025-11-15T07:51:29.058+0000] {logging_mixin.py:151} INFO - [2025-11-15T07:51:29.058+0000] {dagbag.py:539} INFO - Filling up the DagBag from /opt/airflow/dags/dbt_dag.py
[2025-11-15T07:51:29.082+0000] {processor.py:839} INFO - DAG(s) dict_keys(['dbt_transform']) retrieved from /opt/airflow/dags/dbt_dag.py
[2025-11-15T07:51:29.118+0000] {logging_mixin.py:151} INFO - [2025-11-15T07:51:29.118+0000] {dag.py:2915} INFO - Sync 1 DAGs
[2025-11-15T07:51:29.136+0000] {logging_mixin.py:151} INFO - [2025-11-15T07:51:29.136+0000] {dag.py:3696} INFO - Setting next_dagrun for dbt_transform to 2025-11-15T01:40:35.634758+00:00, run_after=2025-11-16T01:40:35.634758+00:00
[2025-11-15T07:51:29.154+0000] {processor.py:179} INFO - Processing /opt/airflow/dags/dbt_dag.py took 0.101 seconds
[2025-11-15T07:51:59.266+0000] {processor.py:157} INFO - Started process (PID=328) to work on /opt/airflow/dags/dbt_dag.py
[2025-11-15T07:51:59.267+0000] {processor.py:829} INFO - Processing file /opt/airflow/dags/dbt_dag.py for tasks to queue
[2025-11-15T07:51:59.268+0000] {logging_mixin.py:151} INFO - [2025-11-15T07:51:59.268+0000] {dagbag.py:539} INFO - Filling up the DagBag from /opt/airflow/dags/dbt_dag.py
[2025-11-15T07:51:59.295+0000] {processor.py:839} INFO - DAG(s) dict_keys(['dbt_transform']) retrieved from /opt/airflow/dags/dbt_dag.py
[2025-11-15T07:51:59.325+0000] {logging_mixin.py:151} INFO - [2025-11-15T07:51:59.325+0000] {dag.py:2915} INFO - Sync 1 DAGs
[2025-11-15T07:51:59.346+0000] {logging_mixin.py:151} INFO - [2025-11-15T07:51:59.345+0000] {dag.py:3696} INFO - Setting next_dagrun for dbt_transform to 2025-11-15T01:40:35.634758+00:00, run_after=2025-11-16T01:40:35.634758+00:00
[2025-11-15T07:51:59.363+0000] {processor.py:179} INFO - Processing /opt/airflow/dags/dbt_dag.py took 0.100 seconds
[2025-11-15T07:52:29.448+0000] {processor.py:157} INFO - Started process (PID=333) to work on /opt/airflow/dags/dbt_dag.py
[2025-11-15T07:52:29.449+0000] {processor.py:829} INFO - Processing file /opt/airflow/dags/dbt_dag.py for tasks to queue
[2025-11-15T07:52:29.450+0000] {logging_mixin.py:151} INFO - [2025-11-15T07:52:29.450+0000] {dagbag.py:539} INFO - Filling up the DagBag from /opt/airflow/dags/dbt_dag.py
[2025-11-15T07:52:29.471+0000] {processor.py:839} INFO - DAG(s) dict_keys(['dbt_transform']) retrieved from /opt/airflow/dags/dbt_dag.py
[2025-11-15T07:52:29.497+0000] {logging_mixin.py:151} INFO - [2025-11-15T07:52:29.497+0000] {dag.py:2915} INFO - Sync 1 DAGs
[2025-11-15T07:52:29.514+0000] {logging_mixin.py:151} INFO - [2025-11-15T07:52:29.514+0000] {dag.py:3696} INFO - Setting next_dagrun for dbt_transform to 2025-11-15T01:40:35.634758+00:00, run_after=2025-11-16T01:40:35.634758+00:00
[2025-11-15T07:52:29.534+0000] {processor.py:179} INFO - Processing /opt/airflow/dags/dbt_dag.py took 0.090 seconds
[2025-11-15T07:52:59.632+0000] {processor.py:157} INFO - Started process (PID=338) to work on /opt/airflow/dags/dbt_dag.py
[2025-11-15T07:52:59.632+0000] {processor.py:829} INFO - Processing file /opt/airflow/dags/dbt_dag.py for tasks to queue
[2025-11-15T07:52:59.634+0000] {logging_mixin.py:151} INFO - [2025-11-15T07:52:59.633+0000] {dagbag.py:539} INFO - Filling up the DagBag from /opt/airflow/dags/dbt_dag.py
[2025-11-15T07:52:59.660+0000] {processor.py:839} INFO - DAG(s) dict_keys(['dbt_transform']) retrieved from /opt/airflow/dags/dbt_dag.py
[2025-11-15T07:52:59.689+0000] {logging_mixin.py:151} INFO - [2025-11-15T07:52:59.689+0000] {dag.py:2915} INFO - Sync 1 DAGs
[2025-11-15T07:52:59.708+0000] {logging_mixin.py:151} INFO - [2025-11-15T07:52:59.708+0000] {dag.py:3696} INFO - Setting next_dagrun for dbt_transform to 2025-11-15T01:40:35.634758+00:00, run_after=2025-11-16T01:40:35.634758+00:00
[2025-11-15T07:52:59.730+0000] {processor.py:179} INFO - Processing /opt/airflow/dags/dbt_dag.py took 0.101 seconds
[2025-11-15T07:53:29.857+0000] {processor.py:157} INFO - Started process (PID=343) to work on /opt/airflow/dags/dbt_dag.py
[2025-11-15T07:53:29.858+0000] {processor.py:829} INFO - Processing file /opt/airflow/dags/dbt_dag.py for tasks to queue
[2025-11-15T07:53:29.859+0000] {logging_mixin.py:151} INFO - [2025-11-15T07:53:29.859+0000] {dagbag.py:539} INFO - Filling up the DagBag from /opt/airflow/dags/dbt_dag.py
[2025-11-15T07:53:29.883+0000] {processor.py:839} INFO - DAG(s) dict_keys(['dbt_transform']) retrieved from /opt/airflow/dags/dbt_dag.py
[2025-11-15T07:53:29.909+0000] {logging_mixin.py:151} INFO - [2025-11-15T07:53:29.908+0000] {dag.py:2915} INFO - Sync 1 DAGs
[2025-11-15T07:53:29.928+0000] {logging_mixin.py:151} INFO - [2025-11-15T07:53:29.928+0000] {dag.py:3696} INFO - Setting next_dagrun for dbt_transform to 2025-11-15T01:40:35.634758+00:00, run_after=2025-11-16T01:40:35.634758+00:00
[2025-11-15T07:53:29.946+0000] {processor.py:179} INFO - Processing /opt/airflow/dags/dbt_dag.py took 0.092 seconds
[2025-11-15T07:54:00.014+0000] {processor.py:157} INFO - Started process (PID=348) to work on /opt/airflow/dags/dbt_dag.py
[2025-11-15T07:54:00.015+0000] {processor.py:829} INFO - Processing file /opt/airflow/dags/dbt_dag.py for tasks to queue
[2025-11-15T07:54:00.017+0000] {logging_mixin.py:151} INFO - [2025-11-15T07:54:00.016+0000] {dagbag.py:539} INFO - Filling up the DagBag from /opt/airflow/dags/dbt_dag.py
[2025-11-15T07:54:00.052+0000] {processor.py:839} INFO - DAG(s) dict_keys(['dbt_transform']) retrieved from /opt/airflow/dags/dbt_dag.py
[2025-11-15T07:54:00.082+0000] {logging_mixin.py:151} INFO - [2025-11-15T07:54:00.082+0000] {dag.py:2915} INFO - Sync 1 DAGs
[2025-11-15T07:54:00.104+0000] {logging_mixin.py:151} INFO - [2025-11-15T07:54:00.104+0000] {dag.py:3696} INFO - Setting next_dagrun for dbt_transform to 2025-11-15T01:40:35.634758+00:00, run_after=2025-11-16T01:40:35.634758+00:00
[2025-11-15T07:54:00.128+0000] {processor.py:179} INFO - Processing /opt/airflow/dags/dbt_dag.py took 0.120 seconds
[2025-11-15T07:54:30.189+0000] {processor.py:157} INFO - Started process (PID=353) to work on /opt/airflow/dags/dbt_dag.py
[2025-11-15T07:54:30.190+0000] {processor.py:829} INFO - Processing file /opt/airflow/dags/dbt_dag.py for tasks to queue
[2025-11-15T07:54:30.191+0000] {logging_mixin.py:151} INFO - [2025-11-15T07:54:30.191+0000] {dagbag.py:539} INFO - Filling up the DagBag from /opt/airflow/dags/dbt_dag.py
[2025-11-15T07:54:30.217+0000] {processor.py:839} INFO - DAG(s) dict_keys(['dbt_transform']) retrieved from /opt/airflow/dags/dbt_dag.py
[2025-11-15T07:54:30.250+0000] {logging_mixin.py:151} INFO - [2025-11-15T07:54:30.250+0000] {dag.py:2915} INFO - Sync 1 DAGs
[2025-11-15T07:54:30.275+0000] {logging_mixin.py:151} INFO - [2025-11-15T07:54:30.275+0000] {dag.py:3696} INFO - Setting next_dagrun for dbt_transform to 2025-11-15T01:40:35.634758+00:00, run_after=2025-11-16T01:40:35.634758+00:00
[2025-11-15T07:54:30.296+0000] {processor.py:179} INFO - Processing /opt/airflow/dags/dbt_dag.py took 0.109 seconds
[2025-11-15T07:55:00.459+0000] {processor.py:157} INFO - Started process (PID=358) to work on /opt/airflow/dags/dbt_dag.py
[2025-11-15T07:55:00.460+0000] {processor.py:829} INFO - Processing file /opt/airflow/dags/dbt_dag.py for tasks to queue
[2025-11-15T07:55:00.460+0000] {logging_mixin.py:151} INFO - [2025-11-15T07:55:00.460+0000] {dagbag.py:539} INFO - Filling up the DagBag from /opt/airflow/dags/dbt_dag.py
[2025-11-15T07:55:00.479+0000] {processor.py:839} INFO - DAG(s) dict_keys(['dbt_transform']) retrieved from /opt/airflow/dags/dbt_dag.py
[2025-11-15T07:55:00.501+0000] {logging_mixin.py:151} INFO - [2025-11-15T07:55:00.501+0000] {dag.py:2915} INFO - Sync 1 DAGs
[2025-11-15T07:55:00.518+0000] {logging_mixin.py:151} INFO - [2025-11-15T07:55:00.518+0000] {dag.py:3696} INFO - Setting next_dagrun for dbt_transform to 2025-11-15T01:40:35.634758+00:00, run_after=2025-11-16T01:40:35.634758+00:00
[2025-11-15T07:55:00.534+0000] {processor.py:179} INFO - Processing /opt/airflow/dags/dbt_dag.py took 0.077 seconds
[2025-11-15T07:55:30.623+0000] {processor.py:157} INFO - Started process (PID=363) to work on /opt/airflow/dags/dbt_dag.py
[2025-11-15T07:55:30.624+0000] {processor.py:829} INFO - Processing file /opt/airflow/dags/dbt_dag.py for tasks to queue
[2025-11-15T07:55:30.625+0000] {logging_mixin.py:151} INFO - [2025-11-15T07:55:30.624+0000] {dagbag.py:539} INFO - Filling up the DagBag from /opt/airflow/dags/dbt_dag.py
[2025-11-15T07:55:30.642+0000] {processor.py:839} INFO - DAG(s) dict_keys(['dbt_transform']) retrieved from /opt/airflow/dags/dbt_dag.py
[2025-11-15T07:55:30.661+0000] {logging_mixin.py:151} INFO - [2025-11-15T07:55:30.661+0000] {dag.py:2915} INFO - Sync 1 DAGs
[2025-11-15T07:55:30.676+0000] {logging_mixin.py:151} INFO - [2025-11-15T07:55:30.676+0000] {dag.py:3696} INFO - Setting next_dagrun for dbt_transform to 2025-11-15T01:40:35.634758+00:00, run_after=2025-11-16T01:40:35.634758+00:00
[2025-11-15T07:55:30.697+0000] {processor.py:179} INFO - Processing /opt/airflow/dags/dbt_dag.py took 0.077 seconds
[2025-11-15T07:56:00.853+0000] {processor.py:157} INFO - Started process (PID=368) to work on /opt/airflow/dags/dbt_dag.py
[2025-11-15T07:56:00.854+0000] {processor.py:829} INFO - Processing file /opt/airflow/dags/dbt_dag.py for tasks to queue
[2025-11-15T07:56:00.856+0000] {logging_mixin.py:151} INFO - [2025-11-15T07:56:00.856+0000] {dagbag.py:539} INFO - Filling up the DagBag from /opt/airflow/dags/dbt_dag.py
[2025-11-15T07:56:00.884+0000] {processor.py:839} INFO - DAG(s) dict_keys(['dbt_transform']) retrieved from /opt/airflow/dags/dbt_dag.py
[2025-11-15T07:56:00.919+0000] {logging_mixin.py:151} INFO - [2025-11-15T07:56:00.919+0000] {dag.py:2915} INFO - Sync 1 DAGs
[2025-11-15T07:56:00.939+0000] {logging_mixin.py:151} INFO - [2025-11-15T07:56:00.939+0000] {dag.py:3696} INFO - Setting next_dagrun for dbt_transform to 2025-11-15T01:40:35.634758+00:00, run_after=2025-11-16T01:40:35.634758+00:00
[2025-11-15T07:56:00.962+0000] {processor.py:179} INFO - Processing /opt/airflow/dags/dbt_dag.py took 0.111 seconds
[2025-11-15T07:56:31.001+0000] {processor.py:157} INFO - Started process (PID=373) to work on /opt/airflow/dags/dbt_dag.py
[2025-11-15T07:56:31.002+0000] {processor.py:829} INFO - Processing file /opt/airflow/dags/dbt_dag.py for tasks to queue
[2025-11-15T07:56:31.002+0000] {logging_mixin.py:151} INFO - [2025-11-15T07:56:31.002+0000] {dagbag.py:539} INFO - Filling up the DagBag from /opt/airflow/dags/dbt_dag.py
[2025-11-15T07:56:31.022+0000] {processor.py:839} INFO - DAG(s) dict_keys(['dbt_transform']) retrieved from /opt/airflow/dags/dbt_dag.py
[2025-11-15T07:56:31.045+0000] {logging_mixin.py:151} INFO - [2025-11-15T07:56:31.045+0000] {dag.py:2915} INFO - Sync 1 DAGs
[2025-11-15T07:56:31.063+0000] {logging_mixin.py:151} INFO - [2025-11-15T07:56:31.063+0000] {dag.py:3696} INFO - Setting next_dagrun for dbt_transform to 2025-11-15T01:40:35.634758+00:00, run_after=2025-11-16T01:40:35.634758+00:00
[2025-11-15T07:56:31.080+0000] {processor.py:179} INFO - Processing /opt/airflow/dags/dbt_dag.py took 0.082 seconds
[2025-11-15T07:57:01.149+0000] {processor.py:157} INFO - Started process (PID=378) to work on /opt/airflow/dags/dbt_dag.py
[2025-11-15T07:57:01.150+0000] {processor.py:829} INFO - Processing file /opt/airflow/dags/dbt_dag.py for tasks to queue
[2025-11-15T07:57:01.150+0000] {logging_mixin.py:151} INFO - [2025-11-15T07:57:01.150+0000] {dagbag.py:539} INFO - Filling up the DagBag from /opt/airflow/dags/dbt_dag.py
[2025-11-15T07:57:01.170+0000] {processor.py:839} INFO - DAG(s) dict_keys(['dbt_transform']) retrieved from /opt/airflow/dags/dbt_dag.py
[2025-11-15T07:57:01.196+0000] {logging_mixin.py:151} INFO - [2025-11-15T07:57:01.196+0000] {dag.py:2915} INFO - Sync 1 DAGs
[2025-11-15T07:57:01.216+0000] {logging_mixin.py:151} INFO - [2025-11-15T07:57:01.216+0000] {dag.py:3696} INFO - Setting next_dagrun for dbt_transform to 2025-11-15T01:40:35.634758+00:00, run_after=2025-11-16T01:40:35.634758+00:00
[2025-11-15T07:57:01.235+0000] {processor.py:179} INFO - Processing /opt/airflow/dags/dbt_dag.py took 0.088 seconds
[2025-11-15T07:57:31.337+0000] {processor.py:157} INFO - Started process (PID=383) to work on /opt/airflow/dags/dbt_dag.py
[2025-11-15T07:57:31.337+0000] {processor.py:829} INFO - Processing file /opt/airflow/dags/dbt_dag.py for tasks to queue
[2025-11-15T07:57:31.338+0000] {logging_mixin.py:151} INFO - [2025-11-15T07:57:31.338+0000] {dagbag.py:539} INFO - Filling up the DagBag from /opt/airflow/dags/dbt_dag.py
[2025-11-15T07:57:31.364+0000] {processor.py:839} INFO - DAG(s) dict_keys(['dbt_transform']) retrieved from /opt/airflow/dags/dbt_dag.py
[2025-11-15T07:57:31.391+0000] {logging_mixin.py:151} INFO - [2025-11-15T07:57:31.391+0000] {dag.py:2915} INFO - Sync 1 DAGs
[2025-11-15T07:57:31.409+0000] {logging_mixin.py:151} INFO - [2025-11-15T07:57:31.409+0000] {dag.py:3696} INFO - Setting next_dagrun for dbt_transform to 2025-11-15T01:40:35.634758+00:00, run_after=2025-11-16T01:40:35.634758+00:00
[2025-11-15T07:57:31.426+0000] {processor.py:179} INFO - Processing /opt/airflow/dags/dbt_dag.py took 0.092 seconds
[2025-11-15T07:58:01.515+0000] {processor.py:157} INFO - Started process (PID=388) to work on /opt/airflow/dags/dbt_dag.py
[2025-11-15T07:58:01.516+0000] {processor.py:829} INFO - Processing file /opt/airflow/dags/dbt_dag.py for tasks to queue
[2025-11-15T07:58:01.517+0000] {logging_mixin.py:151} INFO - [2025-11-15T07:58:01.517+0000] {dagbag.py:539} INFO - Filling up the DagBag from /opt/airflow/dags/dbt_dag.py
[2025-11-15T07:58:01.542+0000] {processor.py:839} INFO - DAG(s) dict_keys(['dbt_transform']) retrieved from /opt/airflow/dags/dbt_dag.py
[2025-11-15T07:58:01.576+0000] {logging_mixin.py:151} INFO - [2025-11-15T07:58:01.576+0000] {dag.py:2915} INFO - Sync 1 DAGs
[2025-11-15T07:58:01.599+0000] {logging_mixin.py:151} INFO - [2025-11-15T07:58:01.598+0000] {dag.py:3696} INFO - Setting next_dagrun for dbt_transform to 2025-11-15T01:40:35.634758+00:00, run_after=2025-11-16T01:40:35.634758+00:00
[2025-11-15T07:58:01.625+0000] {processor.py:179} INFO - Processing /opt/airflow/dags/dbt_dag.py took 0.114 seconds
[2025-11-15T07:58:31.721+0000] {processor.py:157} INFO - Started process (PID=393) to work on /opt/airflow/dags/dbt_dag.py
[2025-11-15T07:58:31.722+0000] {processor.py:829} INFO - Processing file /opt/airflow/dags/dbt_dag.py for tasks to queue
[2025-11-15T07:58:31.723+0000] {logging_mixin.py:151} INFO - [2025-11-15T07:58:31.722+0000] {dagbag.py:539} INFO - Filling up the DagBag from /opt/airflow/dags/dbt_dag.py
[2025-11-15T07:58:31.747+0000] {processor.py:839} INFO - DAG(s) dict_keys(['dbt_transform']) retrieved from /opt/airflow/dags/dbt_dag.py
[2025-11-15T07:58:31.779+0000] {logging_mixin.py:151} INFO - [2025-11-15T07:58:31.779+0000] {dag.py:2915} INFO - Sync 1 DAGs
[2025-11-15T07:58:31.804+0000] {logging_mixin.py:151} INFO - [2025-11-15T07:58:31.804+0000] {dag.py:3696} INFO - Setting next_dagrun for dbt_transform to 2025-11-15T01:40:35.634758+00:00, run_after=2025-11-16T01:40:35.634758+00:00
[2025-11-15T07:58:31.828+0000] {processor.py:179} INFO - Processing /opt/airflow/dags/dbt_dag.py took 0.110 seconds
[2025-11-15T08:00:52.582+0000] {processor.py:157} INFO - Started process (PID=172) to work on /opt/airflow/dags/dbt_dag.py
[2025-11-15T08:00:52.583+0000] {processor.py:829} INFO - Processing file /opt/airflow/dags/dbt_dag.py for tasks to queue
[2025-11-15T08:00:52.584+0000] {logging_mixin.py:151} INFO - [2025-11-15T08:00:52.584+0000] {dagbag.py:539} INFO - Filling up the DagBag from /opt/airflow/dags/dbt_dag.py
[2025-11-15T08:00:52.615+0000] {processor.py:839} INFO - DAG(s) dict_keys(['dbt_transform']) retrieved from /opt/airflow/dags/dbt_dag.py
[2025-11-15T08:00:52.636+0000] {logging_mixin.py:151} INFO - [2025-11-15T08:00:52.635+0000] {dag.py:2915} INFO - Sync 1 DAGs
[2025-11-15T08:00:52.653+0000] {logging_mixin.py:151} INFO - [2025-11-15T08:00:52.652+0000] {dag.py:3696} INFO - Setting next_dagrun for dbt_transform to 2025-11-15T01:40:35.634758+00:00, run_after=2025-11-16T01:40:35.634758+00:00
[2025-11-15T08:00:52.762+0000] {processor.py:179} INFO - Processing /opt/airflow/dags/dbt_dag.py took 0.182 seconds
[2025-11-15T08:01:22.865+0000] {processor.py:157} INFO - Started process (PID=177) to work on /opt/airflow/dags/dbt_dag.py
[2025-11-15T08:01:22.866+0000] {processor.py:829} INFO - Processing file /opt/airflow/dags/dbt_dag.py for tasks to queue
[2025-11-15T08:01:22.867+0000] {logging_mixin.py:151} INFO - [2025-11-15T08:01:22.867+0000] {dagbag.py:539} INFO - Filling up the DagBag from /opt/airflow/dags/dbt_dag.py
[2025-11-15T08:01:22.890+0000] {processor.py:839} INFO - DAG(s) dict_keys(['dbt_transform']) retrieved from /opt/airflow/dags/dbt_dag.py
[2025-11-15T08:01:23.052+0000] {logging_mixin.py:151} INFO - [2025-11-15T08:01:23.052+0000] {dag.py:2915} INFO - Sync 1 DAGs
[2025-11-15T08:01:23.067+0000] {logging_mixin.py:151} INFO - [2025-11-15T08:01:23.067+0000] {dag.py:3696} INFO - Setting next_dagrun for dbt_transform to 2025-11-15T01:40:35.634758+00:00, run_after=2025-11-16T01:40:35.634758+00:00
[2025-11-15T08:01:23.084+0000] {processor.py:179} INFO - Processing /opt/airflow/dags/dbt_dag.py took 0.223 seconds
[2025-11-15T08:01:53.185+0000] {processor.py:157} INFO - Started process (PID=182) to work on /opt/airflow/dags/dbt_dag.py
[2025-11-15T08:01:53.186+0000] {processor.py:829} INFO - Processing file /opt/airflow/dags/dbt_dag.py for tasks to queue
[2025-11-15T08:01:53.187+0000] {logging_mixin.py:151} INFO - [2025-11-15T08:01:53.187+0000] {dagbag.py:539} INFO - Filling up the DagBag from /opt/airflow/dags/dbt_dag.py
[2025-11-15T08:01:53.212+0000] {processor.py:839} INFO - DAG(s) dict_keys(['dbt_transform']) retrieved from /opt/airflow/dags/dbt_dag.py
[2025-11-15T08:01:53.352+0000] {logging_mixin.py:151} INFO - [2025-11-15T08:01:53.352+0000] {dag.py:2915} INFO - Sync 1 DAGs
[2025-11-15T08:01:53.367+0000] {logging_mixin.py:151} INFO - [2025-11-15T08:01:53.366+0000] {dag.py:3696} INFO - Setting next_dagrun for dbt_transform to 2025-11-15T01:40:35.634758+00:00, run_after=2025-11-16T01:40:35.634758+00:00
[2025-11-15T08:01:53.386+0000] {processor.py:179} INFO - Processing /opt/airflow/dags/dbt_dag.py took 0.205 seconds
[2025-11-15T08:02:23.484+0000] {processor.py:157} INFO - Started process (PID=187) to work on /opt/airflow/dags/dbt_dag.py
[2025-11-15T08:02:23.485+0000] {processor.py:829} INFO - Processing file /opt/airflow/dags/dbt_dag.py for tasks to queue
[2025-11-15T08:02:23.486+0000] {logging_mixin.py:151} INFO - [2025-11-15T08:02:23.485+0000] {dagbag.py:539} INFO - Filling up the DagBag from /opt/airflow/dags/dbt_dag.py
[2025-11-15T08:02:23.504+0000] {processor.py:839} INFO - DAG(s) dict_keys(['dbt_transform']) retrieved from /opt/airflow/dags/dbt_dag.py
[2025-11-15T08:02:23.529+0000] {logging_mixin.py:151} INFO - [2025-11-15T08:02:23.528+0000] {dag.py:2915} INFO - Sync 1 DAGs
[2025-11-15T08:02:23.546+0000] {logging_mixin.py:151} INFO - [2025-11-15T08:02:23.546+0000] {dag.py:3696} INFO - Setting next_dagrun for dbt_transform to 2025-11-15T01:40:35.634758+00:00, run_after=2025-11-16T01:40:35.634758+00:00
[2025-11-15T08:02:23.561+0000] {processor.py:179} INFO - Processing /opt/airflow/dags/dbt_dag.py took 0.080 seconds
[2025-11-15T08:02:53.647+0000] {processor.py:157} INFO - Started process (PID=192) to work on /opt/airflow/dags/dbt_dag.py
[2025-11-15T08:02:53.648+0000] {processor.py:829} INFO - Processing file /opt/airflow/dags/dbt_dag.py for tasks to queue
[2025-11-15T08:02:53.649+0000] {logging_mixin.py:151} INFO - [2025-11-15T08:02:53.649+0000] {dagbag.py:539} INFO - Filling up the DagBag from /opt/airflow/dags/dbt_dag.py
[2025-11-15T08:02:53.674+0000] {processor.py:839} INFO - DAG(s) dict_keys(['dbt_transform']) retrieved from /opt/airflow/dags/dbt_dag.py
[2025-11-15T08:02:53.702+0000] {logging_mixin.py:151} INFO - [2025-11-15T08:02:53.702+0000] {dag.py:2915} INFO - Sync 1 DAGs
[2025-11-15T08:02:53.719+0000] {logging_mixin.py:151} INFO - [2025-11-15T08:02:53.719+0000] {dag.py:3696} INFO - Setting next_dagrun for dbt_transform to 2025-11-15T01:40:35.634758+00:00, run_after=2025-11-16T01:40:35.634758+00:00
[2025-11-15T08:02:53.740+0000] {processor.py:179} INFO - Processing /opt/airflow/dags/dbt_dag.py took 0.098 seconds
[2025-11-15T08:03:23.849+0000] {processor.py:157} INFO - Started process (PID=197) to work on /opt/airflow/dags/dbt_dag.py
[2025-11-15T08:03:23.850+0000] {processor.py:829} INFO - Processing file /opt/airflow/dags/dbt_dag.py for tasks to queue
[2025-11-15T08:03:23.851+0000] {logging_mixin.py:151} INFO - [2025-11-15T08:03:23.851+0000] {dagbag.py:539} INFO - Filling up the DagBag from /opt/airflow/dags/dbt_dag.py
[2025-11-15T08:03:23.874+0000] {processor.py:839} INFO - DAG(s) dict_keys(['dbt_transform']) retrieved from /opt/airflow/dags/dbt_dag.py
[2025-11-15T08:03:23.906+0000] {logging_mixin.py:151} INFO - [2025-11-15T08:03:23.906+0000] {dag.py:2915} INFO - Sync 1 DAGs
[2025-11-15T08:03:23.928+0000] {logging_mixin.py:151} INFO - [2025-11-15T08:03:23.928+0000] {dag.py:3696} INFO - Setting next_dagrun for dbt_transform to 2025-11-15T01:40:35.634758+00:00, run_after=2025-11-16T01:40:35.634758+00:00
[2025-11-15T08:03:23.945+0000] {processor.py:179} INFO - Processing /opt/airflow/dags/dbt_dag.py took 0.100 seconds
[2025-11-15T08:03:54.040+0000] {processor.py:157} INFO - Started process (PID=202) to work on /opt/airflow/dags/dbt_dag.py
[2025-11-15T08:03:54.041+0000] {processor.py:829} INFO - Processing file /opt/airflow/dags/dbt_dag.py for tasks to queue
[2025-11-15T08:03:54.042+0000] {logging_mixin.py:151} INFO - [2025-11-15T08:03:54.041+0000] {dagbag.py:539} INFO - Filling up the DagBag from /opt/airflow/dags/dbt_dag.py
[2025-11-15T08:03:54.064+0000] {processor.py:839} INFO - DAG(s) dict_keys(['dbt_transform']) retrieved from /opt/airflow/dags/dbt_dag.py
[2025-11-15T08:03:54.092+0000] {logging_mixin.py:151} INFO - [2025-11-15T08:03:54.092+0000] {dag.py:2915} INFO - Sync 1 DAGs
[2025-11-15T08:03:54.110+0000] {logging_mixin.py:151} INFO - [2025-11-15T08:03:54.110+0000] {dag.py:3696} INFO - Setting next_dagrun for dbt_transform to 2025-11-15T01:40:35.634758+00:00, run_after=2025-11-16T01:40:35.634758+00:00
[2025-11-15T08:03:54.130+0000] {processor.py:179} INFO - Processing /opt/airflow/dags/dbt_dag.py took 0.094 seconds
[2025-11-15T08:05:10.789+0000] {processor.py:157} INFO - Started process (PID=172) to work on /opt/airflow/dags/dbt_dag.py
[2025-11-15T08:05:10.790+0000] {processor.py:829} INFO - Processing file /opt/airflow/dags/dbt_dag.py for tasks to queue
[2025-11-15T08:05:10.791+0000] {logging_mixin.py:151} INFO - [2025-11-15T08:05:10.791+0000] {dagbag.py:539} INFO - Filling up the DagBag from /opt/airflow/dags/dbt_dag.py
[2025-11-15T08:05:10.817+0000] {processor.py:839} INFO - DAG(s) dict_keys(['dbt_transform']) retrieved from /opt/airflow/dags/dbt_dag.py
[2025-11-15T08:05:10.839+0000] {logging_mixin.py:151} INFO - [2025-11-15T08:05:10.839+0000] {dag.py:2915} INFO - Sync 1 DAGs
[2025-11-15T08:05:10.858+0000] {logging_mixin.py:151} INFO - [2025-11-15T08:05:10.857+0000] {dag.py:3696} INFO - Setting next_dagrun for dbt_transform to 2025-11-15T01:40:35.634758+00:00, run_after=2025-11-16T01:40:35.634758+00:00
[2025-11-15T08:05:10.994+0000] {processor.py:179} INFO - Processing /opt/airflow/dags/dbt_dag.py took 0.208 seconds
[2025-11-15T08:05:41.083+0000] {processor.py:157} INFO - Started process (PID=177) to work on /opt/airflow/dags/dbt_dag.py
[2025-11-15T08:05:41.084+0000] {processor.py:829} INFO - Processing file /opt/airflow/dags/dbt_dag.py for tasks to queue
[2025-11-15T08:05:41.086+0000] {logging_mixin.py:151} INFO - [2025-11-15T08:05:41.085+0000] {dagbag.py:539} INFO - Filling up the DagBag from /opt/airflow/dags/dbt_dag.py
[2025-11-15T08:05:41.119+0000] {processor.py:839} INFO - DAG(s) dict_keys(['dbt_transform']) retrieved from /opt/airflow/dags/dbt_dag.py
[2025-11-15T08:05:41.265+0000] {logging_mixin.py:151} INFO - [2025-11-15T08:05:41.265+0000] {dag.py:2915} INFO - Sync 1 DAGs
[2025-11-15T08:05:41.281+0000] {logging_mixin.py:151} INFO - [2025-11-15T08:05:41.281+0000] {dag.py:3696} INFO - Setting next_dagrun for dbt_transform to 2025-11-15T01:40:35.634758+00:00, run_after=2025-11-16T01:40:35.634758+00:00
[2025-11-15T08:05:41.301+0000] {processor.py:179} INFO - Processing /opt/airflow/dags/dbt_dag.py took 0.226 seconds
[2025-11-15T08:06:11.425+0000] {processor.py:157} INFO - Started process (PID=182) to work on /opt/airflow/dags/dbt_dag.py
[2025-11-15T08:06:11.426+0000] {processor.py:829} INFO - Processing file /opt/airflow/dags/dbt_dag.py for tasks to queue
[2025-11-15T08:06:11.427+0000] {logging_mixin.py:151} INFO - [2025-11-15T08:06:11.426+0000] {dagbag.py:539} INFO - Filling up the DagBag from /opt/airflow/dags/dbt_dag.py
[2025-11-15T08:06:11.448+0000] {processor.py:839} INFO - DAG(s) dict_keys(['dbt_transform']) retrieved from /opt/airflow/dags/dbt_dag.py
[2025-11-15T08:06:11.581+0000] {logging_mixin.py:151} INFO - [2025-11-15T08:06:11.581+0000] {dag.py:2915} INFO - Sync 1 DAGs
[2025-11-15T08:06:11.595+0000] {logging_mixin.py:151} INFO - [2025-11-15T08:06:11.595+0000] {dag.py:3696} INFO - Setting next_dagrun for dbt_transform to 2025-11-15T01:40:35.634758+00:00, run_after=2025-11-16T01:40:35.634758+00:00
[2025-11-15T08:06:11.614+0000] {processor.py:179} INFO - Processing /opt/airflow/dags/dbt_dag.py took 0.194 seconds
[2025-11-15T08:06:41.660+0000] {processor.py:157} INFO - Started process (PID=187) to work on /opt/airflow/dags/dbt_dag.py
[2025-11-15T08:06:41.661+0000] {processor.py:829} INFO - Processing file /opt/airflow/dags/dbt_dag.py for tasks to queue
[2025-11-15T08:06:41.662+0000] {logging_mixin.py:151} INFO - [2025-11-15T08:06:41.662+0000] {dagbag.py:539} INFO - Filling up the DagBag from /opt/airflow/dags/dbt_dag.py
[2025-11-15T08:06:41.690+0000] {processor.py:839} INFO - DAG(s) dict_keys(['dbt_transform']) retrieved from /opt/airflow/dags/dbt_dag.py
[2025-11-15T08:06:41.722+0000] {logging_mixin.py:151} INFO - [2025-11-15T08:06:41.722+0000] {dag.py:2915} INFO - Sync 1 DAGs
[2025-11-15T08:06:41.744+0000] {logging_mixin.py:151} INFO - [2025-11-15T08:06:41.743+0000] {dag.py:3696} INFO - Setting next_dagrun for dbt_transform to 2025-11-15T01:40:35.634758+00:00, run_after=2025-11-16T01:40:35.634758+00:00
[2025-11-15T08:06:41.768+0000] {processor.py:179} INFO - Processing /opt/airflow/dags/dbt_dag.py took 0.111 seconds
[2025-11-15T08:07:11.818+0000] {processor.py:157} INFO - Started process (PID=192) to work on /opt/airflow/dags/dbt_dag.py
[2025-11-15T08:07:11.819+0000] {processor.py:829} INFO - Processing file /opt/airflow/dags/dbt_dag.py for tasks to queue
[2025-11-15T08:07:11.820+0000] {logging_mixin.py:151} INFO - [2025-11-15T08:07:11.820+0000] {dagbag.py:539} INFO - Filling up the DagBag from /opt/airflow/dags/dbt_dag.py
[2025-11-15T08:07:11.844+0000] {processor.py:839} INFO - DAG(s) dict_keys(['dbt_transform']) retrieved from /opt/airflow/dags/dbt_dag.py
[2025-11-15T08:07:11.871+0000] {logging_mixin.py:151} INFO - [2025-11-15T08:07:11.871+0000] {dag.py:2915} INFO - Sync 1 DAGs
[2025-11-15T08:07:11.893+0000] {logging_mixin.py:151} INFO - [2025-11-15T08:07:11.893+0000] {dag.py:3696} INFO - Setting next_dagrun for dbt_transform to 2025-11-15T01:40:35.634758+00:00, run_after=2025-11-16T01:40:35.634758+00:00
[2025-11-15T08:07:11.910+0000] {processor.py:179} INFO - Processing /opt/airflow/dags/dbt_dag.py took 0.096 seconds
[2025-11-15T08:07:42.011+0000] {processor.py:157} INFO - Started process (PID=197) to work on /opt/airflow/dags/dbt_dag.py
[2025-11-15T08:07:42.013+0000] {processor.py:829} INFO - Processing file /opt/airflow/dags/dbt_dag.py for tasks to queue
[2025-11-15T08:07:42.015+0000] {logging_mixin.py:151} INFO - [2025-11-15T08:07:42.014+0000] {dagbag.py:539} INFO - Filling up the DagBag from /opt/airflow/dags/dbt_dag.py
[2025-11-15T08:07:42.045+0000] {processor.py:839} INFO - DAG(s) dict_keys(['dbt_transform']) retrieved from /opt/airflow/dags/dbt_dag.py
[2025-11-15T08:07:42.079+0000] {logging_mixin.py:151} INFO - [2025-11-15T08:07:42.079+0000] {dag.py:2915} INFO - Sync 1 DAGs
[2025-11-15T08:07:42.105+0000] {logging_mixin.py:151} INFO - [2025-11-15T08:07:42.104+0000] {dag.py:3696} INFO - Setting next_dagrun for dbt_transform to 2025-11-15T01:40:35.634758+00:00, run_after=2025-11-16T01:40:35.634758+00:00
[2025-11-15T08:07:42.130+0000] {processor.py:179} INFO - Processing /opt/airflow/dags/dbt_dag.py took 0.121 seconds
[2025-11-15T08:08:12.627+0000] {processor.py:157} INFO - Started process (PID=202) to work on /opt/airflow/dags/dbt_dag.py
[2025-11-15T08:08:12.628+0000] {processor.py:829} INFO - Processing file /opt/airflow/dags/dbt_dag.py for tasks to queue
[2025-11-15T08:08:12.630+0000] {logging_mixin.py:151} INFO - [2025-11-15T08:08:12.629+0000] {dagbag.py:539} INFO - Filling up the DagBag from /opt/airflow/dags/dbt_dag.py
[2025-11-15T08:08:12.676+0000] {processor.py:839} INFO - DAG(s) dict_keys(['dbt_transform']) retrieved from /opt/airflow/dags/dbt_dag.py
[2025-11-15T08:08:12.720+0000] {logging_mixin.py:151} INFO - [2025-11-15T08:08:12.720+0000] {dag.py:2915} INFO - Sync 1 DAGs
[2025-11-15T08:08:12.747+0000] {logging_mixin.py:151} INFO - [2025-11-15T08:08:12.747+0000] {dag.py:3696} INFO - Setting next_dagrun for dbt_transform to 2025-11-15T01:40:35.634758+00:00, run_after=2025-11-16T01:40:35.634758+00:00
[2025-11-15T08:08:12.772+0000] {processor.py:179} INFO - Processing /opt/airflow/dags/dbt_dag.py took 0.151 seconds
[2025-11-15T08:09:20.604+0000] {processor.py:157} INFO - Started process (PID=172) to work on /opt/airflow/dags/dbt_dag.py
[2025-11-15T08:09:20.605+0000] {processor.py:829} INFO - Processing file /opt/airflow/dags/dbt_dag.py for tasks to queue
[2025-11-15T08:09:20.606+0000] {logging_mixin.py:151} INFO - [2025-11-15T08:09:20.606+0000] {dagbag.py:539} INFO - Filling up the DagBag from /opt/airflow/dags/dbt_dag.py
[2025-11-15T08:09:20.632+0000] {processor.py:839} INFO - DAG(s) dict_keys(['dbt_transform']) retrieved from /opt/airflow/dags/dbt_dag.py
[2025-11-15T08:09:20.651+0000] {logging_mixin.py:151} INFO - [2025-11-15T08:09:20.651+0000] {dag.py:2915} INFO - Sync 1 DAGs
[2025-11-15T08:09:20.668+0000] {logging_mixin.py:151} INFO - [2025-11-15T08:09:20.668+0000] {dag.py:3696} INFO - Setting next_dagrun for dbt_transform to 2025-11-15T01:40:35.634758+00:00, run_after=2025-11-16T01:40:35.634758+00:00
[2025-11-15T08:09:20.795+0000] {processor.py:179} INFO - Processing /opt/airflow/dags/dbt_dag.py took 0.193 seconds
[2025-11-15T08:09:50.884+0000] {processor.py:157} INFO - Started process (PID=177) to work on /opt/airflow/dags/dbt_dag.py
[2025-11-15T08:09:50.885+0000] {processor.py:829} INFO - Processing file /opt/airflow/dags/dbt_dag.py for tasks to queue
[2025-11-15T08:09:50.886+0000] {logging_mixin.py:151} INFO - [2025-11-15T08:09:50.886+0000] {dagbag.py:539} INFO - Filling up the DagBag from /opt/airflow/dags/dbt_dag.py
[2025-11-15T08:09:50.916+0000] {processor.py:839} INFO - DAG(s) dict_keys(['dbt_transform']) retrieved from /opt/airflow/dags/dbt_dag.py
[2025-11-15T08:09:51.091+0000] {logging_mixin.py:151} INFO - [2025-11-15T08:09:51.091+0000] {dag.py:2915} INFO - Sync 1 DAGs
[2025-11-15T08:09:51.109+0000] {logging_mixin.py:151} INFO - [2025-11-15T08:09:51.109+0000] {dag.py:3696} INFO - Setting next_dagrun for dbt_transform to 2025-11-15T01:40:35.634758+00:00, run_after=2025-11-16T01:40:35.634758+00:00
[2025-11-15T08:09:51.127+0000] {processor.py:179} INFO - Processing /opt/airflow/dags/dbt_dag.py took 0.247 seconds
[2025-11-15T08:10:21.245+0000] {processor.py:157} INFO - Started process (PID=182) to work on /opt/airflow/dags/dbt_dag.py
[2025-11-15T08:10:21.246+0000] {processor.py:829} INFO - Processing file /opt/airflow/dags/dbt_dag.py for tasks to queue
[2025-11-15T08:10:21.247+0000] {logging_mixin.py:151} INFO - [2025-11-15T08:10:21.247+0000] {dagbag.py:539} INFO - Filling up the DagBag from /opt/airflow/dags/dbt_dag.py
[2025-11-15T08:10:21.270+0000] {processor.py:839} INFO - DAG(s) dict_keys(['dbt_transform']) retrieved from /opt/airflow/dags/dbt_dag.py
[2025-11-15T08:10:21.404+0000] {logging_mixin.py:151} INFO - [2025-11-15T08:10:21.404+0000] {dag.py:2915} INFO - Sync 1 DAGs
[2025-11-15T08:10:21.419+0000] {logging_mixin.py:151} INFO - [2025-11-15T08:10:21.419+0000] {dag.py:3696} INFO - Setting next_dagrun for dbt_transform to 2025-11-15T01:40:35.634758+00:00, run_after=2025-11-16T01:40:35.634758+00:00
[2025-11-15T08:10:21.435+0000] {processor.py:179} INFO - Processing /opt/airflow/dags/dbt_dag.py took 0.193 seconds
[2025-11-15T08:10:51.533+0000] {processor.py:157} INFO - Started process (PID=187) to work on /opt/airflow/dags/dbt_dag.py
[2025-11-15T08:10:51.534+0000] {processor.py:829} INFO - Processing file /opt/airflow/dags/dbt_dag.py for tasks to queue
[2025-11-15T08:10:51.535+0000] {logging_mixin.py:151} INFO - [2025-11-15T08:10:51.535+0000] {dagbag.py:539} INFO - Filling up the DagBag from /opt/airflow/dags/dbt_dag.py
[2025-11-15T08:10:51.574+0000] {processor.py:839} INFO - DAG(s) dict_keys(['dbt_transform']) retrieved from /opt/airflow/dags/dbt_dag.py
[2025-11-15T08:10:51.612+0000] {logging_mixin.py:151} INFO - [2025-11-15T08:10:51.611+0000] {dag.py:2915} INFO - Sync 1 DAGs
[2025-11-15T08:10:51.634+0000] {logging_mixin.py:151} INFO - [2025-11-15T08:10:51.634+0000] {dag.py:3696} INFO - Setting next_dagrun for dbt_transform to 2025-11-15T01:40:35.634758+00:00, run_after=2025-11-16T01:40:35.634758+00:00
[2025-11-15T08:10:51.660+0000] {processor.py:179} INFO - Processing /opt/airflow/dags/dbt_dag.py took 0.131 seconds
[2025-11-15T08:11:21.735+0000] {processor.py:157} INFO - Started process (PID=192) to work on /opt/airflow/dags/dbt_dag.py
[2025-11-15T08:11:21.736+0000] {processor.py:829} INFO - Processing file /opt/airflow/dags/dbt_dag.py for tasks to queue
[2025-11-15T08:11:21.737+0000] {logging_mixin.py:151} INFO - [2025-11-15T08:11:21.737+0000] {dagbag.py:539} INFO - Filling up the DagBag from /opt/airflow/dags/dbt_dag.py
[2025-11-15T08:11:21.757+0000] {processor.py:839} INFO - DAG(s) dict_keys(['dbt_transform']) retrieved from /opt/airflow/dags/dbt_dag.py
[2025-11-15T08:11:21.783+0000] {logging_mixin.py:151} INFO - [2025-11-15T08:11:21.783+0000] {dag.py:2915} INFO - Sync 1 DAGs
[2025-11-15T08:11:21.801+0000] {logging_mixin.py:151} INFO - [2025-11-15T08:11:21.801+0000] {dag.py:3696} INFO - Setting next_dagrun for dbt_transform to 2025-11-15T01:40:35.634758+00:00, run_after=2025-11-16T01:40:35.634758+00:00
[2025-11-15T08:11:21.823+0000] {processor.py:179} INFO - Processing /opt/airflow/dags/dbt_dag.py took 0.091 seconds
[2025-11-15T08:11:51.872+0000] {processor.py:157} INFO - Started process (PID=197) to work on /opt/airflow/dags/dbt_dag.py
[2025-11-15T08:11:51.873+0000] {processor.py:829} INFO - Processing file /opt/airflow/dags/dbt_dag.py for tasks to queue
[2025-11-15T08:11:51.874+0000] {logging_mixin.py:151} INFO - [2025-11-15T08:11:51.874+0000] {dagbag.py:539} INFO - Filling up the DagBag from /opt/airflow/dags/dbt_dag.py
[2025-11-15T08:11:51.904+0000] {processor.py:839} INFO - DAG(s) dict_keys(['dbt_transform']) retrieved from /opt/airflow/dags/dbt_dag.py
[2025-11-15T08:11:51.933+0000] {logging_mixin.py:151} INFO - [2025-11-15T08:11:51.933+0000] {dag.py:2915} INFO - Sync 1 DAGs
[2025-11-15T08:11:51.955+0000] {logging_mixin.py:151} INFO - [2025-11-15T08:11:51.954+0000] {dag.py:3696} INFO - Setting next_dagrun for dbt_transform to 2025-11-15T01:40:35.634758+00:00, run_after=2025-11-16T01:40:35.634758+00:00
[2025-11-15T08:11:51.977+0000] {processor.py:179} INFO - Processing /opt/airflow/dags/dbt_dag.py took 0.108 seconds
[2025-11-15T08:12:22.037+0000] {processor.py:157} INFO - Started process (PID=202) to work on /opt/airflow/dags/dbt_dag.py
[2025-11-15T08:12:22.038+0000] {processor.py:829} INFO - Processing file /opt/airflow/dags/dbt_dag.py for tasks to queue
[2025-11-15T08:12:22.039+0000] {logging_mixin.py:151} INFO - [2025-11-15T08:12:22.039+0000] {dagbag.py:539} INFO - Filling up the DagBag from /opt/airflow/dags/dbt_dag.py
[2025-11-15T08:12:22.058+0000] {processor.py:839} INFO - DAG(s) dict_keys(['dbt_transform']) retrieved from /opt/airflow/dags/dbt_dag.py
[2025-11-15T08:12:22.084+0000] {logging_mixin.py:151} INFO - [2025-11-15T08:12:22.084+0000] {dag.py:2915} INFO - Sync 1 DAGs
[2025-11-15T08:12:22.103+0000] {logging_mixin.py:151} INFO - [2025-11-15T08:12:22.103+0000] {dag.py:3696} INFO - Setting next_dagrun for dbt_transform to 2025-11-15T01:40:35.634758+00:00, run_after=2025-11-16T01:40:35.634758+00:00
[2025-11-15T08:12:22.120+0000] {processor.py:179} INFO - Processing /opt/airflow/dags/dbt_dag.py took 0.085 seconds
[2025-11-15T08:12:52.179+0000] {processor.py:157} INFO - Started process (PID=207) to work on /opt/airflow/dags/dbt_dag.py
[2025-11-15T08:12:52.179+0000] {processor.py:829} INFO - Processing file /opt/airflow/dags/dbt_dag.py for tasks to queue
[2025-11-15T08:12:52.180+0000] {logging_mixin.py:151} INFO - [2025-11-15T08:12:52.180+0000] {dagbag.py:539} INFO - Filling up the DagBag from /opt/airflow/dags/dbt_dag.py
[2025-11-15T08:12:52.198+0000] {processor.py:839} INFO - DAG(s) dict_keys(['dbt_transform']) retrieved from /opt/airflow/dags/dbt_dag.py
[2025-11-15T08:12:52.224+0000] {logging_mixin.py:151} INFO - [2025-11-15T08:12:52.224+0000] {dag.py:2915} INFO - Sync 1 DAGs
[2025-11-15T08:12:52.241+0000] {logging_mixin.py:151} INFO - [2025-11-15T08:12:52.241+0000] {dag.py:3696} INFO - Setting next_dagrun for dbt_transform to 2025-11-15T01:40:35.634758+00:00, run_after=2025-11-16T01:40:35.634758+00:00
[2025-11-15T08:12:52.256+0000] {processor.py:179} INFO - Processing /opt/airflow/dags/dbt_dag.py took 0.080 seconds
[2025-11-15T08:14:03.378+0000] {processor.py:157} INFO - Started process (PID=172) to work on /opt/airflow/dags/dbt_dag.py
[2025-11-15T08:14:03.379+0000] {processor.py:829} INFO - Processing file /opt/airflow/dags/dbt_dag.py for tasks to queue
[2025-11-15T08:14:03.381+0000] {logging_mixin.py:151} INFO - [2025-11-15T08:14:03.380+0000] {dagbag.py:539} INFO - Filling up the DagBag from /opt/airflow/dags/dbt_dag.py
[2025-11-15T08:14:03.410+0000] {processor.py:839} INFO - DAG(s) dict_keys(['dbt_transform']) retrieved from /opt/airflow/dags/dbt_dag.py
[2025-11-15T08:14:03.429+0000] {logging_mixin.py:151} INFO - [2025-11-15T08:14:03.429+0000] {dag.py:2915} INFO - Sync 1 DAGs
[2025-11-15T08:14:03.447+0000] {logging_mixin.py:151} INFO - [2025-11-15T08:14:03.447+0000] {dag.py:3696} INFO - Setting next_dagrun for dbt_transform to 2025-11-15T01:40:35.634758+00:00, run_after=2025-11-16T01:40:35.634758+00:00
[2025-11-15T08:14:03.566+0000] {processor.py:179} INFO - Processing /opt/airflow/dags/dbt_dag.py took 0.190 seconds
[2025-11-15T08:14:33.653+0000] {processor.py:157} INFO - Started process (PID=177) to work on /opt/airflow/dags/dbt_dag.py
[2025-11-15T08:14:33.654+0000] {processor.py:829} INFO - Processing file /opt/airflow/dags/dbt_dag.py for tasks to queue
[2025-11-15T08:14:33.655+0000] {logging_mixin.py:151} INFO - [2025-11-15T08:14:33.655+0000] {dagbag.py:539} INFO - Filling up the DagBag from /opt/airflow/dags/dbt_dag.py
[2025-11-15T08:14:33.677+0000] {processor.py:839} INFO - DAG(s) dict_keys(['dbt_transform']) retrieved from /opt/airflow/dags/dbt_dag.py
[2025-11-15T08:14:33.828+0000] {logging_mixin.py:151} INFO - [2025-11-15T08:14:33.828+0000] {dag.py:2915} INFO - Sync 1 DAGs
[2025-11-15T08:14:33.848+0000] {logging_mixin.py:151} INFO - [2025-11-15T08:14:33.848+0000] {dag.py:3696} INFO - Setting next_dagrun for dbt_transform to 2025-11-15T01:40:35.634758+00:00, run_after=2025-11-16T01:40:35.634758+00:00
[2025-11-15T08:14:33.889+0000] {processor.py:179} INFO - Processing /opt/airflow/dags/dbt_dag.py took 0.239 seconds
[2025-11-15T08:15:03.954+0000] {processor.py:157} INFO - Started process (PID=182) to work on /opt/airflow/dags/dbt_dag.py
[2025-11-15T08:15:03.956+0000] {processor.py:829} INFO - Processing file /opt/airflow/dags/dbt_dag.py for tasks to queue
[2025-11-15T08:15:03.957+0000] {logging_mixin.py:151} INFO - [2025-11-15T08:15:03.956+0000] {dagbag.py:539} INFO - Filling up the DagBag from /opt/airflow/dags/dbt_dag.py
[2025-11-15T08:15:03.992+0000] {processor.py:839} INFO - DAG(s) dict_keys(['dbt_transform']) retrieved from /opt/airflow/dags/dbt_dag.py
[2025-11-15T08:15:04.156+0000] {logging_mixin.py:151} INFO - [2025-11-15T08:15:04.156+0000] {dag.py:2915} INFO - Sync 1 DAGs
[2025-11-15T08:15:04.177+0000] {logging_mixin.py:151} INFO - [2025-11-15T08:15:04.177+0000] {dag.py:3696} INFO - Setting next_dagrun for dbt_transform to 2025-11-15T01:40:35.634758+00:00, run_after=2025-11-16T01:40:35.634758+00:00
[2025-11-15T08:15:04.201+0000] {processor.py:179} INFO - Processing /opt/airflow/dags/dbt_dag.py took 0.251 seconds
[2025-11-15T08:15:34.267+0000] {processor.py:157} INFO - Started process (PID=187) to work on /opt/airflow/dags/dbt_dag.py
[2025-11-15T08:15:34.268+0000] {processor.py:829} INFO - Processing file /opt/airflow/dags/dbt_dag.py for tasks to queue
[2025-11-15T08:15:34.269+0000] {logging_mixin.py:151} INFO - [2025-11-15T08:15:34.268+0000] {dagbag.py:539} INFO - Filling up the DagBag from /opt/airflow/dags/dbt_dag.py
[2025-11-15T08:15:34.301+0000] {processor.py:839} INFO - DAG(s) dict_keys(['dbt_transform']) retrieved from /opt/airflow/dags/dbt_dag.py
[2025-11-15T08:15:34.332+0000] {logging_mixin.py:151} INFO - [2025-11-15T08:15:34.332+0000] {dag.py:2915} INFO - Sync 1 DAGs
[2025-11-15T08:15:34.352+0000] {logging_mixin.py:151} INFO - [2025-11-15T08:15:34.352+0000] {dag.py:3696} INFO - Setting next_dagrun for dbt_transform to 2025-11-15T01:40:35.634758+00:00, run_after=2025-11-16T01:40:35.634758+00:00
[2025-11-15T08:15:34.375+0000] {processor.py:179} INFO - Processing /opt/airflow/dags/dbt_dag.py took 0.111 seconds
[2025-11-15T08:16:04.420+0000] {processor.py:157} INFO - Started process (PID=192) to work on /opt/airflow/dags/dbt_dag.py
[2025-11-15T08:16:04.421+0000] {processor.py:829} INFO - Processing file /opt/airflow/dags/dbt_dag.py for tasks to queue
[2025-11-15T08:16:04.423+0000] {logging_mixin.py:151} INFO - [2025-11-15T08:16:04.422+0000] {dagbag.py:539} INFO - Filling up the DagBag from /opt/airflow/dags/dbt_dag.py
[2025-11-15T08:16:04.446+0000] {processor.py:839} INFO - DAG(s) dict_keys(['dbt_transform']) retrieved from /opt/airflow/dags/dbt_dag.py
[2025-11-15T08:16:04.470+0000] {logging_mixin.py:151} INFO - [2025-11-15T08:16:04.470+0000] {dag.py:2915} INFO - Sync 1 DAGs
[2025-11-15T08:16:04.490+0000] {logging_mixin.py:151} INFO - [2025-11-15T08:16:04.489+0000] {dag.py:3696} INFO - Setting next_dagrun for dbt_transform to 2025-11-15T01:40:35.634758+00:00, run_after=2025-11-16T01:40:35.634758+00:00
[2025-11-15T08:16:04.507+0000] {processor.py:179} INFO - Processing /opt/airflow/dags/dbt_dag.py took 0.089 seconds
[2025-11-15T08:16:34.616+0000] {processor.py:157} INFO - Started process (PID=197) to work on /opt/airflow/dags/dbt_dag.py
[2025-11-15T08:16:34.617+0000] {processor.py:829} INFO - Processing file /opt/airflow/dags/dbt_dag.py for tasks to queue
[2025-11-15T08:16:34.619+0000] {logging_mixin.py:151} INFO - [2025-11-15T08:16:34.618+0000] {dagbag.py:539} INFO - Filling up the DagBag from /opt/airflow/dags/dbt_dag.py
[2025-11-15T08:16:34.652+0000] {processor.py:839} INFO - DAG(s) dict_keys(['dbt_transform']) retrieved from /opt/airflow/dags/dbt_dag.py
[2025-11-15T08:16:34.700+0000] {logging_mixin.py:151} INFO - [2025-11-15T08:16:34.700+0000] {dag.py:2915} INFO - Sync 1 DAGs
[2025-11-15T08:16:34.734+0000] {logging_mixin.py:151} INFO - [2025-11-15T08:16:34.734+0000] {dag.py:3696} INFO - Setting next_dagrun for dbt_transform to 2025-11-15T01:40:35.634758+00:00, run_after=2025-11-16T01:40:35.634758+00:00
[2025-11-15T08:16:34.765+0000] {processor.py:179} INFO - Processing /opt/airflow/dags/dbt_dag.py took 0.153 seconds
[2025-11-15T08:17:04.816+0000] {processor.py:157} INFO - Started process (PID=202) to work on /opt/airflow/dags/dbt_dag.py
[2025-11-15T08:17:04.817+0000] {processor.py:829} INFO - Processing file /opt/airflow/dags/dbt_dag.py for tasks to queue
[2025-11-15T08:17:04.818+0000] {logging_mixin.py:151} INFO - [2025-11-15T08:17:04.818+0000] {dagbag.py:539} INFO - Filling up the DagBag from /opt/airflow/dags/dbt_dag.py
[2025-11-15T08:17:04.843+0000] {processor.py:839} INFO - DAG(s) dict_keys(['dbt_transform']) retrieved from /opt/airflow/dags/dbt_dag.py
[2025-11-15T08:17:04.876+0000] {logging_mixin.py:151} INFO - [2025-11-15T08:17:04.876+0000] {dag.py:2915} INFO - Sync 1 DAGs
[2025-11-15T08:17:04.898+0000] {logging_mixin.py:151} INFO - [2025-11-15T08:17:04.898+0000] {dag.py:3696} INFO - Setting next_dagrun for dbt_transform to 2025-11-15T01:40:35.634758+00:00, run_after=2025-11-16T01:40:35.634758+00:00
[2025-11-15T08:17:04.918+0000] {processor.py:179} INFO - Processing /opt/airflow/dags/dbt_dag.py took 0.107 seconds
[2025-11-15T08:17:34.972+0000] {processor.py:157} INFO - Started process (PID=207) to work on /opt/airflow/dags/dbt_dag.py
[2025-11-15T08:17:34.973+0000] {processor.py:829} INFO - Processing file /opt/airflow/dags/dbt_dag.py for tasks to queue
[2025-11-15T08:17:34.975+0000] {logging_mixin.py:151} INFO - [2025-11-15T08:17:34.974+0000] {dagbag.py:539} INFO - Filling up the DagBag from /opt/airflow/dags/dbt_dag.py
[2025-11-15T08:17:35.000+0000] {processor.py:839} INFO - DAG(s) dict_keys(['dbt_transform']) retrieved from /opt/airflow/dags/dbt_dag.py
[2025-11-15T08:17:35.030+0000] {logging_mixin.py:151} INFO - [2025-11-15T08:17:35.030+0000] {dag.py:2915} INFO - Sync 1 DAGs
[2025-11-15T08:17:35.048+0000] {logging_mixin.py:151} INFO - [2025-11-15T08:17:35.048+0000] {dag.py:3696} INFO - Setting next_dagrun for dbt_transform to 2025-11-15T01:40:35.634758+00:00, run_after=2025-11-16T01:40:35.634758+00:00
[2025-11-15T08:17:35.066+0000] {processor.py:179} INFO - Processing /opt/airflow/dags/dbt_dag.py took 0.097 seconds
[2025-11-15T08:18:05.161+0000] {processor.py:157} INFO - Started process (PID=212) to work on /opt/airflow/dags/dbt_dag.py
[2025-11-15T08:18:05.162+0000] {processor.py:829} INFO - Processing file /opt/airflow/dags/dbt_dag.py for tasks to queue
[2025-11-15T08:18:05.163+0000] {logging_mixin.py:151} INFO - [2025-11-15T08:18:05.163+0000] {dagbag.py:539} INFO - Filling up the DagBag from /opt/airflow/dags/dbt_dag.py
[2025-11-15T08:18:05.184+0000] {processor.py:839} INFO - DAG(s) dict_keys(['dbt_transform']) retrieved from /opt/airflow/dags/dbt_dag.py
[2025-11-15T08:18:05.209+0000] {logging_mixin.py:151} INFO - [2025-11-15T08:18:05.209+0000] {dag.py:2915} INFO - Sync 1 DAGs
[2025-11-15T08:18:05.226+0000] {logging_mixin.py:151} INFO - [2025-11-15T08:18:05.226+0000] {dag.py:3696} INFO - Setting next_dagrun for dbt_transform to 2025-11-15T01:40:35.634758+00:00, run_after=2025-11-16T01:40:35.634758+00:00
[2025-11-15T08:18:05.245+0000] {processor.py:179} INFO - Processing /opt/airflow/dags/dbt_dag.py took 0.088 seconds
[2025-11-15T08:18:35.360+0000] {processor.py:157} INFO - Started process (PID=217) to work on /opt/airflow/dags/dbt_dag.py
[2025-11-15T08:18:35.361+0000] {processor.py:829} INFO - Processing file /opt/airflow/dags/dbt_dag.py for tasks to queue
[2025-11-15T08:18:35.362+0000] {logging_mixin.py:151} INFO - [2025-11-15T08:18:35.362+0000] {dagbag.py:539} INFO - Filling up the DagBag from /opt/airflow/dags/dbt_dag.py
[2025-11-15T08:18:35.379+0000] {processor.py:839} INFO - DAG(s) dict_keys(['dbt_transform']) retrieved from /opt/airflow/dags/dbt_dag.py
[2025-11-15T08:18:35.405+0000] {logging_mixin.py:151} INFO - [2025-11-15T08:18:35.404+0000] {dag.py:2915} INFO - Sync 1 DAGs
[2025-11-15T08:18:35.421+0000] {logging_mixin.py:151} INFO - [2025-11-15T08:18:35.421+0000] {dag.py:3696} INFO - Setting next_dagrun for dbt_transform to 2025-11-15T01:40:35.634758+00:00, run_after=2025-11-16T01:40:35.634758+00:00
[2025-11-15T08:18:35.443+0000] {processor.py:179} INFO - Processing /opt/airflow/dags/dbt_dag.py took 0.085 seconds
[2025-11-15T08:19:05.535+0000] {processor.py:157} INFO - Started process (PID=222) to work on /opt/airflow/dags/dbt_dag.py
[2025-11-15T08:19:05.536+0000] {processor.py:829} INFO - Processing file /opt/airflow/dags/dbt_dag.py for tasks to queue
[2025-11-15T08:19:05.538+0000] {logging_mixin.py:151} INFO - [2025-11-15T08:19:05.537+0000] {dagbag.py:539} INFO - Filling up the DagBag from /opt/airflow/dags/dbt_dag.py
[2025-11-15T08:19:05.570+0000] {processor.py:839} INFO - DAG(s) dict_keys(['dbt_transform']) retrieved from /opt/airflow/dags/dbt_dag.py
[2025-11-15T08:19:05.602+0000] {logging_mixin.py:151} INFO - [2025-11-15T08:19:05.601+0000] {dag.py:2915} INFO - Sync 1 DAGs
[2025-11-15T08:19:05.625+0000] {logging_mixin.py:151} INFO - [2025-11-15T08:19:05.625+0000] {dag.py:3696} INFO - Setting next_dagrun for dbt_transform to 2025-11-15T01:40:35.634758+00:00, run_after=2025-11-16T01:40:35.634758+00:00
[2025-11-15T08:19:05.648+0000] {processor.py:179} INFO - Processing /opt/airflow/dags/dbt_dag.py took 0.118 seconds
[2025-11-15T08:19:35.708+0000] {processor.py:157} INFO - Started process (PID=227) to work on /opt/airflow/dags/dbt_dag.py
[2025-11-15T08:19:35.709+0000] {processor.py:829} INFO - Processing file /opt/airflow/dags/dbt_dag.py for tasks to queue
[2025-11-15T08:19:35.711+0000] {logging_mixin.py:151} INFO - [2025-11-15T08:19:35.710+0000] {dagbag.py:539} INFO - Filling up the DagBag from /opt/airflow/dags/dbt_dag.py
[2025-11-15T08:19:35.741+0000] {processor.py:839} INFO - DAG(s) dict_keys(['dbt_transform']) retrieved from /opt/airflow/dags/dbt_dag.py
[2025-11-15T08:19:35.770+0000] {logging_mixin.py:151} INFO - [2025-11-15T08:19:35.770+0000] {dag.py:2915} INFO - Sync 1 DAGs
[2025-11-15T08:19:35.788+0000] {logging_mixin.py:151} INFO - [2025-11-15T08:19:35.788+0000] {dag.py:3696} INFO - Setting next_dagrun for dbt_transform to 2025-11-15T01:40:35.634758+00:00, run_after=2025-11-16T01:40:35.634758+00:00
[2025-11-15T08:19:35.809+0000] {processor.py:179} INFO - Processing /opt/airflow/dags/dbt_dag.py took 0.105 seconds
[2025-11-15T08:20:03.782+0000] {processor.py:157} INFO - Started process (PID=232) to work on /opt/airflow/dags/dbt_dag.py
[2025-11-15T08:20:03.783+0000] {processor.py:829} INFO - Processing file /opt/airflow/dags/dbt_dag.py for tasks to queue
[2025-11-15T08:20:03.785+0000] {logging_mixin.py:151} INFO - [2025-11-15T08:20:03.784+0000] {dagbag.py:539} INFO - Filling up the DagBag from /opt/airflow/dags/dbt_dag.py
[2025-11-15T08:20:03.834+0000] {processor.py:839} INFO - DAG(s) dict_keys(['dbt_transform']) retrieved from /opt/airflow/dags/dbt_dag.py
[2025-11-15T08:20:03.870+0000] {logging_mixin.py:151} INFO - [2025-11-15T08:20:03.869+0000] {dag.py:2915} INFO - Sync 1 DAGs
[2025-11-15T08:20:03.899+0000] {logging_mixin.py:151} INFO - [2025-11-15T08:20:03.899+0000] {dag.py:3696} INFO - Setting next_dagrun for dbt_transform to 2025-11-15T01:40:35.634758+00:00, run_after=2025-11-16T01:40:35.634758+00:00
[2025-11-15T08:20:03.931+0000] {processor.py:179} INFO - Processing /opt/airflow/dags/dbt_dag.py took 0.160 seconds
[2025-11-15T08:20:04.875+0000] {processor.py:157} INFO - Started process (PID=237) to work on /opt/airflow/dags/dbt_dag.py
[2025-11-15T08:20:04.876+0000] {processor.py:829} INFO - Processing file /opt/airflow/dags/dbt_dag.py for tasks to queue
[2025-11-15T08:20:04.877+0000] {logging_mixin.py:151} INFO - [2025-11-15T08:20:04.877+0000] {dagbag.py:539} INFO - Filling up the DagBag from /opt/airflow/dags/dbt_dag.py
[2025-11-15T08:20:04.908+0000] {processor.py:839} INFO - DAG(s) dict_keys(['dbt_transform']) retrieved from /opt/airflow/dags/dbt_dag.py
[2025-11-15T08:20:04.932+0000] {logging_mixin.py:151} INFO - [2025-11-15T08:20:04.932+0000] {dag.py:2915} INFO - Sync 1 DAGs
[2025-11-15T08:20:04.957+0000] {logging_mixin.py:151} INFO - [2025-11-15T08:20:04.957+0000] {dag.py:3696} INFO - Setting next_dagrun for dbt_transform to 2025-11-15T01:40:35.634758+00:00, run_after=2025-11-16T01:40:35.634758+00:00
[2025-11-15T08:20:04.979+0000] {processor.py:179} INFO - Processing /opt/airflow/dags/dbt_dag.py took 0.107 seconds
[2025-11-15T08:20:08.021+0000] {processor.py:157} INFO - Started process (PID=242) to work on /opt/airflow/dags/dbt_dag.py
[2025-11-15T08:20:08.023+0000] {processor.py:829} INFO - Processing file /opt/airflow/dags/dbt_dag.py for tasks to queue
[2025-11-15T08:20:08.024+0000] {logging_mixin.py:151} INFO - [2025-11-15T08:20:08.024+0000] {dagbag.py:539} INFO - Filling up the DagBag from /opt/airflow/dags/dbt_dag.py
[2025-11-15T08:20:08.070+0000] {processor.py:839} INFO - DAG(s) dict_keys(['dbt_transform']) retrieved from /opt/airflow/dags/dbt_dag.py
[2025-11-15T08:20:08.094+0000] {logging_mixin.py:151} INFO - [2025-11-15T08:20:08.094+0000] {dag.py:2915} INFO - Sync 1 DAGs
[2025-11-15T08:20:08.113+0000] {logging_mixin.py:151} INFO - [2025-11-15T08:20:08.113+0000] {dag.py:3696} INFO - Setting next_dagrun for dbt_transform to 2025-11-15T01:40:35.634758+00:00, run_after=2025-11-16T01:40:35.634758+00:00
[2025-11-15T08:20:08.139+0000] {processor.py:179} INFO - Processing /opt/airflow/dags/dbt_dag.py took 0.121 seconds
[2025-11-15T08:20:38.202+0000] {processor.py:157} INFO - Started process (PID=247) to work on /opt/airflow/dags/dbt_dag.py
[2025-11-15T08:20:38.203+0000] {processor.py:829} INFO - Processing file /opt/airflow/dags/dbt_dag.py for tasks to queue
[2025-11-15T08:20:38.204+0000] {logging_mixin.py:151} INFO - [2025-11-15T08:20:38.203+0000] {dagbag.py:539} INFO - Filling up the DagBag from /opt/airflow/dags/dbt_dag.py
[2025-11-15T08:20:38.226+0000] {processor.py:839} INFO - DAG(s) dict_keys(['dbt_transform']) retrieved from /opt/airflow/dags/dbt_dag.py
[2025-11-15T08:20:38.251+0000] {logging_mixin.py:151} INFO - [2025-11-15T08:20:38.251+0000] {dag.py:2915} INFO - Sync 1 DAGs
[2025-11-15T08:20:38.269+0000] {logging_mixin.py:151} INFO - [2025-11-15T08:20:38.269+0000] {dag.py:3696} INFO - Setting next_dagrun for dbt_transform to 2025-11-15T01:40:35.634758+00:00, run_after=2025-11-16T01:40:35.634758+00:00
[2025-11-15T08:20:38.286+0000] {processor.py:179} INFO - Processing /opt/airflow/dags/dbt_dag.py took 0.087 seconds
[2025-11-15T08:21:08.331+0000] {processor.py:157} INFO - Started process (PID=252) to work on /opt/airflow/dags/dbt_dag.py
[2025-11-15T08:21:08.332+0000] {processor.py:829} INFO - Processing file /opt/airflow/dags/dbt_dag.py for tasks to queue
[2025-11-15T08:21:08.333+0000] {logging_mixin.py:151} INFO - [2025-11-15T08:21:08.332+0000] {dagbag.py:539} INFO - Filling up the DagBag from /opt/airflow/dags/dbt_dag.py
[2025-11-15T08:21:08.351+0000] {processor.py:839} INFO - DAG(s) dict_keys(['dbt_transform']) retrieved from /opt/airflow/dags/dbt_dag.py
[2025-11-15T08:21:08.373+0000] {logging_mixin.py:151} INFO - [2025-11-15T08:21:08.373+0000] {dag.py:2915} INFO - Sync 1 DAGs
[2025-11-15T08:21:08.390+0000] {logging_mixin.py:151} INFO - [2025-11-15T08:21:08.390+0000] {dag.py:3696} INFO - Setting next_dagrun for dbt_transform to 2025-11-15T01:40:35.634758+00:00, run_after=2025-11-16T01:40:35.634758+00:00
[2025-11-15T08:21:08.409+0000] {processor.py:179} INFO - Processing /opt/airflow/dags/dbt_dag.py took 0.081 seconds
