[2025-11-08T06:34:37.079+0000] {processor.py:157} INFO - Started process (PID=163) to work on /opt/airflow/dags/dbt_dag.py
[2025-11-08T06:34:37.080+0000] {processor.py:829} INFO - Processing file /opt/airflow/dags/dbt_dag.py for tasks to queue
[2025-11-08T06:34:37.083+0000] {logging_mixin.py:151} INFO - [2025-11-08T06:34:37.082+0000] {dagbag.py:539} INFO - Filling up the DagBag from /opt/airflow/dags/dbt_dag.py
[2025-11-08T06:34:37.151+0000] {processor.py:839} INFO - DAG(s) dict_keys(['dbt_transform']) retrieved from /opt/airflow/dags/dbt_dag.py
[2025-11-08T06:34:37.234+0000] {logging_mixin.py:151} INFO - [2025-11-08T06:34:37.234+0000] {dag.py:2915} INFO - Sync 1 DAGs
[2025-11-08T06:34:37.287+0000] {logging_mixin.py:151} INFO - [2025-11-08T06:34:37.287+0000] {dag.py:3696} INFO - Setting next_dagrun for dbt_transform to 2025-11-08T06:34:35.128224+00:00, run_after=2025-11-08T06:39:35.128224+00:00
[2025-11-08T06:34:37.320+0000] {processor.py:179} INFO - Processing /opt/airflow/dags/dbt_dag.py took 0.260 seconds
[2025-11-08T06:35:07.505+0000] {processor.py:157} INFO - Started process (PID=195) to work on /opt/airflow/dags/dbt_dag.py
[2025-11-08T06:35:07.507+0000] {processor.py:829} INFO - Processing file /opt/airflow/dags/dbt_dag.py for tasks to queue
[2025-11-08T06:35:07.514+0000] {logging_mixin.py:151} INFO - [2025-11-08T06:35:07.513+0000] {dagbag.py:539} INFO - Filling up the DagBag from /opt/airflow/dags/dbt_dag.py
[2025-11-08T06:35:07.581+0000] {processor.py:839} INFO - DAG(s) dict_keys(['dbt_transform']) retrieved from /opt/airflow/dags/dbt_dag.py
[2025-11-08T06:35:07.668+0000] {logging_mixin.py:151} INFO - [2025-11-08T06:35:07.668+0000] {dag.py:2915} INFO - Sync 1 DAGs
[2025-11-08T06:35:07.713+0000] {logging_mixin.py:151} INFO - [2025-11-08T06:35:07.713+0000] {dag.py:3696} INFO - Setting next_dagrun for dbt_transform to 2025-11-08T06:34:35.128224+00:00, run_after=2025-11-08T06:39:35.128224+00:00
[2025-11-08T06:35:07.740+0000] {processor.py:179} INFO - Processing /opt/airflow/dags/dbt_dag.py took 0.247 seconds
[2025-11-08T06:35:38.034+0000] {processor.py:157} INFO - Started process (PID=200) to work on /opt/airflow/dags/dbt_dag.py
[2025-11-08T06:35:38.035+0000] {processor.py:829} INFO - Processing file /opt/airflow/dags/dbt_dag.py for tasks to queue
[2025-11-08T06:35:38.036+0000] {logging_mixin.py:151} INFO - [2025-11-08T06:35:38.036+0000] {dagbag.py:539} INFO - Filling up the DagBag from /opt/airflow/dags/dbt_dag.py
[2025-11-08T06:35:38.068+0000] {processor.py:839} INFO - DAG(s) dict_keys(['dbt_transform']) retrieved from /opt/airflow/dags/dbt_dag.py
[2025-11-08T06:35:38.100+0000] {logging_mixin.py:151} INFO - [2025-11-08T06:35:38.100+0000] {dag.py:2915} INFO - Sync 1 DAGs
[2025-11-08T06:35:38.125+0000] {logging_mixin.py:151} INFO - [2025-11-08T06:35:38.125+0000] {dag.py:3696} INFO - Setting next_dagrun for dbt_transform to 2025-11-08T06:34:35.128224+00:00, run_after=2025-11-08T06:39:35.128224+00:00
[2025-11-08T06:35:38.752+0000] {processor.py:179} INFO - Processing /opt/airflow/dags/dbt_dag.py took 0.723 seconds
[2025-11-08T06:36:09.072+0000] {processor.py:157} INFO - Started process (PID=205) to work on /opt/airflow/dags/dbt_dag.py
[2025-11-08T06:36:09.072+0000] {processor.py:829} INFO - Processing file /opt/airflow/dags/dbt_dag.py for tasks to queue
[2025-11-08T06:36:09.073+0000] {logging_mixin.py:151} INFO - [2025-11-08T06:36:09.073+0000] {dagbag.py:539} INFO - Filling up the DagBag from /opt/airflow/dags/dbt_dag.py
[2025-11-08T06:36:09.096+0000] {processor.py:839} INFO - DAG(s) dict_keys(['dbt_transform']) retrieved from /opt/airflow/dags/dbt_dag.py
[2025-11-08T06:36:09.126+0000] {logging_mixin.py:151} INFO - [2025-11-08T06:36:09.126+0000] {dag.py:2915} INFO - Sync 1 DAGs
[2025-11-08T06:36:09.304+0000] {logging_mixin.py:151} INFO - [2025-11-08T06:36:09.304+0000] {dag.py:3696} INFO - Setting next_dagrun for dbt_transform to 2025-11-08T06:34:35.128224+00:00, run_after=2025-11-08T06:39:35.128224+00:00
[2025-11-08T06:36:09.323+0000] {processor.py:179} INFO - Processing /opt/airflow/dags/dbt_dag.py took 0.254 seconds
[2025-11-08T06:36:39.505+0000] {processor.py:157} INFO - Started process (PID=210) to work on /opt/airflow/dags/dbt_dag.py
[2025-11-08T06:36:39.506+0000] {processor.py:829} INFO - Processing file /opt/airflow/dags/dbt_dag.py for tasks to queue
[2025-11-08T06:36:39.507+0000] {logging_mixin.py:151} INFO - [2025-11-08T06:36:39.506+0000] {dagbag.py:539} INFO - Filling up the DagBag from /opt/airflow/dags/dbt_dag.py
[2025-11-08T06:36:39.522+0000] {processor.py:839} INFO - DAG(s) dict_keys(['dbt_transform']) retrieved from /opt/airflow/dags/dbt_dag.py
[2025-11-08T06:36:39.548+0000] {logging_mixin.py:151} INFO - [2025-11-08T06:36:39.548+0000] {dag.py:2915} INFO - Sync 1 DAGs
[2025-11-08T06:36:39.690+0000] {logging_mixin.py:151} INFO - [2025-11-08T06:36:39.690+0000] {dag.py:3696} INFO - Setting next_dagrun for dbt_transform to 2025-11-08T06:34:35.128224+00:00, run_after=2025-11-08T06:39:35.128224+00:00
[2025-11-08T06:36:39.710+0000] {processor.py:179} INFO - Processing /opt/airflow/dags/dbt_dag.py took 0.208 seconds
[2025-11-08T06:37:09.825+0000] {processor.py:157} INFO - Started process (PID=240) to work on /opt/airflow/dags/dbt_dag.py
[2025-11-08T06:37:09.826+0000] {processor.py:829} INFO - Processing file /opt/airflow/dags/dbt_dag.py for tasks to queue
[2025-11-08T06:37:09.827+0000] {logging_mixin.py:151} INFO - [2025-11-08T06:37:09.826+0000] {dagbag.py:539} INFO - Filling up the DagBag from /opt/airflow/dags/dbt_dag.py
[2025-11-08T06:37:09.850+0000] {processor.py:839} INFO - DAG(s) dict_keys(['dbt_transform']) retrieved from /opt/airflow/dags/dbt_dag.py
[2025-11-08T06:37:10.004+0000] {logging_mixin.py:151} INFO - [2025-11-08T06:37:10.004+0000] {dag.py:2915} INFO - Sync 1 DAGs
[2025-11-08T06:37:10.019+0000] {logging_mixin.py:151} INFO - [2025-11-08T06:37:10.018+0000] {dag.py:3696} INFO - Setting next_dagrun for dbt_transform to 2025-11-08T06:34:35.128224+00:00, run_after=2025-11-08T06:39:35.128224+00:00
[2025-11-08T06:37:10.041+0000] {processor.py:179} INFO - Processing /opt/airflow/dags/dbt_dag.py took 0.218 seconds
[2025-11-08T06:37:40.181+0000] {processor.py:157} INFO - Started process (PID=245) to work on /opt/airflow/dags/dbt_dag.py
[2025-11-08T06:37:40.182+0000] {processor.py:829} INFO - Processing file /opt/airflow/dags/dbt_dag.py for tasks to queue
[2025-11-08T06:37:40.183+0000] {logging_mixin.py:151} INFO - [2025-11-08T06:37:40.183+0000] {dagbag.py:539} INFO - Filling up the DagBag from /opt/airflow/dags/dbt_dag.py
[2025-11-08T06:37:40.387+0000] {processor.py:839} INFO - DAG(s) dict_keys(['dbt_transform']) retrieved from /opt/airflow/dags/dbt_dag.py
[2025-11-08T06:37:40.409+0000] {logging_mixin.py:151} INFO - [2025-11-08T06:37:40.409+0000] {dag.py:2915} INFO - Sync 1 DAGs
[2025-11-08T06:37:40.424+0000] {logging_mixin.py:151} INFO - [2025-11-08T06:37:40.423+0000] {dag.py:3696} INFO - Setting next_dagrun for dbt_transform to 2025-11-08T06:34:35.128224+00:00, run_after=2025-11-08T06:39:35.128224+00:00
[2025-11-08T06:37:40.453+0000] {processor.py:179} INFO - Processing /opt/airflow/dags/dbt_dag.py took 0.274 seconds
[2025-11-08T06:38:10.669+0000] {processor.py:157} INFO - Started process (PID=250) to work on /opt/airflow/dags/dbt_dag.py
[2025-11-08T06:38:10.670+0000] {processor.py:829} INFO - Processing file /opt/airflow/dags/dbt_dag.py for tasks to queue
[2025-11-08T06:38:10.671+0000] {logging_mixin.py:151} INFO - [2025-11-08T06:38:10.670+0000] {dagbag.py:539} INFO - Filling up the DagBag from /opt/airflow/dags/dbt_dag.py
[2025-11-08T06:38:10.686+0000] {processor.py:839} INFO - DAG(s) dict_keys(['dbt_transform']) retrieved from /opt/airflow/dags/dbt_dag.py
[2025-11-08T06:38:10.719+0000] {logging_mixin.py:151} INFO - [2025-11-08T06:38:10.719+0000] {dag.py:2915} INFO - Sync 1 DAGs
[2025-11-08T06:38:10.737+0000] {logging_mixin.py:151} INFO - [2025-11-08T06:38:10.737+0000] {dag.py:3696} INFO - Setting next_dagrun for dbt_transform to 2025-11-08T06:34:35.128224+00:00, run_after=2025-11-08T06:39:35.128224+00:00
[2025-11-08T06:38:10.757+0000] {processor.py:179} INFO - Processing /opt/airflow/dags/dbt_dag.py took 0.091 seconds
[2025-11-08T06:38:41.016+0000] {processor.py:157} INFO - Started process (PID=255) to work on /opt/airflow/dags/dbt_dag.py
[2025-11-08T06:38:41.017+0000] {processor.py:829} INFO - Processing file /opt/airflow/dags/dbt_dag.py for tasks to queue
[2025-11-08T06:38:41.018+0000] {logging_mixin.py:151} INFO - [2025-11-08T06:38:41.018+0000] {dagbag.py:539} INFO - Filling up the DagBag from /opt/airflow/dags/dbt_dag.py
[2025-11-08T06:38:41.039+0000] {processor.py:839} INFO - DAG(s) dict_keys(['dbt_transform']) retrieved from /opt/airflow/dags/dbt_dag.py
[2025-11-08T06:38:41.072+0000] {logging_mixin.py:151} INFO - [2025-11-08T06:38:41.072+0000] {dag.py:2915} INFO - Sync 1 DAGs
[2025-11-08T06:38:41.094+0000] {logging_mixin.py:151} INFO - [2025-11-08T06:38:41.093+0000] {dag.py:3696} INFO - Setting next_dagrun for dbt_transform to 2025-11-08T06:34:35.128224+00:00, run_after=2025-11-08T06:39:35.128224+00:00
[2025-11-08T06:38:41.120+0000] {processor.py:179} INFO - Processing /opt/airflow/dags/dbt_dag.py took 0.107 seconds
[2025-11-08T06:39:11.283+0000] {processor.py:157} INFO - Started process (PID=260) to work on /opt/airflow/dags/dbt_dag.py
[2025-11-08T06:39:11.284+0000] {processor.py:829} INFO - Processing file /opt/airflow/dags/dbt_dag.py for tasks to queue
[2025-11-08T06:39:11.285+0000] {logging_mixin.py:151} INFO - [2025-11-08T06:39:11.284+0000] {dagbag.py:539} INFO - Filling up the DagBag from /opt/airflow/dags/dbt_dag.py
[2025-11-08T06:39:11.302+0000] {processor.py:839} INFO - DAG(s) dict_keys(['dbt_transform']) retrieved from /opt/airflow/dags/dbt_dag.py
[2025-11-08T06:39:11.329+0000] {logging_mixin.py:151} INFO - [2025-11-08T06:39:11.329+0000] {dag.py:2915} INFO - Sync 1 DAGs
[2025-11-08T06:39:11.347+0000] {logging_mixin.py:151} INFO - [2025-11-08T06:39:11.347+0000] {dag.py:3696} INFO - Setting next_dagrun for dbt_transform to 2025-11-08T06:34:35.128224+00:00, run_after=2025-11-08T06:39:35.128224+00:00
[2025-11-08T06:39:11.366+0000] {processor.py:179} INFO - Processing /opt/airflow/dags/dbt_dag.py took 0.087 seconds
[2025-11-08T06:39:41.740+0000] {processor.py:157} INFO - Started process (PID=277) to work on /opt/airflow/dags/dbt_dag.py
[2025-11-08T06:39:41.742+0000] {processor.py:829} INFO - Processing file /opt/airflow/dags/dbt_dag.py for tasks to queue
[2025-11-08T06:39:41.748+0000] {logging_mixin.py:151} INFO - [2025-11-08T06:39:41.745+0000] {dagbag.py:539} INFO - Filling up the DagBag from /opt/airflow/dags/dbt_dag.py
[2025-11-08T06:39:41.825+0000] {processor.py:839} INFO - DAG(s) dict_keys(['dbt_transform']) retrieved from /opt/airflow/dags/dbt_dag.py
[2025-11-08T06:39:42.015+0000] {logging_mixin.py:151} INFO - [2025-11-08T06:39:42.014+0000] {dag.py:2915} INFO - Sync 1 DAGs
[2025-11-08T06:39:42.074+0000] {logging_mixin.py:151} INFO - [2025-11-08T06:39:42.073+0000] {dag.py:3696} INFO - Setting next_dagrun for dbt_transform to 2025-11-08T06:39:35.128224+00:00, run_after=2025-11-08T06:44:35.128224+00:00
[2025-11-08T06:39:42.114+0000] {processor.py:179} INFO - Processing /opt/airflow/dags/dbt_dag.py took 0.411 seconds
[2025-11-08T06:40:12.378+0000] {processor.py:157} INFO - Started process (PID=295) to work on /opt/airflow/dags/dbt_dag.py
[2025-11-08T06:40:12.379+0000] {processor.py:829} INFO - Processing file /opt/airflow/dags/dbt_dag.py for tasks to queue
[2025-11-08T06:40:12.379+0000] {logging_mixin.py:151} INFO - [2025-11-08T06:40:12.379+0000] {dagbag.py:539} INFO - Filling up the DagBag from /opt/airflow/dags/dbt_dag.py
[2025-11-08T06:40:12.396+0000] {processor.py:839} INFO - DAG(s) dict_keys(['dbt_transform']) retrieved from /opt/airflow/dags/dbt_dag.py
[2025-11-08T06:40:12.419+0000] {logging_mixin.py:151} INFO - [2025-11-08T06:40:12.418+0000] {dag.py:2915} INFO - Sync 1 DAGs
[2025-11-08T06:40:12.435+0000] {logging_mixin.py:151} INFO - [2025-11-08T06:40:12.435+0000] {dag.py:3696} INFO - Setting next_dagrun for dbt_transform to 2025-11-08T06:39:35.128224+00:00, run_after=2025-11-08T06:44:35.128224+00:00
[2025-11-08T06:40:12.454+0000] {processor.py:179} INFO - Processing /opt/airflow/dags/dbt_dag.py took 0.080 seconds
[2025-11-08T06:40:42.731+0000] {processor.py:157} INFO - Started process (PID=300) to work on /opt/airflow/dags/dbt_dag.py
[2025-11-08T06:40:42.732+0000] {processor.py:829} INFO - Processing file /opt/airflow/dags/dbt_dag.py for tasks to queue
[2025-11-08T06:40:42.733+0000] {logging_mixin.py:151} INFO - [2025-11-08T06:40:42.733+0000] {dagbag.py:539} INFO - Filling up the DagBag from /opt/airflow/dags/dbt_dag.py
[2025-11-08T06:40:42.756+0000] {processor.py:839} INFO - DAG(s) dict_keys(['dbt_transform']) retrieved from /opt/airflow/dags/dbt_dag.py
[2025-11-08T06:40:42.789+0000] {logging_mixin.py:151} INFO - [2025-11-08T06:40:42.789+0000] {dag.py:2915} INFO - Sync 1 DAGs
[2025-11-08T06:40:42.815+0000] {logging_mixin.py:151} INFO - [2025-11-08T06:40:42.814+0000] {dag.py:3696} INFO - Setting next_dagrun for dbt_transform to 2025-11-08T06:39:35.128224+00:00, run_after=2025-11-08T06:44:35.128224+00:00
[2025-11-08T06:40:42.835+0000] {processor.py:179} INFO - Processing /opt/airflow/dags/dbt_dag.py took 0.108 seconds
[2025-11-08T06:41:13.034+0000] {processor.py:157} INFO - Started process (PID=305) to work on /opt/airflow/dags/dbt_dag.py
[2025-11-08T06:41:13.034+0000] {processor.py:829} INFO - Processing file /opt/airflow/dags/dbt_dag.py for tasks to queue
[2025-11-08T06:41:13.035+0000] {logging_mixin.py:151} INFO - [2025-11-08T06:41:13.035+0000] {dagbag.py:539} INFO - Filling up the DagBag from /opt/airflow/dags/dbt_dag.py
[2025-11-08T06:41:13.052+0000] {processor.py:839} INFO - DAG(s) dict_keys(['dbt_transform']) retrieved from /opt/airflow/dags/dbt_dag.py
[2025-11-08T06:41:13.077+0000] {logging_mixin.py:151} INFO - [2025-11-08T06:41:13.077+0000] {dag.py:2915} INFO - Sync 1 DAGs
[2025-11-08T06:41:13.094+0000] {logging_mixin.py:151} INFO - [2025-11-08T06:41:13.094+0000] {dag.py:3696} INFO - Setting next_dagrun for dbt_transform to 2025-11-08T06:39:35.128224+00:00, run_after=2025-11-08T06:44:35.128224+00:00
[2025-11-08T06:41:13.117+0000] {processor.py:179} INFO - Processing /opt/airflow/dags/dbt_dag.py took 0.086 seconds
[2025-11-08T06:41:43.346+0000] {processor.py:157} INFO - Started process (PID=310) to work on /opt/airflow/dags/dbt_dag.py
[2025-11-08T06:41:43.346+0000] {processor.py:829} INFO - Processing file /opt/airflow/dags/dbt_dag.py for tasks to queue
[2025-11-08T06:41:43.347+0000] {logging_mixin.py:151} INFO - [2025-11-08T06:41:43.347+0000] {dagbag.py:539} INFO - Filling up the DagBag from /opt/airflow/dags/dbt_dag.py
[2025-11-08T06:41:43.363+0000] {processor.py:839} INFO - DAG(s) dict_keys(['dbt_transform']) retrieved from /opt/airflow/dags/dbt_dag.py
[2025-11-08T06:41:43.387+0000] {logging_mixin.py:151} INFO - [2025-11-08T06:41:43.387+0000] {dag.py:2915} INFO - Sync 1 DAGs
[2025-11-08T06:41:43.405+0000] {logging_mixin.py:151} INFO - [2025-11-08T06:41:43.404+0000] {dag.py:3696} INFO - Setting next_dagrun for dbt_transform to 2025-11-08T06:39:35.128224+00:00, run_after=2025-11-08T06:44:35.128224+00:00
[2025-11-08T06:41:43.424+0000] {processor.py:179} INFO - Processing /opt/airflow/dags/dbt_dag.py took 0.081 seconds
[2025-11-08T06:42:13.634+0000] {processor.py:157} INFO - Started process (PID=315) to work on /opt/airflow/dags/dbt_dag.py
[2025-11-08T06:42:13.635+0000] {processor.py:829} INFO - Processing file /opt/airflow/dags/dbt_dag.py for tasks to queue
[2025-11-08T06:42:13.636+0000] {logging_mixin.py:151} INFO - [2025-11-08T06:42:13.636+0000] {dagbag.py:539} INFO - Filling up the DagBag from /opt/airflow/dags/dbt_dag.py
[2025-11-08T06:42:13.652+0000] {processor.py:839} INFO - DAG(s) dict_keys(['dbt_transform']) retrieved from /opt/airflow/dags/dbt_dag.py
[2025-11-08T06:42:13.679+0000] {logging_mixin.py:151} INFO - [2025-11-08T06:42:13.678+0000] {dag.py:2915} INFO - Sync 1 DAGs
[2025-11-08T06:42:13.697+0000] {logging_mixin.py:151} INFO - [2025-11-08T06:42:13.696+0000] {dag.py:3696} INFO - Setting next_dagrun for dbt_transform to 2025-11-08T06:39:35.128224+00:00, run_after=2025-11-08T06:44:35.128224+00:00
[2025-11-08T06:42:13.717+0000] {processor.py:179} INFO - Processing /opt/airflow/dags/dbt_dag.py took 0.086 seconds
[2025-11-08T06:42:43.975+0000] {processor.py:157} INFO - Started process (PID=320) to work on /opt/airflow/dags/dbt_dag.py
[2025-11-08T06:42:43.976+0000] {processor.py:829} INFO - Processing file /opt/airflow/dags/dbt_dag.py for tasks to queue
[2025-11-08T06:42:43.977+0000] {logging_mixin.py:151} INFO - [2025-11-08T06:42:43.977+0000] {dagbag.py:539} INFO - Filling up the DagBag from /opt/airflow/dags/dbt_dag.py
[2025-11-08T06:42:43.998+0000] {processor.py:839} INFO - DAG(s) dict_keys(['dbt_transform']) retrieved from /opt/airflow/dags/dbt_dag.py
[2025-11-08T06:42:44.022+0000] {logging_mixin.py:151} INFO - [2025-11-08T06:42:44.021+0000] {dag.py:2915} INFO - Sync 1 DAGs
[2025-11-08T06:42:44.039+0000] {logging_mixin.py:151} INFO - [2025-11-08T06:42:44.038+0000] {dag.py:3696} INFO - Setting next_dagrun for dbt_transform to 2025-11-08T06:39:35.128224+00:00, run_after=2025-11-08T06:44:35.128224+00:00
[2025-11-08T06:42:44.057+0000] {processor.py:179} INFO - Processing /opt/airflow/dags/dbt_dag.py took 0.086 seconds
[2025-11-08T06:43:14.262+0000] {processor.py:157} INFO - Started process (PID=325) to work on /opt/airflow/dags/dbt_dag.py
[2025-11-08T06:43:14.263+0000] {processor.py:829} INFO - Processing file /opt/airflow/dags/dbt_dag.py for tasks to queue
[2025-11-08T06:43:14.263+0000] {logging_mixin.py:151} INFO - [2025-11-08T06:43:14.263+0000] {dagbag.py:539} INFO - Filling up the DagBag from /opt/airflow/dags/dbt_dag.py
[2025-11-08T06:43:14.282+0000] {processor.py:839} INFO - DAG(s) dict_keys(['dbt_transform']) retrieved from /opt/airflow/dags/dbt_dag.py
[2025-11-08T06:43:14.316+0000] {logging_mixin.py:151} INFO - [2025-11-08T06:43:14.315+0000] {dag.py:2915} INFO - Sync 1 DAGs
[2025-11-08T06:43:14.341+0000] {logging_mixin.py:151} INFO - [2025-11-08T06:43:14.340+0000] {dag.py:3696} INFO - Setting next_dagrun for dbt_transform to 2025-11-08T06:39:35.128224+00:00, run_after=2025-11-08T06:44:35.128224+00:00
[2025-11-08T06:43:14.368+0000] {processor.py:179} INFO - Processing /opt/airflow/dags/dbt_dag.py took 0.109 seconds
[2025-11-08T06:43:44.658+0000] {processor.py:157} INFO - Started process (PID=330) to work on /opt/airflow/dags/dbt_dag.py
[2025-11-08T06:43:44.658+0000] {processor.py:829} INFO - Processing file /opt/airflow/dags/dbt_dag.py for tasks to queue
[2025-11-08T06:43:44.659+0000] {logging_mixin.py:151} INFO - [2025-11-08T06:43:44.659+0000] {dagbag.py:539} INFO - Filling up the DagBag from /opt/airflow/dags/dbt_dag.py
[2025-11-08T06:43:44.675+0000] {processor.py:839} INFO - DAG(s) dict_keys(['dbt_transform']) retrieved from /opt/airflow/dags/dbt_dag.py
[2025-11-08T06:43:44.700+0000] {logging_mixin.py:151} INFO - [2025-11-08T06:43:44.700+0000] {dag.py:2915} INFO - Sync 1 DAGs
[2025-11-08T06:43:44.717+0000] {logging_mixin.py:151} INFO - [2025-11-08T06:43:44.717+0000] {dag.py:3696} INFO - Setting next_dagrun for dbt_transform to 2025-11-08T06:39:35.128224+00:00, run_after=2025-11-08T06:44:35.128224+00:00
[2025-11-08T06:43:44.737+0000] {processor.py:179} INFO - Processing /opt/airflow/dags/dbt_dag.py took 0.082 seconds
[2025-11-08T06:44:14.965+0000] {processor.py:157} INFO - Started process (PID=335) to work on /opt/airflow/dags/dbt_dag.py
[2025-11-08T06:44:14.968+0000] {processor.py:829} INFO - Processing file /opt/airflow/dags/dbt_dag.py for tasks to queue
[2025-11-08T06:44:14.970+0000] {logging_mixin.py:151} INFO - [2025-11-08T06:44:14.969+0000] {dagbag.py:539} INFO - Filling up the DagBag from /opt/airflow/dags/dbt_dag.py
[2025-11-08T06:44:15.002+0000] {processor.py:839} INFO - DAG(s) dict_keys(['dbt_transform']) retrieved from /opt/airflow/dags/dbt_dag.py
[2025-11-08T06:44:15.041+0000] {logging_mixin.py:151} INFO - [2025-11-08T06:44:15.040+0000] {dag.py:2915} INFO - Sync 1 DAGs
[2025-11-08T06:44:15.062+0000] {logging_mixin.py:151} INFO - [2025-11-08T06:44:15.061+0000] {dag.py:3696} INFO - Setting next_dagrun for dbt_transform to 2025-11-08T06:39:35.128224+00:00, run_after=2025-11-08T06:44:35.128224+00:00
[2025-11-08T06:44:15.080+0000] {processor.py:179} INFO - Processing /opt/airflow/dags/dbt_dag.py took 0.120 seconds
[2025-11-08T06:44:45.288+0000] {processor.py:157} INFO - Started process (PID=366) to work on /opt/airflow/dags/dbt_dag.py
[2025-11-08T06:44:45.289+0000] {processor.py:829} INFO - Processing file /opt/airflow/dags/dbt_dag.py for tasks to queue
[2025-11-08T06:44:45.290+0000] {logging_mixin.py:151} INFO - [2025-11-08T06:44:45.289+0000] {dagbag.py:539} INFO - Filling up the DagBag from /opt/airflow/dags/dbt_dag.py
[2025-11-08T06:44:45.311+0000] {processor.py:839} INFO - DAG(s) dict_keys(['dbt_transform']) retrieved from /opt/airflow/dags/dbt_dag.py
[2025-11-08T06:44:45.337+0000] {logging_mixin.py:151} INFO - [2025-11-08T06:44:45.337+0000] {dag.py:2915} INFO - Sync 1 DAGs
[2025-11-08T06:44:45.355+0000] {logging_mixin.py:151} INFO - [2025-11-08T06:44:45.355+0000] {dag.py:3696} INFO - Setting next_dagrun for dbt_transform to 2025-11-08T06:44:35.128224+00:00, run_after=2025-11-08T06:49:35.128224+00:00
[2025-11-08T06:44:45.377+0000] {processor.py:179} INFO - Processing /opt/airflow/dags/dbt_dag.py took 0.093 seconds
[2025-11-08T06:45:15.591+0000] {processor.py:157} INFO - Started process (PID=371) to work on /opt/airflow/dags/dbt_dag.py
[2025-11-08T06:45:15.592+0000] {processor.py:829} INFO - Processing file /opt/airflow/dags/dbt_dag.py for tasks to queue
[2025-11-08T06:45:15.593+0000] {logging_mixin.py:151} INFO - [2025-11-08T06:45:15.593+0000] {dagbag.py:539} INFO - Filling up the DagBag from /opt/airflow/dags/dbt_dag.py
[2025-11-08T06:45:15.612+0000] {processor.py:839} INFO - DAG(s) dict_keys(['dbt_transform']) retrieved from /opt/airflow/dags/dbt_dag.py
[2025-11-08T06:45:15.636+0000] {logging_mixin.py:151} INFO - [2025-11-08T06:45:15.636+0000] {dag.py:2915} INFO - Sync 1 DAGs
[2025-11-08T06:45:15.653+0000] {logging_mixin.py:151} INFO - [2025-11-08T06:45:15.653+0000] {dag.py:3696} INFO - Setting next_dagrun for dbt_transform to 2025-11-08T06:44:35.128224+00:00, run_after=2025-11-08T06:49:35.128224+00:00
[2025-11-08T06:45:15.672+0000] {processor.py:179} INFO - Processing /opt/airflow/dags/dbt_dag.py took 0.084 seconds
[2025-11-08T06:45:45.861+0000] {processor.py:157} INFO - Started process (PID=376) to work on /opt/airflow/dags/dbt_dag.py
[2025-11-08T06:45:45.861+0000] {processor.py:829} INFO - Processing file /opt/airflow/dags/dbt_dag.py for tasks to queue
[2025-11-08T06:45:45.862+0000] {logging_mixin.py:151} INFO - [2025-11-08T06:45:45.862+0000] {dagbag.py:539} INFO - Filling up the DagBag from /opt/airflow/dags/dbt_dag.py
[2025-11-08T06:45:45.880+0000] {processor.py:839} INFO - DAG(s) dict_keys(['dbt_transform']) retrieved from /opt/airflow/dags/dbt_dag.py
[2025-11-08T06:45:45.909+0000] {logging_mixin.py:151} INFO - [2025-11-08T06:45:45.909+0000] {dag.py:2915} INFO - Sync 1 DAGs
[2025-11-08T06:45:45.928+0000] {logging_mixin.py:151} INFO - [2025-11-08T06:45:45.928+0000] {dag.py:3696} INFO - Setting next_dagrun for dbt_transform to 2025-11-08T06:44:35.128224+00:00, run_after=2025-11-08T06:49:35.128224+00:00
[2025-11-08T06:45:45.948+0000] {processor.py:179} INFO - Processing /opt/airflow/dags/dbt_dag.py took 0.090 seconds
[2025-11-08T06:46:16.235+0000] {processor.py:157} INFO - Started process (PID=381) to work on /opt/airflow/dags/dbt_dag.py
[2025-11-08T06:46:16.236+0000] {processor.py:829} INFO - Processing file /opt/airflow/dags/dbt_dag.py for tasks to queue
[2025-11-08T06:46:16.237+0000] {logging_mixin.py:151} INFO - [2025-11-08T06:46:16.236+0000] {dagbag.py:539} INFO - Filling up the DagBag from /opt/airflow/dags/dbt_dag.py
[2025-11-08T06:46:16.258+0000] {processor.py:839} INFO - DAG(s) dict_keys(['dbt_transform']) retrieved from /opt/airflow/dags/dbt_dag.py
[2025-11-08T06:46:16.283+0000] {logging_mixin.py:151} INFO - [2025-11-08T06:46:16.283+0000] {dag.py:2915} INFO - Sync 1 DAGs
[2025-11-08T06:46:16.300+0000] {logging_mixin.py:151} INFO - [2025-11-08T06:46:16.300+0000] {dag.py:3696} INFO - Setting next_dagrun for dbt_transform to 2025-11-08T06:44:35.128224+00:00, run_after=2025-11-08T06:49:35.128224+00:00
[2025-11-08T06:46:16.320+0000] {processor.py:179} INFO - Processing /opt/airflow/dags/dbt_dag.py took 0.088 seconds
[2025-11-08T06:46:46.521+0000] {processor.py:157} INFO - Started process (PID=386) to work on /opt/airflow/dags/dbt_dag.py
[2025-11-08T06:46:46.522+0000] {processor.py:829} INFO - Processing file /opt/airflow/dags/dbt_dag.py for tasks to queue
[2025-11-08T06:46:46.523+0000] {logging_mixin.py:151} INFO - [2025-11-08T06:46:46.522+0000] {dagbag.py:539} INFO - Filling up the DagBag from /opt/airflow/dags/dbt_dag.py
[2025-11-08T06:46:46.541+0000] {processor.py:839} INFO - DAG(s) dict_keys(['dbt_transform']) retrieved from /opt/airflow/dags/dbt_dag.py
[2025-11-08T06:46:46.566+0000] {logging_mixin.py:151} INFO - [2025-11-08T06:46:46.566+0000] {dag.py:2915} INFO - Sync 1 DAGs
[2025-11-08T06:46:46.588+0000] {logging_mixin.py:151} INFO - [2025-11-08T06:46:46.588+0000] {dag.py:3696} INFO - Setting next_dagrun for dbt_transform to 2025-11-08T06:44:35.128224+00:00, run_after=2025-11-08T06:49:35.128224+00:00
[2025-11-08T06:46:46.608+0000] {processor.py:179} INFO - Processing /opt/airflow/dags/dbt_dag.py took 0.090 seconds
[2025-11-08T06:47:16.813+0000] {processor.py:157} INFO - Started process (PID=391) to work on /opt/airflow/dags/dbt_dag.py
[2025-11-08T06:47:16.814+0000] {processor.py:829} INFO - Processing file /opt/airflow/dags/dbt_dag.py for tasks to queue
[2025-11-08T06:47:16.816+0000] {logging_mixin.py:151} INFO - [2025-11-08T06:47:16.815+0000] {dagbag.py:539} INFO - Filling up the DagBag from /opt/airflow/dags/dbt_dag.py
[2025-11-08T06:47:16.844+0000] {processor.py:839} INFO - DAG(s) dict_keys(['dbt_transform']) retrieved from /opt/airflow/dags/dbt_dag.py
[2025-11-08T06:47:16.888+0000] {logging_mixin.py:151} INFO - [2025-11-08T06:47:16.887+0000] {dag.py:2915} INFO - Sync 1 DAGs
[2025-11-08T06:47:16.914+0000] {logging_mixin.py:151} INFO - [2025-11-08T06:47:16.914+0000] {dag.py:3696} INFO - Setting next_dagrun for dbt_transform to 2025-11-08T06:44:35.128224+00:00, run_after=2025-11-08T06:49:35.128224+00:00
[2025-11-08T06:47:16.969+0000] {processor.py:179} INFO - Processing /opt/airflow/dags/dbt_dag.py took 0.161 seconds
[2025-11-08T06:47:47.106+0000] {processor.py:157} INFO - Started process (PID=396) to work on /opt/airflow/dags/dbt_dag.py
[2025-11-08T06:47:47.107+0000] {processor.py:829} INFO - Processing file /opt/airflow/dags/dbt_dag.py for tasks to queue
[2025-11-08T06:47:47.108+0000] {logging_mixin.py:151} INFO - [2025-11-08T06:47:47.108+0000] {dagbag.py:539} INFO - Filling up the DagBag from /opt/airflow/dags/dbt_dag.py
[2025-11-08T06:47:47.127+0000] {processor.py:839} INFO - DAG(s) dict_keys(['dbt_transform']) retrieved from /opt/airflow/dags/dbt_dag.py
[2025-11-08T06:47:47.154+0000] {logging_mixin.py:151} INFO - [2025-11-08T06:47:47.154+0000] {dag.py:2915} INFO - Sync 1 DAGs
[2025-11-08T06:47:47.172+0000] {logging_mixin.py:151} INFO - [2025-11-08T06:47:47.171+0000] {dag.py:3696} INFO - Setting next_dagrun for dbt_transform to 2025-11-08T06:44:35.128224+00:00, run_after=2025-11-08T06:49:35.128224+00:00
[2025-11-08T06:47:47.192+0000] {processor.py:179} INFO - Processing /opt/airflow/dags/dbt_dag.py took 0.089 seconds
[2025-11-08T06:48:17.346+0000] {processor.py:157} INFO - Started process (PID=401) to work on /opt/airflow/dags/dbt_dag.py
[2025-11-08T06:48:17.347+0000] {processor.py:829} INFO - Processing file /opt/airflow/dags/dbt_dag.py for tasks to queue
[2025-11-08T06:48:17.348+0000] {logging_mixin.py:151} INFO - [2025-11-08T06:48:17.347+0000] {dagbag.py:539} INFO - Filling up the DagBag from /opt/airflow/dags/dbt_dag.py
[2025-11-08T06:48:17.384+0000] {processor.py:839} INFO - DAG(s) dict_keys(['dbt_transform']) retrieved from /opt/airflow/dags/dbt_dag.py
[2025-11-08T06:48:17.443+0000] {logging_mixin.py:151} INFO - [2025-11-08T06:48:17.442+0000] {dag.py:2915} INFO - Sync 1 DAGs
[2025-11-08T06:48:17.487+0000] {logging_mixin.py:151} INFO - [2025-11-08T06:48:17.486+0000] {dag.py:3696} INFO - Setting next_dagrun for dbt_transform to 2025-11-08T06:44:35.128224+00:00, run_after=2025-11-08T06:49:35.128224+00:00
[2025-11-08T06:48:17.515+0000] {processor.py:179} INFO - Processing /opt/airflow/dags/dbt_dag.py took 0.173 seconds
[2025-11-08T06:48:47.718+0000] {processor.py:157} INFO - Started process (PID=406) to work on /opt/airflow/dags/dbt_dag.py
[2025-11-08T06:48:47.719+0000] {processor.py:829} INFO - Processing file /opt/airflow/dags/dbt_dag.py for tasks to queue
[2025-11-08T06:48:47.720+0000] {logging_mixin.py:151} INFO - [2025-11-08T06:48:47.720+0000] {dagbag.py:539} INFO - Filling up the DagBag from /opt/airflow/dags/dbt_dag.py
[2025-11-08T06:48:47.738+0000] {processor.py:839} INFO - DAG(s) dict_keys(['dbt_transform']) retrieved from /opt/airflow/dags/dbt_dag.py
[2025-11-08T06:48:47.767+0000] {logging_mixin.py:151} INFO - [2025-11-08T06:48:47.767+0000] {dag.py:2915} INFO - Sync 1 DAGs
[2025-11-08T06:48:47.784+0000] {logging_mixin.py:151} INFO - [2025-11-08T06:48:47.783+0000] {dag.py:3696} INFO - Setting next_dagrun for dbt_transform to 2025-11-08T06:44:35.128224+00:00, run_after=2025-11-08T06:49:35.128224+00:00
[2025-11-08T06:48:47.802+0000] {processor.py:179} INFO - Processing /opt/airflow/dags/dbt_dag.py took 0.087 seconds
[2025-11-08T07:48:06.581+0000] {processor.py:157} INFO - Started process (PID=12939) to work on /opt/airflow/dags/dbt_dag.py
[2025-11-08T07:48:06.582+0000] {processor.py:829} INFO - Processing file /opt/airflow/dags/dbt_dag.py for tasks to queue
[2025-11-08T07:48:06.582+0000] {logging_mixin.py:151} INFO - [2025-11-08T07:48:06.582+0000] {dagbag.py:539} INFO - Filling up the DagBag from /opt/airflow/dags/dbt_dag.py
[2025-11-08T07:48:06.596+0000] {processor.py:839} INFO - DAG(s) dict_keys(['dbt_transform']) retrieved from /opt/airflow/dags/dbt_dag.py
[2025-11-08T07:48:06.640+0000] {logging_mixin.py:151} INFO - [2025-11-08T07:48:06.640+0000] {dag.py:2915} INFO - Sync 1 DAGs
[2025-11-08T07:48:06.655+0000] {logging_mixin.py:151} INFO - [2025-11-08T07:48:06.655+0000] {dag.py:3696} INFO - Setting next_dagrun for dbt_transform to 2025-11-08T07:44:59.085804+00:00, run_after=2025-11-08T07:49:59.085804+00:00
[2025-11-08T07:48:06.674+0000] {processor.py:179} INFO - Processing /opt/airflow/dags/dbt_dag.py took 0.095 seconds
[2025-11-08T07:48:36.717+0000] {processor.py:157} INFO - Started process (PID=12945) to work on /opt/airflow/dags/dbt_dag.py
[2025-11-08T07:48:36.718+0000] {processor.py:829} INFO - Processing file /opt/airflow/dags/dbt_dag.py for tasks to queue
[2025-11-08T07:48:36.719+0000] {logging_mixin.py:151} INFO - [2025-11-08T07:48:36.718+0000] {dagbag.py:539} INFO - Filling up the DagBag from /opt/airflow/dags/dbt_dag.py
[2025-11-08T07:48:36.736+0000] {processor.py:839} INFO - DAG(s) dict_keys(['dbt_transform']) retrieved from /opt/airflow/dags/dbt_dag.py
[2025-11-08T07:48:36.764+0000] {logging_mixin.py:151} INFO - [2025-11-08T07:48:36.764+0000] {dag.py:2915} INFO - Sync 1 DAGs
[2025-11-08T07:48:36.782+0000] {logging_mixin.py:151} INFO - [2025-11-08T07:48:36.781+0000] {dag.py:3696} INFO - Setting next_dagrun for dbt_transform to 2025-11-08T07:44:59.085804+00:00, run_after=2025-11-08T07:49:59.085804+00:00
[2025-11-08T07:48:36.803+0000] {processor.py:179} INFO - Processing /opt/airflow/dags/dbt_dag.py took 0.090 seconds
[2025-11-08T07:49:06.874+0000] {processor.py:157} INFO - Started process (PID=12950) to work on /opt/airflow/dags/dbt_dag.py
[2025-11-08T07:49:06.875+0000] {processor.py:829} INFO - Processing file /opt/airflow/dags/dbt_dag.py for tasks to queue
[2025-11-08T07:49:06.876+0000] {logging_mixin.py:151} INFO - [2025-11-08T07:49:06.876+0000] {dagbag.py:539} INFO - Filling up the DagBag from /opt/airflow/dags/dbt_dag.py
[2025-11-08T07:49:06.894+0000] {processor.py:839} INFO - DAG(s) dict_keys(['dbt_transform']) retrieved from /opt/airflow/dags/dbt_dag.py
[2025-11-08T07:49:06.920+0000] {logging_mixin.py:151} INFO - [2025-11-08T07:49:06.920+0000] {dag.py:2915} INFO - Sync 1 DAGs
[2025-11-08T07:49:06.936+0000] {logging_mixin.py:151} INFO - [2025-11-08T07:49:06.936+0000] {dag.py:3696} INFO - Setting next_dagrun for dbt_transform to 2025-11-08T07:44:59.085804+00:00, run_after=2025-11-08T07:49:59.085804+00:00
[2025-11-08T07:49:06.954+0000] {processor.py:179} INFO - Processing /opt/airflow/dags/dbt_dag.py took 0.083 seconds
[2025-11-08T07:49:37.054+0000] {processor.py:157} INFO - Started process (PID=12960) to work on /opt/airflow/dags/dbt_dag.py
[2025-11-08T07:49:37.056+0000] {processor.py:829} INFO - Processing file /opt/airflow/dags/dbt_dag.py for tasks to queue
[2025-11-08T07:49:37.058+0000] {logging_mixin.py:151} INFO - [2025-11-08T07:49:37.058+0000] {dagbag.py:539} INFO - Filling up the DagBag from /opt/airflow/dags/dbt_dag.py
[2025-11-08T07:49:37.083+0000] {processor.py:839} INFO - DAG(s) dict_keys(['dbt_transform']) retrieved from /opt/airflow/dags/dbt_dag.py
[2025-11-08T07:49:37.109+0000] {logging_mixin.py:151} INFO - [2025-11-08T07:49:37.109+0000] {dag.py:2915} INFO - Sync 1 DAGs
[2025-11-08T07:49:37.126+0000] {logging_mixin.py:151} INFO - [2025-11-08T07:49:37.126+0000] {dag.py:3696} INFO - Setting next_dagrun for dbt_transform to 2025-11-08T07:44:59.085804+00:00, run_after=2025-11-08T07:49:59.085804+00:00
[2025-11-08T07:49:37.150+0000] {processor.py:179} INFO - Processing /opt/airflow/dags/dbt_dag.py took 0.101 seconds
[2025-11-08T07:50:07.250+0000] {processor.py:157} INFO - Started process (PID=12966) to work on /opt/airflow/dags/dbt_dag.py
[2025-11-08T07:50:07.251+0000] {processor.py:829} INFO - Processing file /opt/airflow/dags/dbt_dag.py for tasks to queue
[2025-11-08T07:50:07.252+0000] {logging_mixin.py:151} INFO - [2025-11-08T07:50:07.252+0000] {dagbag.py:539} INFO - Filling up the DagBag from /opt/airflow/dags/dbt_dag.py
[2025-11-08T07:50:07.268+0000] {processor.py:839} INFO - DAG(s) dict_keys(['dbt_transform']) retrieved from /opt/airflow/dags/dbt_dag.py
[2025-11-08T07:50:07.296+0000] {logging_mixin.py:151} INFO - [2025-11-08T07:50:07.296+0000] {dag.py:2915} INFO - Sync 1 DAGs
[2025-11-08T07:50:07.315+0000] {logging_mixin.py:151} INFO - [2025-11-08T07:50:07.314+0000] {dag.py:3696} INFO - Setting next_dagrun for dbt_transform to 2025-11-08T07:49:59.085804+00:00, run_after=2025-11-08T07:54:59.085804+00:00
[2025-11-08T07:50:07.334+0000] {processor.py:179} INFO - Processing /opt/airflow/dags/dbt_dag.py took 0.087 seconds
[2025-11-08T07:50:37.425+0000] {processor.py:157} INFO - Started process (PID=12971) to work on /opt/airflow/dags/dbt_dag.py
[2025-11-08T07:50:37.426+0000] {processor.py:829} INFO - Processing file /opt/airflow/dags/dbt_dag.py for tasks to queue
[2025-11-08T07:50:37.427+0000] {logging_mixin.py:151} INFO - [2025-11-08T07:50:37.426+0000] {dagbag.py:539} INFO - Filling up the DagBag from /opt/airflow/dags/dbt_dag.py
[2025-11-08T07:50:37.446+0000] {processor.py:839} INFO - DAG(s) dict_keys(['dbt_transform']) retrieved from /opt/airflow/dags/dbt_dag.py
[2025-11-08T07:50:37.471+0000] {logging_mixin.py:151} INFO - [2025-11-08T07:50:37.471+0000] {dag.py:2915} INFO - Sync 1 DAGs
[2025-11-08T07:50:37.487+0000] {logging_mixin.py:151} INFO - [2025-11-08T07:50:37.487+0000] {dag.py:3696} INFO - Setting next_dagrun for dbt_transform to 2025-11-08T07:49:59.085804+00:00, run_after=2025-11-08T07:54:59.085804+00:00
[2025-11-08T07:50:37.503+0000] {processor.py:179} INFO - Processing /opt/airflow/dags/dbt_dag.py took 0.082 seconds
[2025-11-08T07:51:07.574+0000] {processor.py:157} INFO - Started process (PID=12976) to work on /opt/airflow/dags/dbt_dag.py
[2025-11-08T07:51:07.575+0000] {processor.py:829} INFO - Processing file /opt/airflow/dags/dbt_dag.py for tasks to queue
[2025-11-08T07:51:07.576+0000] {logging_mixin.py:151} INFO - [2025-11-08T07:51:07.576+0000] {dagbag.py:539} INFO - Filling up the DagBag from /opt/airflow/dags/dbt_dag.py
[2025-11-08T07:51:07.592+0000] {processor.py:839} INFO - DAG(s) dict_keys(['dbt_transform']) retrieved from /opt/airflow/dags/dbt_dag.py
[2025-11-08T07:51:07.616+0000] {logging_mixin.py:151} INFO - [2025-11-08T07:51:07.615+0000] {dag.py:2915} INFO - Sync 1 DAGs
[2025-11-08T07:51:07.631+0000] {logging_mixin.py:151} INFO - [2025-11-08T07:51:07.631+0000] {dag.py:3696} INFO - Setting next_dagrun for dbt_transform to 2025-11-08T07:49:59.085804+00:00, run_after=2025-11-08T07:54:59.085804+00:00
[2025-11-08T07:51:07.649+0000] {processor.py:179} INFO - Processing /opt/airflow/dags/dbt_dag.py took 0.079 seconds
[2025-11-08T07:51:37.751+0000] {processor.py:157} INFO - Started process (PID=12981) to work on /opt/airflow/dags/dbt_dag.py
[2025-11-08T07:51:37.752+0000] {processor.py:829} INFO - Processing file /opt/airflow/dags/dbt_dag.py for tasks to queue
[2025-11-08T07:51:37.753+0000] {logging_mixin.py:151} INFO - [2025-11-08T07:51:37.753+0000] {dagbag.py:539} INFO - Filling up the DagBag from /opt/airflow/dags/dbt_dag.py
[2025-11-08T07:51:37.767+0000] {processor.py:839} INFO - DAG(s) dict_keys(['dbt_transform']) retrieved from /opt/airflow/dags/dbt_dag.py
[2025-11-08T07:51:37.791+0000] {logging_mixin.py:151} INFO - [2025-11-08T07:51:37.791+0000] {dag.py:2915} INFO - Sync 1 DAGs
[2025-11-08T07:51:37.807+0000] {logging_mixin.py:151} INFO - [2025-11-08T07:51:37.807+0000] {dag.py:3696} INFO - Setting next_dagrun for dbt_transform to 2025-11-08T07:49:59.085804+00:00, run_after=2025-11-08T07:54:59.085804+00:00
[2025-11-08T07:51:37.825+0000] {processor.py:179} INFO - Processing /opt/airflow/dags/dbt_dag.py took 0.076 seconds
[2025-11-08T07:52:07.906+0000] {processor.py:157} INFO - Started process (PID=12986) to work on /opt/airflow/dags/dbt_dag.py
[2025-11-08T07:52:07.906+0000] {processor.py:829} INFO - Processing file /opt/airflow/dags/dbt_dag.py for tasks to queue
[2025-11-08T07:52:07.907+0000] {logging_mixin.py:151} INFO - [2025-11-08T07:52:07.907+0000] {dagbag.py:539} INFO - Filling up the DagBag from /opt/airflow/dags/dbt_dag.py
[2025-11-08T07:52:07.925+0000] {processor.py:839} INFO - DAG(s) dict_keys(['dbt_transform']) retrieved from /opt/airflow/dags/dbt_dag.py
[2025-11-08T07:52:07.953+0000] {logging_mixin.py:151} INFO - [2025-11-08T07:52:07.953+0000] {dag.py:2915} INFO - Sync 1 DAGs
[2025-11-08T07:52:07.971+0000] {logging_mixin.py:151} INFO - [2025-11-08T07:52:07.970+0000] {dag.py:3696} INFO - Setting next_dagrun for dbt_transform to 2025-11-08T07:49:59.085804+00:00, run_after=2025-11-08T07:54:59.085804+00:00
[2025-11-08T07:52:07.991+0000] {processor.py:179} INFO - Processing /opt/airflow/dags/dbt_dag.py took 0.088 seconds
[2025-11-08T07:52:38.080+0000] {processor.py:157} INFO - Started process (PID=12993) to work on /opt/airflow/dags/dbt_dag.py
[2025-11-08T07:52:38.081+0000] {processor.py:829} INFO - Processing file /opt/airflow/dags/dbt_dag.py for tasks to queue
[2025-11-08T07:52:38.082+0000] {logging_mixin.py:151} INFO - [2025-11-08T07:52:38.082+0000] {dagbag.py:539} INFO - Filling up the DagBag from /opt/airflow/dags/dbt_dag.py
[2025-11-08T07:52:38.105+0000] {processor.py:839} INFO - DAG(s) dict_keys(['dbt_transform']) retrieved from /opt/airflow/dags/dbt_dag.py
[2025-11-08T07:52:38.133+0000] {logging_mixin.py:151} INFO - [2025-11-08T07:52:38.133+0000] {dag.py:2915} INFO - Sync 1 DAGs
[2025-11-08T07:52:38.150+0000] {logging_mixin.py:151} INFO - [2025-11-08T07:52:38.150+0000] {dag.py:3696} INFO - Setting next_dagrun for dbt_transform to 2025-11-08T07:49:59.085804+00:00, run_after=2025-11-08T07:54:59.085804+00:00
[2025-11-08T07:52:38.171+0000] {processor.py:179} INFO - Processing /opt/airflow/dags/dbt_dag.py took 0.095 seconds
[2025-11-08T07:53:08.243+0000] {processor.py:157} INFO - Started process (PID=13001) to work on /opt/airflow/dags/dbt_dag.py
[2025-11-08T07:53:08.244+0000] {processor.py:829} INFO - Processing file /opt/airflow/dags/dbt_dag.py for tasks to queue
[2025-11-08T07:53:08.245+0000] {logging_mixin.py:151} INFO - [2025-11-08T07:53:08.245+0000] {dagbag.py:539} INFO - Filling up the DagBag from /opt/airflow/dags/dbt_dag.py
[2025-11-08T07:53:08.263+0000] {processor.py:839} INFO - DAG(s) dict_keys(['dbt_transform']) retrieved from /opt/airflow/dags/dbt_dag.py
[2025-11-08T07:53:08.287+0000] {logging_mixin.py:151} INFO - [2025-11-08T07:53:08.287+0000] {dag.py:2915} INFO - Sync 1 DAGs
[2025-11-08T07:53:08.304+0000] {logging_mixin.py:151} INFO - [2025-11-08T07:53:08.303+0000] {dag.py:3696} INFO - Setting next_dagrun for dbt_transform to 2025-11-08T07:53:06.563569+00:00, run_after=2025-11-08T07:58:06.563569+00:00
[2025-11-08T07:53:08.320+0000] {processor.py:179} INFO - Processing /opt/airflow/dags/dbt_dag.py took 0.079 seconds
[2025-11-08T07:53:38.422+0000] {processor.py:157} INFO - Started process (PID=13008) to work on /opt/airflow/dags/dbt_dag.py
[2025-11-08T07:53:38.423+0000] {processor.py:829} INFO - Processing file /opt/airflow/dags/dbt_dag.py for tasks to queue
[2025-11-08T07:53:38.424+0000] {logging_mixin.py:151} INFO - [2025-11-08T07:53:38.424+0000] {dagbag.py:539} INFO - Filling up the DagBag from /opt/airflow/dags/dbt_dag.py
[2025-11-08T07:53:38.462+0000] {processor.py:839} INFO - DAG(s) dict_keys(['dbt_transform']) retrieved from /opt/airflow/dags/dbt_dag.py
[2025-11-08T07:53:38.495+0000] {logging_mixin.py:151} INFO - [2025-11-08T07:53:38.495+0000] {dag.py:2915} INFO - Sync 1 DAGs
[2025-11-08T07:53:38.514+0000] {logging_mixin.py:151} INFO - [2025-11-08T07:53:38.514+0000] {dag.py:3696} INFO - Setting next_dagrun for dbt_transform to 2025-11-08T07:53:06.563569+00:00, run_after=2025-11-08T07:58:06.563569+00:00
[2025-11-08T07:53:38.537+0000] {processor.py:179} INFO - Processing /opt/airflow/dags/dbt_dag.py took 0.118 seconds
[2025-11-08T07:54:08.611+0000] {processor.py:157} INFO - Started process (PID=13014) to work on /opt/airflow/dags/dbt_dag.py
[2025-11-08T07:54:08.612+0000] {processor.py:829} INFO - Processing file /opt/airflow/dags/dbt_dag.py for tasks to queue
[2025-11-08T07:54:08.613+0000] {logging_mixin.py:151} INFO - [2025-11-08T07:54:08.613+0000] {dagbag.py:539} INFO - Filling up the DagBag from /opt/airflow/dags/dbt_dag.py
[2025-11-08T07:54:08.626+0000] {processor.py:839} INFO - DAG(s) dict_keys(['dbt_transform']) retrieved from /opt/airflow/dags/dbt_dag.py
[2025-11-08T07:54:08.654+0000] {logging_mixin.py:151} INFO - [2025-11-08T07:54:08.654+0000] {dag.py:2915} INFO - Sync 1 DAGs
[2025-11-08T07:54:08.670+0000] {logging_mixin.py:151} INFO - [2025-11-08T07:54:08.670+0000] {dag.py:3696} INFO - Setting next_dagrun for dbt_transform to 2025-11-08T07:53:53.794939+00:00, run_after=2025-11-08T07:58:53.794939+00:00
[2025-11-08T07:54:08.685+0000] {processor.py:179} INFO - Processing /opt/airflow/dags/dbt_dag.py took 0.078 seconds
[2025-11-08T07:54:38.745+0000] {processor.py:157} INFO - Started process (PID=13022) to work on /opt/airflow/dags/dbt_dag.py
[2025-11-08T07:54:38.746+0000] {processor.py:829} INFO - Processing file /opt/airflow/dags/dbt_dag.py for tasks to queue
[2025-11-08T07:54:38.747+0000] {logging_mixin.py:151} INFO - [2025-11-08T07:54:38.746+0000] {dagbag.py:539} INFO - Filling up the DagBag from /opt/airflow/dags/dbt_dag.py
[2025-11-08T07:54:38.763+0000] {processor.py:839} INFO - DAG(s) dict_keys(['dbt_transform']) retrieved from /opt/airflow/dags/dbt_dag.py
[2025-11-08T07:54:38.792+0000] {logging_mixin.py:151} INFO - [2025-11-08T07:54:38.792+0000] {dag.py:2915} INFO - Sync 1 DAGs
[2025-11-08T07:54:38.809+0000] {logging_mixin.py:151} INFO - [2025-11-08T07:54:38.809+0000] {dag.py:3696} INFO - Setting next_dagrun for dbt_transform to 2025-11-08T07:53:53.794939+00:00, run_after=2025-11-08T07:58:53.794939+00:00
[2025-11-08T07:54:38.828+0000] {processor.py:179} INFO - Processing /opt/airflow/dags/dbt_dag.py took 0.086 seconds
[2025-11-08T07:55:08.929+0000] {processor.py:157} INFO - Started process (PID=13027) to work on /opt/airflow/dags/dbt_dag.py
[2025-11-08T07:55:08.930+0000] {processor.py:829} INFO - Processing file /opt/airflow/dags/dbt_dag.py for tasks to queue
[2025-11-08T07:55:08.931+0000] {logging_mixin.py:151} INFO - [2025-11-08T07:55:08.931+0000] {dagbag.py:539} INFO - Filling up the DagBag from /opt/airflow/dags/dbt_dag.py
[2025-11-08T07:55:08.949+0000] {processor.py:839} INFO - DAG(s) dict_keys(['dbt_transform']) retrieved from /opt/airflow/dags/dbt_dag.py
[2025-11-08T07:55:09.006+0000] {logging_mixin.py:151} INFO - [2025-11-08T07:55:09.006+0000] {dag.py:2915} INFO - Sync 1 DAGs
[2025-11-08T07:55:09.037+0000] {logging_mixin.py:151} INFO - [2025-11-08T07:55:09.036+0000] {dag.py:3696} INFO - Setting next_dagrun for dbt_transform to 2025-11-08T07:53:53.794939+00:00, run_after=2025-11-08T07:58:53.794939+00:00
[2025-11-08T07:55:09.068+0000] {processor.py:179} INFO - Processing /opt/airflow/dags/dbt_dag.py took 0.143 seconds
[2025-11-08T07:55:39.170+0000] {processor.py:157} INFO - Started process (PID=13033) to work on /opt/airflow/dags/dbt_dag.py
[2025-11-08T07:55:39.171+0000] {processor.py:829} INFO - Processing file /opt/airflow/dags/dbt_dag.py for tasks to queue
[2025-11-08T07:55:39.172+0000] {logging_mixin.py:151} INFO - [2025-11-08T07:55:39.172+0000] {dagbag.py:539} INFO - Filling up the DagBag from /opt/airflow/dags/dbt_dag.py
[2025-11-08T07:55:39.188+0000] {processor.py:839} INFO - DAG(s) dict_keys(['dbt_transform']) retrieved from /opt/airflow/dags/dbt_dag.py
[2025-11-08T07:55:39.221+0000] {logging_mixin.py:151} INFO - [2025-11-08T07:55:39.220+0000] {dag.py:2915} INFO - Sync 1 DAGs
[2025-11-08T07:55:39.241+0000] {logging_mixin.py:151} INFO - [2025-11-08T07:55:39.241+0000] {dag.py:3696} INFO - Setting next_dagrun for dbt_transform to 2025-11-08T07:53:53.794939+00:00, run_after=2025-11-08T07:58:53.794939+00:00
[2025-11-08T07:55:39.260+0000] {processor.py:179} INFO - Processing /opt/airflow/dags/dbt_dag.py took 0.093 seconds
[2025-11-08T07:56:09.342+0000] {processor.py:157} INFO - Started process (PID=13050) to work on /opt/airflow/dags/dbt_dag.py
[2025-11-08T07:56:09.343+0000] {processor.py:829} INFO - Processing file /opt/airflow/dags/dbt_dag.py for tasks to queue
[2025-11-08T07:56:09.344+0000] {logging_mixin.py:151} INFO - [2025-11-08T07:56:09.344+0000] {dagbag.py:539} INFO - Filling up the DagBag from /opt/airflow/dags/dbt_dag.py
[2025-11-08T07:56:09.366+0000] {processor.py:839} INFO - DAG(s) dict_keys(['dbt_transform']) retrieved from /opt/airflow/dags/dbt_dag.py
[2025-11-08T07:56:09.401+0000] {logging_mixin.py:151} INFO - [2025-11-08T07:56:09.400+0000] {dag.py:2915} INFO - Sync 1 DAGs
[2025-11-08T07:56:09.424+0000] {logging_mixin.py:151} INFO - [2025-11-08T07:56:09.424+0000] {dag.py:3696} INFO - Setting next_dagrun for dbt_transform to 2025-11-08T07:53:53.794939+00:00, run_after=2025-11-08T07:58:53.794939+00:00
[2025-11-08T07:56:09.446+0000] {processor.py:179} INFO - Processing /opt/airflow/dags/dbt_dag.py took 0.110 seconds
[2025-11-08T07:56:39.583+0000] {processor.py:157} INFO - Started process (PID=13055) to work on /opt/airflow/dags/dbt_dag.py
[2025-11-08T07:56:39.584+0000] {processor.py:829} INFO - Processing file /opt/airflow/dags/dbt_dag.py for tasks to queue
[2025-11-08T07:56:39.584+0000] {logging_mixin.py:151} INFO - [2025-11-08T07:56:39.584+0000] {dagbag.py:539} INFO - Filling up the DagBag from /opt/airflow/dags/dbt_dag.py
[2025-11-08T07:56:39.597+0000] {processor.py:839} INFO - DAG(s) dict_keys(['dbt_transform']) retrieved from /opt/airflow/dags/dbt_dag.py
[2025-11-08T07:56:39.620+0000] {logging_mixin.py:151} INFO - [2025-11-08T07:56:39.620+0000] {dag.py:2915} INFO - Sync 1 DAGs
[2025-11-08T07:56:39.635+0000] {logging_mixin.py:151} INFO - [2025-11-08T07:56:39.635+0000] {dag.py:3696} INFO - Setting next_dagrun for dbt_transform to 2025-11-08T07:53:53.794939+00:00, run_after=2025-11-08T07:58:53.794939+00:00
[2025-11-08T07:56:39.655+0000] {processor.py:179} INFO - Processing /opt/airflow/dags/dbt_dag.py took 0.075 seconds
[2025-11-08T07:57:09.724+0000] {processor.py:157} INFO - Started process (PID=13060) to work on /opt/airflow/dags/dbt_dag.py
[2025-11-08T07:57:09.725+0000] {processor.py:829} INFO - Processing file /opt/airflow/dags/dbt_dag.py for tasks to queue
[2025-11-08T07:57:09.726+0000] {logging_mixin.py:151} INFO - [2025-11-08T07:57:09.725+0000] {dagbag.py:539} INFO - Filling up the DagBag from /opt/airflow/dags/dbt_dag.py
[2025-11-08T07:57:09.739+0000] {processor.py:839} INFO - DAG(s) dict_keys(['dbt_transform']) retrieved from /opt/airflow/dags/dbt_dag.py
[2025-11-08T07:57:09.763+0000] {logging_mixin.py:151} INFO - [2025-11-08T07:57:09.763+0000] {dag.py:2915} INFO - Sync 1 DAGs
[2025-11-08T07:57:09.781+0000] {logging_mixin.py:151} INFO - [2025-11-08T07:57:09.781+0000] {dag.py:3696} INFO - Setting next_dagrun for dbt_transform to 2025-11-08T07:53:53.794939+00:00, run_after=2025-11-08T07:58:53.794939+00:00
[2025-11-08T07:57:09.797+0000] {processor.py:179} INFO - Processing /opt/airflow/dags/dbt_dag.py took 0.076 seconds
[2025-11-08T07:57:39.872+0000] {processor.py:157} INFO - Started process (PID=13065) to work on /opt/airflow/dags/dbt_dag.py
[2025-11-08T07:57:39.873+0000] {processor.py:829} INFO - Processing file /opt/airflow/dags/dbt_dag.py for tasks to queue
[2025-11-08T07:57:39.874+0000] {logging_mixin.py:151} INFO - [2025-11-08T07:57:39.873+0000] {dagbag.py:539} INFO - Filling up the DagBag from /opt/airflow/dags/dbt_dag.py
[2025-11-08T07:57:39.890+0000] {processor.py:839} INFO - DAG(s) dict_keys(['dbt_transform']) retrieved from /opt/airflow/dags/dbt_dag.py
[2025-11-08T07:57:39.914+0000] {logging_mixin.py:151} INFO - [2025-11-08T07:57:39.914+0000] {dag.py:2915} INFO - Sync 1 DAGs
[2025-11-08T07:57:39.929+0000] {logging_mixin.py:151} INFO - [2025-11-08T07:57:39.929+0000] {dag.py:3696} INFO - Setting next_dagrun for dbt_transform to 2025-11-08T07:53:53.794939+00:00, run_after=2025-11-08T07:58:53.794939+00:00
[2025-11-08T07:57:39.945+0000] {processor.py:179} INFO - Processing /opt/airflow/dags/dbt_dag.py took 0.076 seconds
[2025-11-08T07:58:09.995+0000] {processor.py:157} INFO - Started process (PID=13070) to work on /opt/airflow/dags/dbt_dag.py
[2025-11-08T07:58:09.996+0000] {processor.py:829} INFO - Processing file /opt/airflow/dags/dbt_dag.py for tasks to queue
[2025-11-08T07:58:09.997+0000] {logging_mixin.py:151} INFO - [2025-11-08T07:58:09.997+0000] {dagbag.py:539} INFO - Filling up the DagBag from /opt/airflow/dags/dbt_dag.py
[2025-11-08T07:58:10.013+0000] {processor.py:839} INFO - DAG(s) dict_keys(['dbt_transform']) retrieved from /opt/airflow/dags/dbt_dag.py
[2025-11-08T07:58:10.040+0000] {logging_mixin.py:151} INFO - [2025-11-08T07:58:10.040+0000] {dag.py:2915} INFO - Sync 1 DAGs
[2025-11-08T07:58:10.056+0000] {logging_mixin.py:151} INFO - [2025-11-08T07:58:10.056+0000] {dag.py:3696} INFO - Setting next_dagrun for dbt_transform to 2025-11-08T07:53:53.794939+00:00, run_after=2025-11-08T07:58:53.794939+00:00
[2025-11-08T07:58:10.074+0000] {processor.py:179} INFO - Processing /opt/airflow/dags/dbt_dag.py took 0.083 seconds
[2025-11-08T07:58:40.129+0000] {processor.py:157} INFO - Started process (PID=13089) to work on /opt/airflow/dags/dbt_dag.py
[2025-11-08T07:58:40.130+0000] {processor.py:829} INFO - Processing file /opt/airflow/dags/dbt_dag.py for tasks to queue
[2025-11-08T07:58:40.131+0000] {logging_mixin.py:151} INFO - [2025-11-08T07:58:40.131+0000] {dagbag.py:539} INFO - Filling up the DagBag from /opt/airflow/dags/dbt_dag.py
[2025-11-08T07:58:40.146+0000] {processor.py:839} INFO - DAG(s) dict_keys(['dbt_transform']) retrieved from /opt/airflow/dags/dbt_dag.py
[2025-11-08T07:58:40.169+0000] {logging_mixin.py:151} INFO - [2025-11-08T07:58:40.169+0000] {dag.py:2915} INFO - Sync 1 DAGs
[2025-11-08T07:58:40.183+0000] {logging_mixin.py:151} INFO - [2025-11-08T07:58:40.183+0000] {dag.py:3696} INFO - Setting next_dagrun for dbt_transform to 2025-11-08T07:53:53.794939+00:00, run_after=2025-11-08T07:58:53.794939+00:00
[2025-11-08T07:58:40.197+0000] {processor.py:179} INFO - Processing /opt/airflow/dags/dbt_dag.py took 0.070 seconds
[2025-11-08T07:59:10.254+0000] {processor.py:157} INFO - Started process (PID=13095) to work on /opt/airflow/dags/dbt_dag.py
[2025-11-08T07:59:10.255+0000] {processor.py:829} INFO - Processing file /opt/airflow/dags/dbt_dag.py for tasks to queue
[2025-11-08T07:59:10.256+0000] {logging_mixin.py:151} INFO - [2025-11-08T07:59:10.256+0000] {dagbag.py:539} INFO - Filling up the DagBag from /opt/airflow/dags/dbt_dag.py
[2025-11-08T07:59:10.276+0000] {processor.py:839} INFO - DAG(s) dict_keys(['dbt_transform']) retrieved from /opt/airflow/dags/dbt_dag.py
[2025-11-08T07:59:10.303+0000] {logging_mixin.py:151} INFO - [2025-11-08T07:59:10.303+0000] {dag.py:2915} INFO - Sync 1 DAGs
[2025-11-08T07:59:10.319+0000] {logging_mixin.py:151} INFO - [2025-11-08T07:59:10.319+0000] {dag.py:3696} INFO - Setting next_dagrun for dbt_transform to 2025-11-08T07:58:53.794939+00:00, run_after=2025-11-08T08:03:53.794939+00:00
[2025-11-08T07:59:10.339+0000] {processor.py:179} INFO - Processing /opt/airflow/dags/dbt_dag.py took 0.088 seconds
[2025-11-08T07:59:40.393+0000] {processor.py:157} INFO - Started process (PID=13101) to work on /opt/airflow/dags/dbt_dag.py
[2025-11-08T07:59:40.394+0000] {processor.py:829} INFO - Processing file /opt/airflow/dags/dbt_dag.py for tasks to queue
[2025-11-08T07:59:40.395+0000] {logging_mixin.py:151} INFO - [2025-11-08T07:59:40.394+0000] {dagbag.py:539} INFO - Filling up the DagBag from /opt/airflow/dags/dbt_dag.py
[2025-11-08T07:59:40.411+0000] {processor.py:839} INFO - DAG(s) dict_keys(['dbt_transform']) retrieved from /opt/airflow/dags/dbt_dag.py
[2025-11-08T07:59:40.434+0000] {logging_mixin.py:151} INFO - [2025-11-08T07:59:40.433+0000] {dag.py:2915} INFO - Sync 1 DAGs
[2025-11-08T07:59:40.449+0000] {logging_mixin.py:151} INFO - [2025-11-08T07:59:40.449+0000] {dag.py:3696} INFO - Setting next_dagrun for dbt_transform to 2025-11-08T07:58:53.794939+00:00, run_after=2025-11-08T08:03:53.794939+00:00
[2025-11-08T07:59:40.465+0000] {processor.py:179} INFO - Processing /opt/airflow/dags/dbt_dag.py took 0.074 seconds
[2025-11-08T08:00:10.550+0000] {processor.py:157} INFO - Started process (PID=13107) to work on /opt/airflow/dags/dbt_dag.py
[2025-11-08T08:00:10.552+0000] {processor.py:829} INFO - Processing file /opt/airflow/dags/dbt_dag.py for tasks to queue
[2025-11-08T08:00:10.555+0000] {logging_mixin.py:151} INFO - [2025-11-08T08:00:10.554+0000] {dagbag.py:539} INFO - Filling up the DagBag from /opt/airflow/dags/dbt_dag.py
[2025-11-08T08:00:10.576+0000] {processor.py:839} INFO - DAG(s) dict_keys(['dbt_transform']) retrieved from /opt/airflow/dags/dbt_dag.py
[2025-11-08T08:00:10.602+0000] {logging_mixin.py:151} INFO - [2025-11-08T08:00:10.602+0000] {dag.py:2915} INFO - Sync 1 DAGs
[2025-11-08T08:00:10.618+0000] {logging_mixin.py:151} INFO - [2025-11-08T08:00:10.618+0000] {dag.py:3696} INFO - Setting next_dagrun for dbt_transform to 2025-11-08T07:58:53.794939+00:00, run_after=2025-11-08T08:03:53.794939+00:00
[2025-11-08T08:00:10.633+0000] {processor.py:179} INFO - Processing /opt/airflow/dags/dbt_dag.py took 0.087 seconds
[2025-11-08T08:00:40.712+0000] {processor.py:157} INFO - Started process (PID=13114) to work on /opt/airflow/dags/dbt_dag.py
[2025-11-08T08:00:40.713+0000] {processor.py:829} INFO - Processing file /opt/airflow/dags/dbt_dag.py for tasks to queue
[2025-11-08T08:00:40.714+0000] {logging_mixin.py:151} INFO - [2025-11-08T08:00:40.713+0000] {dagbag.py:539} INFO - Filling up the DagBag from /opt/airflow/dags/dbt_dag.py
[2025-11-08T08:00:40.738+0000] {processor.py:839} INFO - DAG(s) dict_keys(['dbt_transform']) retrieved from /opt/airflow/dags/dbt_dag.py
[2025-11-08T08:00:40.776+0000] {logging_mixin.py:151} INFO - [2025-11-08T08:00:40.776+0000] {dag.py:2915} INFO - Sync 1 DAGs
[2025-11-08T08:00:40.797+0000] {logging_mixin.py:151} INFO - [2025-11-08T08:00:40.797+0000] {dag.py:3696} INFO - Setting next_dagrun for dbt_transform to 2025-11-08T08:00:38.394039+00:00, run_after=2025-11-08T08:05:38.394039+00:00
[2025-11-08T08:00:40.817+0000] {processor.py:179} INFO - Processing /opt/airflow/dags/dbt_dag.py took 0.108 seconds
[2025-11-08T08:01:10.907+0000] {processor.py:157} INFO - Started process (PID=13120) to work on /opt/airflow/dags/dbt_dag.py
[2025-11-08T08:01:10.907+0000] {processor.py:829} INFO - Processing file /opt/airflow/dags/dbt_dag.py for tasks to queue
[2025-11-08T08:01:10.908+0000] {logging_mixin.py:151} INFO - [2025-11-08T08:01:10.908+0000] {dagbag.py:539} INFO - Filling up the DagBag from /opt/airflow/dags/dbt_dag.py
[2025-11-08T08:01:10.927+0000] {processor.py:839} INFO - DAG(s) dict_keys(['dbt_transform']) retrieved from /opt/airflow/dags/dbt_dag.py
[2025-11-08T08:01:11.128+0000] {logging_mixin.py:151} INFO - [2025-11-08T08:01:11.128+0000] {security.py:708} INFO - Not syncing DAG-level permissions for DAG 'DAG:dbt_transform' as access control is unset.
[2025-11-08T08:01:11.129+0000] {logging_mixin.py:151} INFO - [2025-11-08T08:01:11.129+0000] {dag.py:2915} INFO - Sync 1 DAGs
[2025-11-08T08:01:11.136+0000] {logging_mixin.py:151} INFO - [2025-11-08T08:01:11.136+0000] {dag.py:2937} INFO - Creating ORM DAG for dbt_transform
[2025-11-08T08:01:11.144+0000] {logging_mixin.py:151} INFO - [2025-11-08T08:01:11.144+0000] {dag.py:3696} INFO - Setting next_dagrun for dbt_transform to 2025-11-08T07:56:11.143902+00:00, run_after=2025-11-08T08:01:11.143902+00:00
[2025-11-08T08:01:11.161+0000] {processor.py:179} INFO - Processing /opt/airflow/dags/dbt_dag.py took 0.257 seconds
[2025-11-08T08:01:41.811+0000] {processor.py:157} INFO - Started process (PID=13127) to work on /opt/airflow/dags/dbt_dag.py
[2025-11-08T08:01:41.811+0000] {processor.py:829} INFO - Processing file /opt/airflow/dags/dbt_dag.py for tasks to queue
[2025-11-08T08:01:41.812+0000] {logging_mixin.py:151} INFO - [2025-11-08T08:01:41.812+0000] {dagbag.py:539} INFO - Filling up the DagBag from /opt/airflow/dags/dbt_dag.py
[2025-11-08T08:01:41.827+0000] {processor.py:839} INFO - DAG(s) dict_keys(['dbt_transform']) retrieved from /opt/airflow/dags/dbt_dag.py
[2025-11-08T08:01:41.852+0000] {logging_mixin.py:151} INFO - [2025-11-08T08:01:41.852+0000] {dag.py:2915} INFO - Sync 1 DAGs
[2025-11-08T08:01:41.870+0000] {logging_mixin.py:151} INFO - [2025-11-08T08:01:41.870+0000] {dag.py:3696} INFO - Setting next_dagrun for dbt_transform to 2025-11-08T08:01:11.143902+00:00, run_after=2025-11-08T08:06:11.143902+00:00
[2025-11-08T08:01:41.887+0000] {processor.py:179} INFO - Processing /opt/airflow/dags/dbt_dag.py took 0.079 seconds
[2025-11-08T08:02:11.919+0000] {processor.py:157} INFO - Started process (PID=13132) to work on /opt/airflow/dags/dbt_dag.py
[2025-11-08T08:02:11.919+0000] {processor.py:829} INFO - Processing file /opt/airflow/dags/dbt_dag.py for tasks to queue
[2025-11-08T08:02:11.921+0000] {logging_mixin.py:151} INFO - [2025-11-08T08:02:11.921+0000] {dagbag.py:539} INFO - Filling up the DagBag from /opt/airflow/dags/dbt_dag.py
[2025-11-08T08:02:11.935+0000] {processor.py:839} INFO - DAG(s) dict_keys(['dbt_transform']) retrieved from /opt/airflow/dags/dbt_dag.py
[2025-11-08T08:02:11.960+0000] {logging_mixin.py:151} INFO - [2025-11-08T08:02:11.960+0000] {dag.py:2915} INFO - Sync 1 DAGs
[2025-11-08T08:02:11.977+0000] {logging_mixin.py:151} INFO - [2025-11-08T08:02:11.976+0000] {dag.py:3696} INFO - Setting next_dagrun for dbt_transform to 2025-11-08T08:01:11.143902+00:00, run_after=2025-11-08T08:06:11.143902+00:00
[2025-11-08T08:02:11.995+0000] {processor.py:179} INFO - Processing /opt/airflow/dags/dbt_dag.py took 0.079 seconds
[2025-11-08T08:02:42.070+0000] {processor.py:157} INFO - Started process (PID=13137) to work on /opt/airflow/dags/dbt_dag.py
[2025-11-08T08:02:42.071+0000] {processor.py:829} INFO - Processing file /opt/airflow/dags/dbt_dag.py for tasks to queue
[2025-11-08T08:02:42.072+0000] {logging_mixin.py:151} INFO - [2025-11-08T08:02:42.072+0000] {dagbag.py:539} INFO - Filling up the DagBag from /opt/airflow/dags/dbt_dag.py
[2025-11-08T08:02:42.090+0000] {processor.py:839} INFO - DAG(s) dict_keys(['dbt_transform']) retrieved from /opt/airflow/dags/dbt_dag.py
[2025-11-08T08:02:42.116+0000] {logging_mixin.py:151} INFO - [2025-11-08T08:02:42.116+0000] {dag.py:2915} INFO - Sync 1 DAGs
[2025-11-08T08:02:42.136+0000] {logging_mixin.py:151} INFO - [2025-11-08T08:02:42.135+0000] {dag.py:3696} INFO - Setting next_dagrun for dbt_transform to 2025-11-08T07:57:42.135718+00:00, run_after=2025-11-08T08:02:42.135718+00:00
[2025-11-08T08:02:42.160+0000] {processor.py:179} INFO - Processing /opt/airflow/dags/dbt_dag.py took 0.093 seconds
[2025-11-08T08:03:12.236+0000] {processor.py:157} INFO - Started process (PID=13143) to work on /opt/airflow/dags/dbt_dag.py
[2025-11-08T08:03:12.236+0000] {processor.py:829} INFO - Processing file /opt/airflow/dags/dbt_dag.py for tasks to queue
[2025-11-08T08:03:12.238+0000] {logging_mixin.py:151} INFO - [2025-11-08T08:03:12.237+0000] {dagbag.py:539} INFO - Filling up the DagBag from /opt/airflow/dags/dbt_dag.py
[2025-11-08T08:03:12.252+0000] {processor.py:839} INFO - DAG(s) dict_keys(['dbt_transform']) retrieved from /opt/airflow/dags/dbt_dag.py
[2025-11-08T08:03:12.279+0000] {logging_mixin.py:151} INFO - [2025-11-08T08:03:12.279+0000] {dag.py:2915} INFO - Sync 1 DAGs
[2025-11-08T08:03:12.294+0000] {logging_mixin.py:151} INFO - [2025-11-08T08:03:12.294+0000] {dag.py:3696} INFO - Setting next_dagrun for dbt_transform to 2025-11-08T08:02:42.135718+00:00, run_after=2025-11-08T08:07:42.135718+00:00
[2025-11-08T08:03:12.310+0000] {processor.py:179} INFO - Processing /opt/airflow/dags/dbt_dag.py took 0.077 seconds
[2025-11-08T08:03:42.383+0000] {processor.py:157} INFO - Started process (PID=13148) to work on /opt/airflow/dags/dbt_dag.py
[2025-11-08T08:03:42.384+0000] {processor.py:829} INFO - Processing file /opt/airflow/dags/dbt_dag.py for tasks to queue
[2025-11-08T08:03:42.386+0000] {logging_mixin.py:151} INFO - [2025-11-08T08:03:42.385+0000] {dagbag.py:539} INFO - Filling up the DagBag from /opt/airflow/dags/dbt_dag.py
[2025-11-08T08:03:42.405+0000] {processor.py:839} INFO - DAG(s) dict_keys(['dbt_transform']) retrieved from /opt/airflow/dags/dbt_dag.py
[2025-11-08T08:03:42.433+0000] {logging_mixin.py:151} INFO - [2025-11-08T08:03:42.433+0000] {dag.py:2915} INFO - Sync 1 DAGs
[2025-11-08T08:03:42.456+0000] {logging_mixin.py:151} INFO - [2025-11-08T08:03:42.456+0000] {dag.py:3696} INFO - Setting next_dagrun for dbt_transform to 2025-11-08T08:02:42.135718+00:00, run_after=2025-11-08T08:07:42.135718+00:00
[2025-11-08T08:03:42.476+0000] {processor.py:179} INFO - Processing /opt/airflow/dags/dbt_dag.py took 0.096 seconds
[2025-11-08T08:04:12.542+0000] {processor.py:157} INFO - Started process (PID=13153) to work on /opt/airflow/dags/dbt_dag.py
[2025-11-08T08:04:12.542+0000] {processor.py:829} INFO - Processing file /opt/airflow/dags/dbt_dag.py for tasks to queue
[2025-11-08T08:04:12.543+0000] {logging_mixin.py:151} INFO - [2025-11-08T08:04:12.543+0000] {dagbag.py:539} INFO - Filling up the DagBag from /opt/airflow/dags/dbt_dag.py
[2025-11-08T08:04:12.556+0000] {processor.py:839} INFO - DAG(s) dict_keys(['dbt_transform']) retrieved from /opt/airflow/dags/dbt_dag.py
[2025-11-08T08:04:12.580+0000] {logging_mixin.py:151} INFO - [2025-11-08T08:04:12.579+0000] {dag.py:2915} INFO - Sync 1 DAGs
[2025-11-08T08:04:12.595+0000] {logging_mixin.py:151} INFO - [2025-11-08T08:04:12.595+0000] {dag.py:3696} INFO - Setting next_dagrun for dbt_transform to 2025-11-08T08:02:42.135718+00:00, run_after=2025-11-08T08:07:42.135718+00:00
[2025-11-08T08:04:12.614+0000] {processor.py:179} INFO - Processing /opt/airflow/dags/dbt_dag.py took 0.075 seconds
[2025-11-08T08:04:42.748+0000] {processor.py:157} INFO - Started process (PID=13158) to work on /opt/airflow/dags/dbt_dag.py
[2025-11-08T08:04:42.749+0000] {processor.py:829} INFO - Processing file /opt/airflow/dags/dbt_dag.py for tasks to queue
[2025-11-08T08:04:42.749+0000] {logging_mixin.py:151} INFO - [2025-11-08T08:04:42.749+0000] {dagbag.py:539} INFO - Filling up the DagBag from /opt/airflow/dags/dbt_dag.py
[2025-11-08T08:04:42.765+0000] {processor.py:839} INFO - DAG(s) dict_keys(['dbt_transform']) retrieved from /opt/airflow/dags/dbt_dag.py
[2025-11-08T08:04:42.792+0000] {logging_mixin.py:151} INFO - [2025-11-08T08:04:42.792+0000] {dag.py:2915} INFO - Sync 1 DAGs
[2025-11-08T08:04:42.807+0000] {logging_mixin.py:151} INFO - [2025-11-08T08:04:42.806+0000] {dag.py:3696} INFO - Setting next_dagrun for dbt_transform to 2025-11-08T08:02:42.135718+00:00, run_after=2025-11-08T08:07:42.135718+00:00
[2025-11-08T08:04:42.827+0000] {processor.py:179} INFO - Processing /opt/airflow/dags/dbt_dag.py took 0.082 seconds
[2025-11-08T08:05:12.905+0000] {processor.py:157} INFO - Started process (PID=13163) to work on /opt/airflow/dags/dbt_dag.py
[2025-11-08T08:05:12.906+0000] {processor.py:829} INFO - Processing file /opt/airflow/dags/dbt_dag.py for tasks to queue
[2025-11-08T08:05:12.907+0000] {logging_mixin.py:151} INFO - [2025-11-08T08:05:12.906+0000] {dagbag.py:539} INFO - Filling up the DagBag from /opt/airflow/dags/dbt_dag.py
[2025-11-08T08:05:12.920+0000] {processor.py:839} INFO - DAG(s) dict_keys(['dbt_transform']) retrieved from /opt/airflow/dags/dbt_dag.py
[2025-11-08T08:05:12.944+0000] {logging_mixin.py:151} INFO - [2025-11-08T08:05:12.944+0000] {dag.py:2915} INFO - Sync 1 DAGs
[2025-11-08T08:05:12.959+0000] {logging_mixin.py:151} INFO - [2025-11-08T08:05:12.959+0000] {dag.py:3696} INFO - Setting next_dagrun for dbt_transform to 2025-11-08T08:02:42.135718+00:00, run_after=2025-11-08T08:07:42.135718+00:00
[2025-11-08T08:05:12.979+0000] {processor.py:179} INFO - Processing /opt/airflow/dags/dbt_dag.py took 0.078 seconds
[2025-11-08T08:05:43.031+0000] {processor.py:157} INFO - Started process (PID=13168) to work on /opt/airflow/dags/dbt_dag.py
[2025-11-08T08:05:43.032+0000] {processor.py:829} INFO - Processing file /opt/airflow/dags/dbt_dag.py for tasks to queue
[2025-11-08T08:05:43.033+0000] {logging_mixin.py:151} INFO - [2025-11-08T08:05:43.033+0000] {dagbag.py:539} INFO - Filling up the DagBag from /opt/airflow/dags/dbt_dag.py
[2025-11-08T08:05:43.051+0000] {processor.py:839} INFO - DAG(s) dict_keys(['dbt_transform']) retrieved from /opt/airflow/dags/dbt_dag.py
[2025-11-08T08:05:43.077+0000] {logging_mixin.py:151} INFO - [2025-11-08T08:05:43.077+0000] {dag.py:2915} INFO - Sync 1 DAGs
[2025-11-08T08:05:43.093+0000] {logging_mixin.py:151} INFO - [2025-11-08T08:05:43.093+0000] {dag.py:3696} INFO - Setting next_dagrun for dbt_transform to 2025-11-08T08:02:42.135718+00:00, run_after=2025-11-08T08:07:42.135718+00:00
[2025-11-08T08:05:43.112+0000] {processor.py:179} INFO - Processing /opt/airflow/dags/dbt_dag.py took 0.083 seconds
[2025-11-08T08:06:13.183+0000] {processor.py:157} INFO - Started process (PID=13173) to work on /opt/airflow/dags/dbt_dag.py
[2025-11-08T08:06:13.184+0000] {processor.py:829} INFO - Processing file /opt/airflow/dags/dbt_dag.py for tasks to queue
[2025-11-08T08:06:13.185+0000] {logging_mixin.py:151} INFO - [2025-11-08T08:06:13.185+0000] {dagbag.py:539} INFO - Filling up the DagBag from /opt/airflow/dags/dbt_dag.py
[2025-11-08T08:06:13.201+0000] {processor.py:839} INFO - DAG(s) dict_keys(['dbt_transform']) retrieved from /opt/airflow/dags/dbt_dag.py
[2025-11-08T08:06:13.228+0000] {logging_mixin.py:151} INFO - [2025-11-08T08:06:13.227+0000] {dag.py:2915} INFO - Sync 1 DAGs
[2025-11-08T08:06:13.245+0000] {logging_mixin.py:151} INFO - [2025-11-08T08:06:13.245+0000] {dag.py:3696} INFO - Setting next_dagrun for dbt_transform to 2025-11-08T08:02:42.135718+00:00, run_after=2025-11-08T08:07:42.135718+00:00
[2025-11-08T08:06:13.269+0000] {processor.py:179} INFO - Processing /opt/airflow/dags/dbt_dag.py took 0.088 seconds
[2025-11-08T08:06:43.361+0000] {processor.py:157} INFO - Started process (PID=13180) to work on /opt/airflow/dags/dbt_dag.py
[2025-11-08T08:06:43.362+0000] {processor.py:829} INFO - Processing file /opt/airflow/dags/dbt_dag.py for tasks to queue
[2025-11-08T08:06:43.363+0000] {logging_mixin.py:151} INFO - [2025-11-08T08:06:43.362+0000] {dagbag.py:539} INFO - Filling up the DagBag from /opt/airflow/dags/dbt_dag.py
[2025-11-08T08:06:43.381+0000] {processor.py:839} INFO - DAG(s) dict_keys(['dbt_transform']) retrieved from /opt/airflow/dags/dbt_dag.py
[2025-11-08T08:06:43.405+0000] {logging_mixin.py:151} INFO - [2025-11-08T08:06:43.405+0000] {dag.py:2915} INFO - Sync 1 DAGs
[2025-11-08T08:06:43.420+0000] {logging_mixin.py:151} INFO - [2025-11-08T08:06:43.420+0000] {dag.py:3696} INFO - Setting next_dagrun for dbt_transform to 2025-11-08T08:06:26.731136+00:00, run_after=2025-11-08T08:11:26.731136+00:00
[2025-11-08T08:06:43.440+0000] {processor.py:179} INFO - Processing /opt/airflow/dags/dbt_dag.py took 0.083 seconds
[2025-11-08T08:07:13.531+0000] {processor.py:157} INFO - Started process (PID=13185) to work on /opt/airflow/dags/dbt_dag.py
[2025-11-08T08:07:13.531+0000] {processor.py:829} INFO - Processing file /opt/airflow/dags/dbt_dag.py for tasks to queue
[2025-11-08T08:07:13.532+0000] {logging_mixin.py:151} INFO - [2025-11-08T08:07:13.532+0000] {dagbag.py:539} INFO - Filling up the DagBag from /opt/airflow/dags/dbt_dag.py
[2025-11-08T08:07:13.547+0000] {processor.py:839} INFO - DAG(s) dict_keys(['dbt_transform']) retrieved from /opt/airflow/dags/dbt_dag.py
[2025-11-08T08:07:13.571+0000] {logging_mixin.py:151} INFO - [2025-11-08T08:07:13.571+0000] {dag.py:2915} INFO - Sync 1 DAGs
[2025-11-08T08:07:13.590+0000] {logging_mixin.py:151} INFO - [2025-11-08T08:07:13.590+0000] {dag.py:3696} INFO - Setting next_dagrun for dbt_transform to 2025-11-08T08:06:26.731136+00:00, run_after=2025-11-08T08:11:26.731136+00:00
[2025-11-08T08:07:13.610+0000] {processor.py:179} INFO - Processing /opt/airflow/dags/dbt_dag.py took 0.082 seconds
[2025-11-08T08:07:43.719+0000] {processor.py:157} INFO - Started process (PID=13191) to work on /opt/airflow/dags/dbt_dag.py
[2025-11-08T08:07:43.720+0000] {processor.py:829} INFO - Processing file /opt/airflow/dags/dbt_dag.py for tasks to queue
[2025-11-08T08:07:43.721+0000] {logging_mixin.py:151} INFO - [2025-11-08T08:07:43.721+0000] {dagbag.py:539} INFO - Filling up the DagBag from /opt/airflow/dags/dbt_dag.py
[2025-11-08T08:07:43.742+0000] {processor.py:839} INFO - DAG(s) dict_keys(['dbt_transform']) retrieved from /opt/airflow/dags/dbt_dag.py
[2025-11-08T08:07:43.770+0000] {logging_mixin.py:151} INFO - [2025-11-08T08:07:43.770+0000] {dag.py:2915} INFO - Sync 1 DAGs
[2025-11-08T08:07:43.787+0000] {logging_mixin.py:151} INFO - [2025-11-08T08:07:43.787+0000] {dag.py:3696} INFO - Setting next_dagrun for dbt_transform to 2025-11-08T08:06:26.731136+00:00, run_after=2025-11-08T08:11:26.731136+00:00
[2025-11-08T08:07:43.806+0000] {processor.py:179} INFO - Processing /opt/airflow/dags/dbt_dag.py took 0.090 seconds
[2025-11-08T08:08:13.887+0000] {processor.py:157} INFO - Started process (PID=13197) to work on /opt/airflow/dags/dbt_dag.py
[2025-11-08T08:08:13.888+0000] {processor.py:829} INFO - Processing file /opt/airflow/dags/dbt_dag.py for tasks to queue
[2025-11-08T08:08:13.889+0000] {logging_mixin.py:151} INFO - [2025-11-08T08:08:13.888+0000] {dagbag.py:539} INFO - Filling up the DagBag from /opt/airflow/dags/dbt_dag.py
[2025-11-08T08:08:13.909+0000] {processor.py:839} INFO - DAG(s) dict_keys(['dbt_transform']) retrieved from /opt/airflow/dags/dbt_dag.py
[2025-11-08T08:08:13.941+0000] {logging_mixin.py:151} INFO - [2025-11-08T08:08:13.941+0000] {dag.py:2915} INFO - Sync 1 DAGs
[2025-11-08T08:08:13.959+0000] {logging_mixin.py:151} INFO - [2025-11-08T08:08:13.959+0000] {dag.py:3696} INFO - Setting next_dagrun for dbt_transform to 2025-11-08T08:07:46.681728+00:00, run_after=2025-11-08T08:12:46.681728+00:00
[2025-11-08T08:08:13.982+0000] {processor.py:179} INFO - Processing /opt/airflow/dags/dbt_dag.py took 0.098 seconds
[2025-11-08T08:08:44.066+0000] {processor.py:157} INFO - Started process (PID=13210) to work on /opt/airflow/dags/dbt_dag.py
[2025-11-08T08:08:44.067+0000] {processor.py:829} INFO - Processing file /opt/airflow/dags/dbt_dag.py for tasks to queue
[2025-11-08T08:08:44.069+0000] {logging_mixin.py:151} INFO - [2025-11-08T08:08:44.068+0000] {dagbag.py:539} INFO - Filling up the DagBag from /opt/airflow/dags/dbt_dag.py
[2025-11-08T08:08:44.087+0000] {processor.py:839} INFO - DAG(s) dict_keys(['dbt_transform']) retrieved from /opt/airflow/dags/dbt_dag.py
[2025-11-08T08:08:44.123+0000] {logging_mixin.py:151} INFO - [2025-11-08T08:08:44.123+0000] {dag.py:2915} INFO - Sync 1 DAGs
[2025-11-08T08:08:44.142+0000] {logging_mixin.py:151} INFO - [2025-11-08T08:08:44.142+0000] {dag.py:3696} INFO - Setting next_dagrun for dbt_transform to 2025-11-08T08:07:46.681728+00:00, run_after=2025-11-08T08:12:46.681728+00:00
[2025-11-08T08:08:44.164+0000] {processor.py:179} INFO - Processing /opt/airflow/dags/dbt_dag.py took 0.102 seconds
[2025-11-08T08:09:14.229+0000] {processor.py:157} INFO - Started process (PID=13225) to work on /opt/airflow/dags/dbt_dag.py
[2025-11-08T08:09:14.230+0000] {processor.py:829} INFO - Processing file /opt/airflow/dags/dbt_dag.py for tasks to queue
[2025-11-08T08:09:14.231+0000] {logging_mixin.py:151} INFO - [2025-11-08T08:09:14.231+0000] {dagbag.py:539} INFO - Filling up the DagBag from /opt/airflow/dags/dbt_dag.py
[2025-11-08T08:09:14.250+0000] {processor.py:839} INFO - DAG(s) dict_keys(['dbt_transform']) retrieved from /opt/airflow/dags/dbt_dag.py
[2025-11-08T08:09:14.275+0000] {logging_mixin.py:151} INFO - [2025-11-08T08:09:14.274+0000] {dag.py:2915} INFO - Sync 1 DAGs
[2025-11-08T08:09:14.290+0000] {logging_mixin.py:151} INFO - [2025-11-08T08:09:14.290+0000] {dag.py:3696} INFO - Setting next_dagrun for dbt_transform to 2025-11-08T08:07:46.681728+00:00, run_after=2025-11-08T08:12:46.681728+00:00
[2025-11-08T08:09:14.309+0000] {processor.py:179} INFO - Processing /opt/airflow/dags/dbt_dag.py took 0.083 seconds
[2025-11-08T08:09:44.420+0000] {processor.py:157} INFO - Started process (PID=13230) to work on /opt/airflow/dags/dbt_dag.py
[2025-11-08T08:09:44.421+0000] {processor.py:829} INFO - Processing file /opt/airflow/dags/dbt_dag.py for tasks to queue
[2025-11-08T08:09:44.421+0000] {logging_mixin.py:151} INFO - [2025-11-08T08:09:44.421+0000] {dagbag.py:539} INFO - Filling up the DagBag from /opt/airflow/dags/dbt_dag.py
[2025-11-08T08:09:44.435+0000] {processor.py:839} INFO - DAG(s) dict_keys(['dbt_transform']) retrieved from /opt/airflow/dags/dbt_dag.py
[2025-11-08T08:09:44.457+0000] {logging_mixin.py:151} INFO - [2025-11-08T08:09:44.457+0000] {dag.py:2915} INFO - Sync 1 DAGs
[2025-11-08T08:09:44.475+0000] {logging_mixin.py:151} INFO - [2025-11-08T08:09:44.475+0000] {dag.py:3696} INFO - Setting next_dagrun for dbt_transform to 2025-11-08T08:07:46.681728+00:00, run_after=2025-11-08T08:12:46.681728+00:00
[2025-11-08T08:09:44.492+0000] {processor.py:179} INFO - Processing /opt/airflow/dags/dbt_dag.py took 0.074 seconds
[2025-11-08T08:10:14.592+0000] {processor.py:157} INFO - Started process (PID=13235) to work on /opt/airflow/dags/dbt_dag.py
[2025-11-08T08:10:14.593+0000] {processor.py:829} INFO - Processing file /opt/airflow/dags/dbt_dag.py for tasks to queue
[2025-11-08T08:10:14.594+0000] {logging_mixin.py:151} INFO - [2025-11-08T08:10:14.593+0000] {dagbag.py:539} INFO - Filling up the DagBag from /opt/airflow/dags/dbt_dag.py
[2025-11-08T08:10:14.615+0000] {processor.py:839} INFO - DAG(s) dict_keys(['dbt_transform']) retrieved from /opt/airflow/dags/dbt_dag.py
[2025-11-08T08:10:14.639+0000] {logging_mixin.py:151} INFO - [2025-11-08T08:10:14.639+0000] {dag.py:2915} INFO - Sync 1 DAGs
[2025-11-08T08:10:14.656+0000] {logging_mixin.py:151} INFO - [2025-11-08T08:10:14.655+0000] {dag.py:3696} INFO - Setting next_dagrun for dbt_transform to 2025-11-08T08:07:46.681728+00:00, run_after=2025-11-08T08:12:46.681728+00:00
[2025-11-08T08:10:14.674+0000] {processor.py:179} INFO - Processing /opt/airflow/dags/dbt_dag.py took 0.085 seconds
[2025-11-08T08:10:44.717+0000] {processor.py:157} INFO - Started process (PID=13240) to work on /opt/airflow/dags/dbt_dag.py
[2025-11-08T08:10:44.717+0000] {processor.py:829} INFO - Processing file /opt/airflow/dags/dbt_dag.py for tasks to queue
[2025-11-08T08:10:44.718+0000] {logging_mixin.py:151} INFO - [2025-11-08T08:10:44.718+0000] {dagbag.py:539} INFO - Filling up the DagBag from /opt/airflow/dags/dbt_dag.py
[2025-11-08T08:10:44.735+0000] {processor.py:839} INFO - DAG(s) dict_keys(['dbt_transform']) retrieved from /opt/airflow/dags/dbt_dag.py
[2025-11-08T08:10:44.759+0000] {logging_mixin.py:151} INFO - [2025-11-08T08:10:44.759+0000] {dag.py:2915} INFO - Sync 1 DAGs
[2025-11-08T08:10:44.774+0000] {logging_mixin.py:151} INFO - [2025-11-08T08:10:44.774+0000] {dag.py:3696} INFO - Setting next_dagrun for dbt_transform to 2025-11-08T08:07:46.681728+00:00, run_after=2025-11-08T08:12:46.681728+00:00
[2025-11-08T08:10:44.792+0000] {processor.py:179} INFO - Processing /opt/airflow/dags/dbt_dag.py took 0.078 seconds
[2025-11-08T08:11:14.853+0000] {processor.py:157} INFO - Started process (PID=13245) to work on /opt/airflow/dags/dbt_dag.py
[2025-11-08T08:11:14.854+0000] {processor.py:829} INFO - Processing file /opt/airflow/dags/dbt_dag.py for tasks to queue
[2025-11-08T08:11:14.855+0000] {logging_mixin.py:151} INFO - [2025-11-08T08:11:14.855+0000] {dagbag.py:539} INFO - Filling up the DagBag from /opt/airflow/dags/dbt_dag.py
[2025-11-08T08:11:14.875+0000] {processor.py:839} INFO - DAG(s) dict_keys(['dbt_transform']) retrieved from /opt/airflow/dags/dbt_dag.py
[2025-11-08T08:11:14.903+0000] {logging_mixin.py:151} INFO - [2025-11-08T08:11:14.903+0000] {dag.py:2915} INFO - Sync 1 DAGs
[2025-11-08T08:11:14.920+0000] {logging_mixin.py:151} INFO - [2025-11-08T08:11:14.920+0000] {dag.py:3696} INFO - Setting next_dagrun for dbt_transform to 2025-11-08T08:07:46.681728+00:00, run_after=2025-11-08T08:12:46.681728+00:00
[2025-11-08T08:11:14.939+0000] {processor.py:179} INFO - Processing /opt/airflow/dags/dbt_dag.py took 0.089 seconds
[2025-11-08T08:11:45.033+0000] {processor.py:157} INFO - Started process (PID=13253) to work on /opt/airflow/dags/dbt_dag.py
[2025-11-08T08:11:45.035+0000] {processor.py:829} INFO - Processing file /opt/airflow/dags/dbt_dag.py for tasks to queue
[2025-11-08T08:11:45.037+0000] {logging_mixin.py:151} INFO - [2025-11-08T08:11:45.037+0000] {dagbag.py:539} INFO - Filling up the DagBag from /opt/airflow/dags/dbt_dag.py
[2025-11-08T08:11:45.065+0000] {processor.py:839} INFO - DAG(s) dict_keys(['dbt_transform']) retrieved from /opt/airflow/dags/dbt_dag.py
[2025-11-08T08:11:45.096+0000] {logging_mixin.py:151} INFO - [2025-11-08T08:11:45.096+0000] {dag.py:2915} INFO - Sync 1 DAGs
[2025-11-08T08:11:45.114+0000] {logging_mixin.py:151} INFO - [2025-11-08T08:11:45.114+0000] {dag.py:3696} INFO - Setting next_dagrun for dbt_transform to 2025-11-08T08:11:30.310058+00:00, run_after=2025-11-08T08:16:30.310058+00:00
[2025-11-08T08:11:45.132+0000] {processor.py:179} INFO - Processing /opt/airflow/dags/dbt_dag.py took 0.104 seconds
[2025-11-08T08:12:15.238+0000] {processor.py:157} INFO - Started process (PID=13268) to work on /opt/airflow/dags/dbt_dag.py
[2025-11-08T08:12:15.239+0000] {processor.py:829} INFO - Processing file /opt/airflow/dags/dbt_dag.py for tasks to queue
[2025-11-08T08:12:15.240+0000] {logging_mixin.py:151} INFO - [2025-11-08T08:12:15.239+0000] {dagbag.py:539} INFO - Filling up the DagBag from /opt/airflow/dags/dbt_dag.py
[2025-11-08T08:12:15.259+0000] {processor.py:839} INFO - DAG(s) dict_keys(['dbt_transform']) retrieved from /opt/airflow/dags/dbt_dag.py
[2025-11-08T08:12:15.288+0000] {logging_mixin.py:151} INFO - [2025-11-08T08:12:15.288+0000] {dag.py:2915} INFO - Sync 1 DAGs
[2025-11-08T08:12:15.305+0000] {logging_mixin.py:151} INFO - [2025-11-08T08:12:15.305+0000] {dag.py:3696} INFO - Setting next_dagrun for dbt_transform to 2025-11-08T08:11:30.310058+00:00, run_after=2025-11-08T08:16:30.310058+00:00
[2025-11-08T08:12:15.329+0000] {processor.py:179} INFO - Processing /opt/airflow/dags/dbt_dag.py took 0.094 seconds
[2025-11-08T08:12:45.384+0000] {processor.py:157} INFO - Started process (PID=13273) to work on /opt/airflow/dags/dbt_dag.py
[2025-11-08T08:12:45.385+0000] {processor.py:829} INFO - Processing file /opt/airflow/dags/dbt_dag.py for tasks to queue
[2025-11-08T08:12:45.386+0000] {logging_mixin.py:151} INFO - [2025-11-08T08:12:45.386+0000] {dagbag.py:539} INFO - Filling up the DagBag from /opt/airflow/dags/dbt_dag.py
[2025-11-08T08:12:45.409+0000] {processor.py:839} INFO - DAG(s) dict_keys(['dbt_transform']) retrieved from /opt/airflow/dags/dbt_dag.py
[2025-11-08T08:12:45.436+0000] {logging_mixin.py:151} INFO - [2025-11-08T08:12:45.436+0000] {dag.py:2915} INFO - Sync 1 DAGs
[2025-11-08T08:12:45.454+0000] {logging_mixin.py:151} INFO - [2025-11-08T08:12:45.454+0000] {dag.py:3696} INFO - Setting next_dagrun for dbt_transform to 2025-11-08T08:11:30.310058+00:00, run_after=2025-11-08T08:16:30.310058+00:00
[2025-11-08T08:12:45.471+0000] {processor.py:179} INFO - Processing /opt/airflow/dags/dbt_dag.py took 0.090 seconds
[2025-11-08T08:12:55.768+0000] {processor.py:157} INFO - Started process (PID=171) to work on /opt/airflow/dags/dbt_dag.py
[2025-11-08T08:12:55.769+0000] {processor.py:829} INFO - Processing file /opt/airflow/dags/dbt_dag.py for tasks to queue
[2025-11-08T08:12:55.771+0000] {logging_mixin.py:151} INFO - [2025-11-08T08:12:55.770+0000] {dagbag.py:539} INFO - Filling up the DagBag from /opt/airflow/dags/dbt_dag.py
[2025-11-08T08:12:55.796+0000] {processor.py:839} INFO - DAG(s) dict_keys(['dbt_transform']) retrieved from /opt/airflow/dags/dbt_dag.py
[2025-11-08T08:12:55.821+0000] {logging_mixin.py:151} INFO - [2025-11-08T08:12:55.821+0000] {dag.py:2915} INFO - Sync 1 DAGs
[2025-11-08T08:12:55.984+0000] {logging_mixin.py:151} INFO - [2025-11-08T08:12:55.984+0000] {dag.py:3696} INFO - Setting next_dagrun for dbt_transform to 2025-11-08T08:11:30.310058+00:00, run_after=2025-11-08T08:16:30.310058+00:00
[2025-11-08T08:12:56.008+0000] {processor.py:179} INFO - Processing /opt/airflow/dags/dbt_dag.py took 0.242 seconds
[2025-11-08T08:13:26.113+0000] {processor.py:157} INFO - Started process (PID=179) to work on /opt/airflow/dags/dbt_dag.py
[2025-11-08T08:13:26.114+0000] {processor.py:829} INFO - Processing file /opt/airflow/dags/dbt_dag.py for tasks to queue
[2025-11-08T08:13:26.115+0000] {logging_mixin.py:151} INFO - [2025-11-08T08:13:26.115+0000] {dagbag.py:539} INFO - Filling up the DagBag from /opt/airflow/dags/dbt_dag.py
[2025-11-08T08:13:26.136+0000] {processor.py:839} INFO - DAG(s) dict_keys(['dbt_transform']) retrieved from /opt/airflow/dags/dbt_dag.py
[2025-11-08T08:13:26.161+0000] {logging_mixin.py:151} INFO - [2025-11-08T08:13:26.160+0000] {dag.py:2915} INFO - Sync 1 DAGs
[2025-11-08T08:13:26.071+0000] {logging_mixin.py:151} INFO - [2025-11-08T08:13:26.071+0000] {dag.py:3696} INFO - Setting next_dagrun for dbt_transform to 2025-11-08T08:12:59.087764+00:00, run_after=2025-11-08T08:17:59.087764+00:00
[2025-11-08T08:13:26.089+0000] {processor.py:179} INFO - Processing /opt/airflow/dags/dbt_dag.py took 0.088 seconds
[2025-11-08T08:13:56.204+0000] {processor.py:157} INFO - Started process (PID=184) to work on /opt/airflow/dags/dbt_dag.py
[2025-11-08T08:13:56.207+0000] {processor.py:829} INFO - Processing file /opt/airflow/dags/dbt_dag.py for tasks to queue
[2025-11-08T08:13:56.209+0000] {logging_mixin.py:151} INFO - [2025-11-08T08:13:56.209+0000] {dagbag.py:539} INFO - Filling up the DagBag from /opt/airflow/dags/dbt_dag.py
[2025-11-08T08:13:56.255+0000] {processor.py:839} INFO - DAG(s) dict_keys(['dbt_transform']) retrieved from /opt/airflow/dags/dbt_dag.py
[2025-11-08T08:13:56.285+0000] {logging_mixin.py:151} INFO - [2025-11-08T08:13:56.285+0000] {dag.py:2915} INFO - Sync 1 DAGs
[2025-11-08T08:13:56.311+0000] {logging_mixin.py:151} INFO - [2025-11-08T08:13:56.311+0000] {dag.py:3696} INFO - Setting next_dagrun for dbt_transform to 2025-11-08T08:12:59.087764+00:00, run_after=2025-11-08T08:17:59.087764+00:00
[2025-11-08T08:13:56.462+0000] {processor.py:179} INFO - Processing /opt/airflow/dags/dbt_dag.py took 0.262 seconds
[2025-11-08T08:14:26.614+0000] {processor.py:157} INFO - Started process (PID=189) to work on /opt/airflow/dags/dbt_dag.py
[2025-11-08T08:14:26.615+0000] {processor.py:829} INFO - Processing file /opt/airflow/dags/dbt_dag.py for tasks to queue
[2025-11-08T08:14:26.616+0000] {logging_mixin.py:151} INFO - [2025-11-08T08:14:26.616+0000] {dagbag.py:539} INFO - Filling up the DagBag from /opt/airflow/dags/dbt_dag.py
[2025-11-08T08:14:26.646+0000] {processor.py:839} INFO - DAG(s) dict_keys(['dbt_transform']) retrieved from /opt/airflow/dags/dbt_dag.py
[2025-11-08T08:14:26.684+0000] {logging_mixin.py:151} INFO - [2025-11-08T08:14:26.683+0000] {dag.py:2915} INFO - Sync 1 DAGs
[2025-11-08T08:14:26.857+0000] {logging_mixin.py:151} INFO - [2025-11-08T08:14:26.857+0000] {dag.py:3696} INFO - Setting next_dagrun for dbt_transform to 2025-11-08T08:12:59.087764+00:00, run_after=2025-11-08T08:17:59.087764+00:00
[2025-11-08T08:14:26.883+0000] {processor.py:179} INFO - Processing /opt/airflow/dags/dbt_dag.py took 0.273 seconds
[2025-11-08T08:14:37.640+0000] {processor.py:157} INFO - Started process (PID=171) to work on /opt/airflow/dags/dbt_dag.py
[2025-11-08T08:14:37.641+0000] {processor.py:829} INFO - Processing file /opt/airflow/dags/dbt_dag.py for tasks to queue
[2025-11-08T08:14:37.642+0000] {logging_mixin.py:151} INFO - [2025-11-08T08:14:37.642+0000] {dagbag.py:539} INFO - Filling up the DagBag from /opt/airflow/dags/dbt_dag.py
[2025-11-08T08:14:37.665+0000] {processor.py:839} INFO - DAG(s) dict_keys(['dbt_transform']) retrieved from /opt/airflow/dags/dbt_dag.py
[2025-11-08T08:14:37.686+0000] {logging_mixin.py:151} INFO - [2025-11-08T08:14:37.686+0000] {dag.py:2915} INFO - Sync 1 DAGs
[2025-11-08T08:14:37.715+0000] {logging_mixin.py:151} INFO - [2025-11-08T08:14:37.714+0000] {dag.py:3696} INFO - Setting next_dagrun for dbt_transform to 2025-11-08T08:12:59.087764+00:00, run_after=2025-11-08T08:17:59.087764+00:00
[2025-11-08T08:14:37.736+0000] {processor.py:179} INFO - Processing /opt/airflow/dags/dbt_dag.py took 0.099 seconds
[2025-11-08T08:15:07.814+0000] {processor.py:157} INFO - Started process (PID=177) to work on /opt/airflow/dags/dbt_dag.py
[2025-11-08T08:15:07.815+0000] {processor.py:829} INFO - Processing file /opt/airflow/dags/dbt_dag.py for tasks to queue
[2025-11-08T08:15:07.816+0000] {logging_mixin.py:151} INFO - [2025-11-08T08:15:07.816+0000] {dagbag.py:539} INFO - Filling up the DagBag from /opt/airflow/dags/dbt_dag.py
[2025-11-08T08:15:07.843+0000] {processor.py:839} INFO - DAG(s) dict_keys(['dbt_transform']) retrieved from /opt/airflow/dags/dbt_dag.py
[2025-11-08T08:15:08.046+0000] {logging_mixin.py:151} INFO - [2025-11-08T08:15:08.046+0000] {security.py:708} INFO - Not syncing DAG-level permissions for DAG 'DAG:dbt_transform' as access control is unset.
[2025-11-08T08:15:08.047+0000] {logging_mixin.py:151} INFO - [2025-11-08T08:15:08.047+0000] {dag.py:2915} INFO - Sync 1 DAGs
[2025-11-08T08:15:08.055+0000] {logging_mixin.py:151} INFO - [2025-11-08T08:15:08.055+0000] {dag.py:2937} INFO - Creating ORM DAG for dbt_transform
[2025-11-08T08:15:08.063+0000] {logging_mixin.py:151} INFO - [2025-11-08T08:15:08.063+0000] {dag.py:3696} INFO - Setting next_dagrun for dbt_transform to 2025-11-08T08:10:08.063325+00:00, run_after=2025-11-08T08:15:08.063325+00:00
[2025-11-08T08:15:08.085+0000] {processor.py:179} INFO - Processing /opt/airflow/dags/dbt_dag.py took 0.276 seconds
[2025-11-08T08:15:38.211+0000] {processor.py:157} INFO - Started process (PID=184) to work on /opt/airflow/dags/dbt_dag.py
[2025-11-08T08:15:38.212+0000] {processor.py:829} INFO - Processing file /opt/airflow/dags/dbt_dag.py for tasks to queue
[2025-11-08T08:15:38.214+0000] {logging_mixin.py:151} INFO - [2025-11-08T08:15:38.213+0000] {dagbag.py:539} INFO - Filling up the DagBag from /opt/airflow/dags/dbt_dag.py
[2025-11-08T08:15:38.236+0000] {processor.py:839} INFO - DAG(s) dict_keys(['dbt_transform']) retrieved from /opt/airflow/dags/dbt_dag.py
[2025-11-08T08:15:38.262+0000] {logging_mixin.py:151} INFO - [2025-11-08T08:15:38.262+0000] {dag.py:2915} INFO - Sync 1 DAGs
[2025-11-08T08:15:38.282+0000] {logging_mixin.py:151} INFO - [2025-11-08T08:15:38.282+0000] {dag.py:3696} INFO - Setting next_dagrun for dbt_transform to 2025-11-08T08:15:08.063325+00:00, run_after=2025-11-08T08:20:08.063325+00:00
[2025-11-08T08:15:38.409+0000] {processor.py:179} INFO - Processing /opt/airflow/dags/dbt_dag.py took 0.202 seconds
[2025-11-08T08:16:08.564+0000] {processor.py:157} INFO - Started process (PID=189) to work on /opt/airflow/dags/dbt_dag.py
[2025-11-08T08:16:08.565+0000] {processor.py:829} INFO - Processing file /opt/airflow/dags/dbt_dag.py for tasks to queue
[2025-11-08T08:16:08.566+0000] {logging_mixin.py:151} INFO - [2025-11-08T08:16:08.566+0000] {dagbag.py:539} INFO - Filling up the DagBag from /opt/airflow/dags/dbt_dag.py
[2025-11-08T08:16:08.590+0000] {processor.py:839} INFO - DAG(s) dict_keys(['dbt_transform']) retrieved from /opt/airflow/dags/dbt_dag.py
[2025-11-08T08:16:08.620+0000] {logging_mixin.py:151} INFO - [2025-11-08T08:16:08.620+0000] {dag.py:2915} INFO - Sync 1 DAGs
[2025-11-08T08:16:08.740+0000] {logging_mixin.py:151} INFO - [2025-11-08T08:16:08.740+0000] {dag.py:3696} INFO - Setting next_dagrun for dbt_transform to 2025-11-08T08:15:08.063325+00:00, run_after=2025-11-08T08:20:08.063325+00:00
[2025-11-08T08:16:08.757+0000] {processor.py:179} INFO - Processing /opt/airflow/dags/dbt_dag.py took 0.197 seconds
[2025-11-08T08:16:38.896+0000] {processor.py:157} INFO - Started process (PID=194) to work on /opt/airflow/dags/dbt_dag.py
[2025-11-08T08:16:38.897+0000] {processor.py:829} INFO - Processing file /opt/airflow/dags/dbt_dag.py for tasks to queue
[2025-11-08T08:16:38.899+0000] {logging_mixin.py:151} INFO - [2025-11-08T08:16:38.899+0000] {dagbag.py:539} INFO - Filling up the DagBag from /opt/airflow/dags/dbt_dag.py
[2025-11-08T08:16:38.920+0000] {processor.py:839} INFO - DAG(s) dict_keys(['dbt_transform']) retrieved from /opt/airflow/dags/dbt_dag.py
[2025-11-08T08:16:38.945+0000] {logging_mixin.py:151} INFO - [2025-11-08T08:16:38.945+0000] {dag.py:2915} INFO - Sync 1 DAGs
[2025-11-08T08:16:39.065+0000] {logging_mixin.py:151} INFO - [2025-11-08T08:16:39.064+0000] {dag.py:3696} INFO - Setting next_dagrun for dbt_transform to 2025-11-08T08:15:08.063325+00:00, run_after=2025-11-08T08:20:08.063325+00:00
[2025-11-08T08:16:39.079+0000] {processor.py:179} INFO - Processing /opt/airflow/dags/dbt_dag.py took 0.187 seconds
[2025-11-08T08:17:09.218+0000] {processor.py:157} INFO - Started process (PID=207) to work on /opt/airflow/dags/dbt_dag.py
[2025-11-08T08:17:09.219+0000] {processor.py:829} INFO - Processing file /opt/airflow/dags/dbt_dag.py for tasks to queue
[2025-11-08T08:17:09.221+0000] {logging_mixin.py:151} INFO - [2025-11-08T08:17:09.220+0000] {dagbag.py:539} INFO - Filling up the DagBag from /opt/airflow/dags/dbt_dag.py
[2025-11-08T08:17:09.250+0000] {processor.py:839} INFO - DAG(s) dict_keys(['dbt_transform']) retrieved from /opt/airflow/dags/dbt_dag.py
[2025-11-08T08:17:09.376+0000] {logging_mixin.py:151} INFO - [2025-11-08T08:17:09.376+0000] {dag.py:2915} INFO - Sync 1 DAGs
[2025-11-08T08:17:09.392+0000] {logging_mixin.py:151} INFO - [2025-11-08T08:17:09.392+0000] {dag.py:3696} INFO - Setting next_dagrun for dbt_transform to 2025-11-08T08:15:08.063325+00:00, run_after=2025-11-08T08:20:08.063325+00:00
[2025-11-08T08:17:09.407+0000] {processor.py:179} INFO - Processing /opt/airflow/dags/dbt_dag.py took 0.193 seconds
[2025-11-08T08:17:40.198+0000] {processor.py:157} INFO - Started process (PID=212) to work on /opt/airflow/dags/dbt_dag.py
[2025-11-08T08:17:40.199+0000] {processor.py:829} INFO - Processing file /opt/airflow/dags/dbt_dag.py for tasks to queue
[2025-11-08T08:17:40.200+0000] {logging_mixin.py:151} INFO - [2025-11-08T08:17:40.199+0000] {dagbag.py:539} INFO - Filling up the DagBag from /opt/airflow/dags/dbt_dag.py
[2025-11-08T08:17:40.322+0000] {processor.py:839} INFO - DAG(s) dict_keys(['dbt_transform']) retrieved from /opt/airflow/dags/dbt_dag.py
[2025-11-08T08:17:40.340+0000] {logging_mixin.py:151} INFO - [2025-11-08T08:17:40.340+0000] {dag.py:2915} INFO - Sync 1 DAGs
[2025-11-08T08:17:40.355+0000] {logging_mixin.py:151} INFO - [2025-11-08T08:17:40.355+0000] {dag.py:3696} INFO - Setting next_dagrun for dbt_transform to 2025-11-08T08:15:08.063325+00:00, run_after=2025-11-08T08:20:08.063325+00:00
[2025-11-08T08:17:40.371+0000] {processor.py:179} INFO - Processing /opt/airflow/dags/dbt_dag.py took 0.177 seconds
[2025-11-08T08:18:10.962+0000] {processor.py:157} INFO - Started process (PID=217) to work on /opt/airflow/dags/dbt_dag.py
[2025-11-08T08:18:10.963+0000] {processor.py:829} INFO - Processing file /opt/airflow/dags/dbt_dag.py for tasks to queue
[2025-11-08T08:18:10.964+0000] {logging_mixin.py:151} INFO - [2025-11-08T08:18:10.963+0000] {dagbag.py:539} INFO - Filling up the DagBag from /opt/airflow/dags/dbt_dag.py
[2025-11-08T08:18:10.987+0000] {processor.py:839} INFO - DAG(s) dict_keys(['dbt_transform']) retrieved from /opt/airflow/dags/dbt_dag.py
[2025-11-08T08:18:11.015+0000] {logging_mixin.py:151} INFO - [2025-11-08T08:18:11.014+0000] {dag.py:2915} INFO - Sync 1 DAGs
[2025-11-08T08:18:11.044+0000] {logging_mixin.py:151} INFO - [2025-11-08T08:18:11.044+0000] {dag.py:3696} INFO - Setting next_dagrun for dbt_transform to 2025-11-08T08:15:08.063325+00:00, run_after=2025-11-08T08:20:08.063325+00:00
[2025-11-08T08:18:11.060+0000] {processor.py:179} INFO - Processing /opt/airflow/dags/dbt_dag.py took 0.102 seconds
[2025-11-08T08:18:41.445+0000] {processor.py:157} INFO - Started process (PID=222) to work on /opt/airflow/dags/dbt_dag.py
[2025-11-08T08:18:41.447+0000] {processor.py:829} INFO - Processing file /opt/airflow/dags/dbt_dag.py for tasks to queue
[2025-11-08T08:18:41.449+0000] {logging_mixin.py:151} INFO - [2025-11-08T08:18:41.448+0000] {dagbag.py:539} INFO - Filling up the DagBag from /opt/airflow/dags/dbt_dag.py
[2025-11-08T08:18:41.477+0000] {processor.py:839} INFO - DAG(s) dict_keys(['dbt_transform']) retrieved from /opt/airflow/dags/dbt_dag.py
[2025-11-08T08:18:41.510+0000] {logging_mixin.py:151} INFO - [2025-11-08T08:18:41.510+0000] {dag.py:2915} INFO - Sync 1 DAGs
[2025-11-08T08:18:41.542+0000] {logging_mixin.py:151} INFO - [2025-11-08T08:18:41.542+0000] {dag.py:3696} INFO - Setting next_dagrun for dbt_transform to 2025-11-08T08:15:08.063325+00:00, run_after=2025-11-08T08:20:08.063325+00:00
[2025-11-08T08:18:41.564+0000] {processor.py:179} INFO - Processing /opt/airflow/dags/dbt_dag.py took 0.123 seconds
[2025-11-08T08:19:54.555+0000] {processor.py:157} INFO - Started process (PID=172) to work on /opt/airflow/dags/dbt_dag.py
[2025-11-08T08:19:54.556+0000] {processor.py:829} INFO - Processing file /opt/airflow/dags/dbt_dag.py for tasks to queue
[2025-11-08T08:19:54.557+0000] {logging_mixin.py:151} INFO - [2025-11-08T08:19:54.556+0000] {dagbag.py:539} INFO - Filling up the DagBag from /opt/airflow/dags/dbt_dag.py
[2025-11-08T08:19:54.587+0000] {processor.py:839} INFO - DAG(s) dict_keys(['dbt_transform']) retrieved from /opt/airflow/dags/dbt_dag.py
[2025-11-08T08:19:54.885+0000] {logging_mixin.py:151} INFO - [2025-11-08T08:19:54.884+0000] {manager.py:499} INFO - Created Permission View: %s
[2025-11-08T08:19:54.890+0000] {logging_mixin.py:151} INFO - [2025-11-08T08:19:54.890+0000] {manager.py:499} INFO - Created Permission View: %s
[2025-11-08T08:19:54.896+0000] {logging_mixin.py:151} INFO - [2025-11-08T08:19:54.896+0000] {manager.py:499} INFO - Created Permission View: %s
[2025-11-08T08:19:54.896+0000] {logging_mixin.py:151} INFO - [2025-11-08T08:19:54.896+0000] {security.py:708} INFO - Not syncing DAG-level permissions for DAG 'DAG:dbt_transform' as access control is unset.
[2025-11-08T08:19:54.897+0000] {logging_mixin.py:151} INFO - [2025-11-08T08:19:54.897+0000] {dag.py:2915} INFO - Sync 1 DAGs
[2025-11-08T08:19:54.906+0000] {logging_mixin.py:151} INFO - [2025-11-08T08:19:54.905+0000] {dag.py:2937} INFO - Creating ORM DAG for dbt_transform
[2025-11-08T08:19:54.913+0000] {logging_mixin.py:151} INFO - [2025-11-08T08:19:54.913+0000] {dag.py:3696} INFO - Setting next_dagrun for dbt_transform to 2025-11-08T08:14:54.913348+00:00, run_after=2025-11-08T08:19:54.913348+00:00
[2025-11-08T08:19:54.933+0000] {processor.py:179} INFO - Processing /opt/airflow/dags/dbt_dag.py took 0.381 seconds
[2025-11-08T08:20:25.142+0000] {processor.py:157} INFO - Started process (PID=177) to work on /opt/airflow/dags/dbt_dag.py
[2025-11-08T08:20:25.143+0000] {processor.py:829} INFO - Processing file /opt/airflow/dags/dbt_dag.py for tasks to queue
[2025-11-08T08:20:25.144+0000] {logging_mixin.py:151} INFO - [2025-11-08T08:20:25.144+0000] {dagbag.py:539} INFO - Filling up the DagBag from /opt/airflow/dags/dbt_dag.py
[2025-11-08T08:20:25.168+0000] {processor.py:839} INFO - DAG(s) dict_keys(['dbt_transform']) retrieved from /opt/airflow/dags/dbt_dag.py
[2025-11-08T08:20:25.321+0000] {logging_mixin.py:151} INFO - [2025-11-08T08:20:25.321+0000] {dag.py:2915} INFO - Sync 1 DAGs
[2025-11-08T08:20:25.335+0000] {logging_mixin.py:151} INFO - [2025-11-08T08:20:25.335+0000] {dag.py:3696} INFO - Setting next_dagrun for dbt_transform to 2025-11-08T08:15:25.334856+00:00, run_after=2025-11-08T08:20:25.334856+00:00
[2025-11-08T08:20:25.355+0000] {processor.py:179} INFO - Processing /opt/airflow/dags/dbt_dag.py took 0.216 seconds
[2025-11-08T08:20:55.433+0000] {processor.py:157} INFO - Started process (PID=182) to work on /opt/airflow/dags/dbt_dag.py
[2025-11-08T08:20:55.434+0000] {processor.py:829} INFO - Processing file /opt/airflow/dags/dbt_dag.py for tasks to queue
[2025-11-08T08:20:55.435+0000] {logging_mixin.py:151} INFO - [2025-11-08T08:20:55.435+0000] {dagbag.py:539} INFO - Filling up the DagBag from /opt/airflow/dags/dbt_dag.py
[2025-11-08T08:20:55.561+0000] {processor.py:839} INFO - DAG(s) dict_keys(['dbt_transform']) retrieved from /opt/airflow/dags/dbt_dag.py
[2025-11-08T08:20:55.584+0000] {logging_mixin.py:151} INFO - [2025-11-08T08:20:55.584+0000] {dag.py:2915} INFO - Sync 1 DAGs
[2025-11-08T08:20:55.601+0000] {logging_mixin.py:151} INFO - [2025-11-08T08:20:55.601+0000] {dag.py:3696} INFO - Setting next_dagrun for dbt_transform to 2025-11-08T08:15:55.601313+00:00, run_after=2025-11-08T08:20:55.601313+00:00
[2025-11-08T08:20:55.626+0000] {processor.py:179} INFO - Processing /opt/airflow/dags/dbt_dag.py took 0.195 seconds
[2025-11-08T08:21:25.700+0000] {processor.py:157} INFO - Started process (PID=187) to work on /opt/airflow/dags/dbt_dag.py
[2025-11-08T08:21:25.700+0000] {processor.py:829} INFO - Processing file /opt/airflow/dags/dbt_dag.py for tasks to queue
[2025-11-08T08:21:25.701+0000] {logging_mixin.py:151} INFO - [2025-11-08T08:21:25.701+0000] {dagbag.py:539} INFO - Filling up the DagBag from /opt/airflow/dags/dbt_dag.py
[2025-11-08T08:21:25.719+0000] {processor.py:839} INFO - DAG(s) dict_keys(['dbt_transform']) retrieved from /opt/airflow/dags/dbt_dag.py
[2025-11-08T08:21:25.743+0000] {logging_mixin.py:151} INFO - [2025-11-08T08:21:25.743+0000] {dag.py:2915} INFO - Sync 1 DAGs
[2025-11-08T08:21:25.759+0000] {logging_mixin.py:151} INFO - [2025-11-08T08:21:25.759+0000] {dag.py:3696} INFO - Setting next_dagrun for dbt_transform to 2025-11-08T08:16:25.758812+00:00, run_after=2025-11-08T08:21:25.758812+00:00
[2025-11-08T08:21:25.777+0000] {processor.py:179} INFO - Processing /opt/airflow/dags/dbt_dag.py took 0.080 seconds
[2025-11-08T08:21:55.876+0000] {processor.py:157} INFO - Started process (PID=192) to work on /opt/airflow/dags/dbt_dag.py
[2025-11-08T08:21:55.877+0000] {processor.py:829} INFO - Processing file /opt/airflow/dags/dbt_dag.py for tasks to queue
[2025-11-08T08:21:55.878+0000] {logging_mixin.py:151} INFO - [2025-11-08T08:21:55.877+0000] {dagbag.py:539} INFO - Filling up the DagBag from /opt/airflow/dags/dbt_dag.py
[2025-11-08T08:21:55.906+0000] {processor.py:839} INFO - DAG(s) dict_keys(['dbt_transform']) retrieved from /opt/airflow/dags/dbt_dag.py
[2025-11-08T08:21:55.935+0000] {logging_mixin.py:151} INFO - [2025-11-08T08:21:55.935+0000] {dag.py:2915} INFO - Sync 1 DAGs
[2025-11-08T08:21:55.956+0000] {logging_mixin.py:151} INFO - [2025-11-08T08:21:55.956+0000] {dag.py:3696} INFO - Setting next_dagrun for dbt_transform to 2025-11-08T08:16:55.956326+00:00, run_after=2025-11-08T08:21:55.956326+00:00
[2025-11-08T08:21:55.978+0000] {processor.py:179} INFO - Processing /opt/airflow/dags/dbt_dag.py took 0.105 seconds
[2025-11-08T08:22:26.079+0000] {processor.py:157} INFO - Started process (PID=197) to work on /opt/airflow/dags/dbt_dag.py
[2025-11-08T08:22:26.080+0000] {processor.py:829} INFO - Processing file /opt/airflow/dags/dbt_dag.py for tasks to queue
[2025-11-08T08:22:26.081+0000] {logging_mixin.py:151} INFO - [2025-11-08T08:22:26.081+0000] {dagbag.py:539} INFO - Filling up the DagBag from /opt/airflow/dags/dbt_dag.py
[2025-11-08T08:22:26.111+0000] {processor.py:839} INFO - DAG(s) dict_keys(['dbt_transform']) retrieved from /opt/airflow/dags/dbt_dag.py
[2025-11-08T08:22:26.143+0000] {logging_mixin.py:151} INFO - [2025-11-08T08:22:26.143+0000] {dag.py:2915} INFO - Sync 1 DAGs
[2025-11-08T08:22:26.164+0000] {logging_mixin.py:151} INFO - [2025-11-08T08:22:26.164+0000] {dag.py:3696} INFO - Setting next_dagrun for dbt_transform to 2025-11-08T08:17:26.164369+00:00, run_after=2025-11-08T08:22:26.164369+00:00
[2025-11-08T08:22:26.188+0000] {processor.py:179} INFO - Processing /opt/airflow/dags/dbt_dag.py took 0.112 seconds
[2025-11-08T08:22:56.232+0000] {processor.py:157} INFO - Started process (PID=202) to work on /opt/airflow/dags/dbt_dag.py
[2025-11-08T08:22:56.233+0000] {processor.py:829} INFO - Processing file /opt/airflow/dags/dbt_dag.py for tasks to queue
[2025-11-08T08:22:56.234+0000] {logging_mixin.py:151} INFO - [2025-11-08T08:22:56.234+0000] {dagbag.py:539} INFO - Filling up the DagBag from /opt/airflow/dags/dbt_dag.py
[2025-11-08T08:22:56.259+0000] {processor.py:839} INFO - DAG(s) dict_keys(['dbt_transform']) retrieved from /opt/airflow/dags/dbt_dag.py
[2025-11-08T08:22:56.290+0000] {logging_mixin.py:151} INFO - [2025-11-08T08:22:56.290+0000] {dag.py:2915} INFO - Sync 1 DAGs
[2025-11-08T08:22:56.311+0000] {logging_mixin.py:151} INFO - [2025-11-08T08:22:56.310+0000] {dag.py:3696} INFO - Setting next_dagrun for dbt_transform to 2025-11-08T08:17:56.310787+00:00, run_after=2025-11-08T08:22:56.310787+00:00
[2025-11-08T08:22:56.337+0000] {processor.py:179} INFO - Processing /opt/airflow/dags/dbt_dag.py took 0.109 seconds
[2025-11-08T08:23:26.448+0000] {processor.py:157} INFO - Started process (PID=207) to work on /opt/airflow/dags/dbt_dag.py
[2025-11-08T08:23:26.450+0000] {processor.py:829} INFO - Processing file /opt/airflow/dags/dbt_dag.py for tasks to queue
[2025-11-08T08:23:26.451+0000] {logging_mixin.py:151} INFO - [2025-11-08T08:23:26.450+0000] {dagbag.py:539} INFO - Filling up the DagBag from /opt/airflow/dags/dbt_dag.py
[2025-11-08T08:23:26.474+0000] {processor.py:839} INFO - DAG(s) dict_keys(['dbt_transform']) retrieved from /opt/airflow/dags/dbt_dag.py
[2025-11-08T08:23:26.501+0000] {logging_mixin.py:151} INFO - [2025-11-08T08:23:26.501+0000] {dag.py:2915} INFO - Sync 1 DAGs
[2025-11-08T08:23:26.520+0000] {logging_mixin.py:151} INFO - [2025-11-08T08:23:26.520+0000] {dag.py:3696} INFO - Setting next_dagrun for dbt_transform to 2025-11-08T08:18:26.519979+00:00, run_after=2025-11-08T08:23:26.519979+00:00
[2025-11-08T08:23:26.543+0000] {processor.py:179} INFO - Processing /opt/airflow/dags/dbt_dag.py took 0.099 seconds
